level,sigma,k,n,chunk,pred,lin,lin_clip,chunk_lin,floor,dev,rho,rho_clip,rho_total,rel
worlds/l/grasp_easy.json,0.05,1,988,0.14523127675056458,0.00533022778108716,0.0015361625701189041,0.0015361625701189041,0.13889244198799133,0.14307107031345367,0.16592584550380707,0.7118017028147366,0.7118017028147366,0.9894226463852048,0.03670165201564572
worlds/l/grasp_easy.json,0.05,2,964,0.2955855429172516,0.014752759598195553,0.004903449211269617,0.004903449211269617,0.28818008303642273,0.2958008050918579,0.2414865791797638,0.6676249498521367,0.6676249498521367,0.9834110654977387,0.04991028807632026
worlds/l/grasp_easy.json,0.05,3,948,0.2778111696243286,0.04109225422143936,0.01886393129825592,0.01886393129825592,0.24893414974212646,0.25227463245391846,0.29091447591781616,0.540937053572157,0.540937053572157,0.9320980098684846,0.14791433431926637
worlds/l/grasp_easy.json,0.05,4,913,0.2816627323627472,0.018230555579066277,0.008019612170755863,0.008019612170755863,0.27278292179107666,0.2721070349216461,0.3713459372520447,0.5601005062092239,0.5601005062092239,0.9715276064267261,0.0647247700330747
worlds/l/grasp_easy.json,0.05,5,888,0.2371269315481186,0.028902769088745117,0.015094026923179626,0.015094026923179626,0.2255813032388687,0.23030540347099304,0.39526861906051636,0.4777653699258416,0.4777653699258416,0.936346214136724,0.12188733224037047
worlds/l/grasp_easy.json,0.05,6,860,0.35338354110717773,0.04797809198498726,0.03514177352190018,0.02806372381746769,0.31535762548446655,0.3537391126155853,0.48155924677848816,0.2675454135838431,0.4150721161181429,0.9005562811108907,0.13576776053199371
worlds/l/grasp_easy.json,0.05,7,826,0.4250745475292206,0.1167631521821022,0.0835588276386261,0.07976463437080383,0.40137577056884766,0.477100133895874,0.5329808592796326,0.2843733140373865,0.3168680968255807,0.8034254741331411,0.27468864664044756
worlds/l/grasp_easy.json,0.1,1,988,0.15292055904865265,0.012329185381531715,0.0027301954105496407,0.0027301954105496407,0.13868051767349243,0.14307107031345367,0.30363112688064575,0.7785583291951074,0.7785583291951074,0.982146315527914,0.08062477313864061
worlds/l/grasp_easy.json,0.1,2,964,0.30543068051338196,0.055723387748003006,0.034543752670288086,0.03447882458567619,0.2891915440559387,0.2958008050918579,0.44632184505462646,0.3800852018096109,0.38125038733109273,0.8869014972162411,0.18244201156982845
worlds/l/grasp_easy.json,0.1,3,948,0.2765069603919983,0.10388258099555969,0.0531761571764946,0.05357909947633743,0.22941464185714722,0.25227463245391846,0.5307033658027649,0.48811286101211193,0.48423403651640506,0.8076860086953767,0.37569607957892803
worlds/l/grasp_easy.json,0.1,4,915,0.2949255406856537,0.06151944026350975,0.029305392876267433,0.029227202758193016,0.26184362173080444,0.2715138792991638,0.6573175191879272,0.5236401249630692,0.524911107236957,0.9006346048967574,0.2085931253037194
worlds/l/grasp_easy.json,0.1,5,888,0.2535794973373413,0.05274377390742302,0.02103612571954727,0.02112295851111412,0.2181861400604248,0.23030540347099304,0.6771931052207947,0.601163812121781,0.5995174985356645,0.9170432706885504,0.2079969968441772
worlds/l/grasp_easy.json,0.1,6,858,0.3470012843608856,0.12680207192897797,0.08931968361139297,0.08117060363292694,0.2955828607082367,0.3545528054237366,0.8282971382141113,0.29559760142230906,0.3598637435641373,0.7425955244635365,0.3654224858634882
worlds/l/grasp_easy.json,0.1,7,824,0.42010095715522766,0.22613930702209473,0.14230024814605713,0.14353176951408386,0.37817031145095825,0.4782558083534241,0.8558361530303955,0.37074076143625123,0.3652949086818409,0.6612713069980531,0.5382975286546088
worlds/l/grasp_easy.json,0.2,1,988,0.1677878350019455,0.05425923690199852,0.023153245449066162,0.02262382209300995,0.1378633975982666,0.14307107031345367,0.5670698285102844,0.5732847203346245,0.5830420148762422,0.862008795519665,0.3233800406410237
worlds/l/grasp_easy.json,0.2,2,964,0.32039177417755127,0.15518493950366974,0.09548640996217728,0.09577488899230957,0.2722194790840149,0.2958008050918579,0.845892071723938,0.38469280416274376,0.3828338671353818,0.7019698454890366,0.48435993683680223
worlds/l/grasp_easy.json,0.2,3,948,0.338022381067276,0.21924453973770142,0.13774466514587402,0.1334955394268036,0.27301719784736633,0.25227463245391846,0.962295413017273,0.37173046448195135,0.3911112240856066,0.5924983880920627,0.6486095359882859
worlds/l/grasp_easy.json,0.2,4,914,0.3480248749256134,0.1814303696155548,0.11806182563304901,0.11661121994256973,0.29267486929893494,0.2706546187400818,1.092751383781433,0.3492719775458857,0.35726736273720217,0.6607661286904177,0.5213143734462475
worlds/l/grasp_easy.json,0.2,5,888,0.31768521666526794,0.18348827958106995,0.14260855317115784,0.1402546465396881,0.28142493963241577,0.23030540347099304,1.157082438468933,0.22279203065855968,0.23562067909781714,0.5511010720986155,0.5775789050152879
worlds/l/grasp_easy.json,0.2,6,858,0.39143645763397217,0.2873188257217407,0.2334689199924469,0.22655071318149567,0.35277897119522095,0.3545528054237366,1.2853212356567383,0.18742212799326197,0.21150062961449334,0.4035585714124742,0.7340114087952669
worlds/l/grasp_easy.json,0.2,7,823,0.4278819262981415,0.36302265524864197,0.2633744776248932,0.26217561960220337,0.36183294653892517,0.47884058952331543,1.3541057109832764,0.27449575441923213,0.27779818749153906,0.3844692625755407,0.8484178296320313
worlds/l/grasp_easy.json,0.4,1,988,0.25294357538223267,0.19644616544246674,0.12196657806634903,0.11967206001281738,0.1838601976633072,0.14307107031345367,1.0851712226867676,0.3791348495317439,0.39081498616542976,0.517811124943416,0.7766402651089653
worlds/l/grasp_easy.json,0.4,2,964,0.47686052322387695,0.3637830317020416,0.23592932522296906,0.23722276091575623,0.3804773986339569,0.2958008050918579,1.5004222393035889,0.35145593757047966,0.3479004234863413,0.5052445867652485,0.7628709318243406
worlds/l/grasp_easy.json,0.4,3,948,0.5785412788391113,0.5234873294830322,0.4028579890727997,0.3879278302192688,0.4625582695007324,0.25227463245391846,1.7022806406021118,0.230434116771001,0.25895469026468065,0.3036659546901027,0.9048400669584905
worlds/l/grasp_easy.json,0.4,4,913,0.595321536064148,0.522778332233429,0.4041768014431,0.38699981570243835,0.4910127520561218,0.2721070349216461,1.9082534313201904,0.22686772476517159,0.25972483586095396,0.32107814524024114,0.8781444993400974
worlds/l/grasp_easy.json,0.4,5,887,0.565900981426239,0.5365660786628723,0.4617648422718048,0.44485679268836975,0.5160314440727234,0.2305641919374466,2.0916149616241455,0.13940731508311688,0.17091890378728924,0.18401830456625135,0.9481624812004495
worlds/l/grasp_easy.json,0.4,6,859,0.7133764624595642,0.6303882598876953,0.5373845100402832,0.5227217674255371,0.611416757106781,0.34997501969337463,2.3038084506988525,0.14753407664029283,0.17079393655164066,0.24670277431427956,0.88366843183227
worlds/l/grasp_easy.json,0.4,7,823,0.7202390432357788,0.7415899038314819,0.6229146718978882,0.6056323051452637,0.6112034320831299,0.4706982374191284,2.5172202587127686,0.16002811165638708,0.1833325912121817,0.13512787490753997,1.0296441310648494
worlds/l/catapult.json,0.05,1,1020,0.029603969305753708,0.0017888557631522417,0.001258351025171578,0.001258351025171578,0.02858567424118519,0.030647940933704376,0.021892214193940163,0.29656093515657855,0.29656093515657855,0.9574938410395186,0.060426213278250054
worlds/l/catapult.json,0.05,2,1016,0.07503863424062729,0.0013546684058383107,5.42415764357429e-05,5.42415764357429e-05,0.07214170694351196,0.07377855479717255,0.02639084681868553,0.9599595176192387,0.9599595176192387,0.9992771513369793,0.018052945919754874
worlds/l/catapult.json,0.05,3,1008,0.0777600109577179,0.0005672211991623044,6.187790131662041e-05,6.187790131662041e-05,0.07827950268983841,0.0791543498635292,0.035982146859169006,0.8909104571408751,0.8909104571408751,0.9992042452083724,0.007294510278177966
worlds/l/catapult.json,0.05,4,996,0.09730368107557297,0.0012043447932228446,0.0014106163289397955,0.001403922331519425,0.0978720635175705,0.09793602675199509,0.046883318573236465,-0.17127282558756707,-0.16571461878662497,0.9855029500081892,0.012377176072994244
worlds/l/catapult.json,0.05,5,992,0.11422213912010193,0.010406961664557457,0.0058099860325455666,0.005748950410634279,0.10649906098842621,0.11602520942687988,0.04179592803120613,0.4417212035735284,0.44758608747323125,0.9491343265210915,0.09111159837073948
worlds/l/catapult.json,0.05,6,980,0.1236991137266159,0.029274193570017815,0.01619749516248703,0.01620098575949669,0.1082967147231102,0.10668783634901047,0.06052149832248688,0.44669713535418243,0.4465778973296982,0.8690573062771922,0.23665645361627993
worlds/l/catapult.json,0.05,7,976,0.12618280947208405,0.01681307703256607,0.011824588291347027,0.011508041992783546,0.12323145568370819,0.1365630328655243,0.06086736544966698,0.2967029016495075,0.3155302880910462,0.9062900220654618,0.1332438000303496
worlds/l/catapult.json,0.1,1,1020,0.028187748044729233,0.0045107039622962475,0.002246753079816699,0.002246753079816699,0.02733732759952545,0.030647940933704376,0.041944555938243866,0.5019063324490591,0.5019063324490591,0.9202932750693146,0.1600235660946918
worlds/l/catapult.json,0.1,2,1016,0.07802905142307281,0.00840494129806757,0.0020209599751979113,0.0018171170959249139,0.06821583211421967,0.07377855479717255,0.05637045204639435,0.7595509708482364,0.7838037136151447,0.9740999033265151,0.10771553856903955
worlds/l/catapult.json,0.1,3,1008,0.07804283499717712,0.001943432493135333,0.0014087507734075189,0.0014087507734075189,0.07850750535726547,0.0791543498635292,0.0708245038986206,0.27512235264998275,0.27512235264998275,0.9819490056523642,0.024902125777537792
worlds/l/catapult.json,0.1,4,996,0.09642783552408218,0.011473259888589382,0.010573944076895714,0.010573944076895714,0.09542085975408554,0.09793602675199509,0.0873691514134407,0.07838363467980658,0.07838363467980658,0.8903434467918245,0.11898286243005024
worlds/l/catapult.json,0.1,5,992,0.11629240959882736,0.019084690138697624,0.01027153991162777,0.01018101628869772,0.10259534418582916,0.11602520942687988,0.08672260493040085,0.4617916331373709,0.4665348918579565,0.911674889641883,0.16410950813156136
worlds/l/catapult.json,0.1,6,980,0.11435623466968536,0.030205490067601204,0.027979815378785133,0.025059273466467857,0.10877096652984619,0.10668783634901047,0.10250484198331833,0.0736844422598314,0.1703735509543427,0.7553275913674142,0.26413505266983367
worlds/l/catapult.json,0.1,7,976,0.10545158386230469,0.036327093839645386,0.024525703862309456,0.024522071704268456,0.1057145968079567,0.1365630328655243,0.1255551278591156,0.3248646872064548,0.3249646720292715,0.7674221385395753,0.3444907369725252
worlds/l/catapult.json,0.2,1,1020,0.03633169084787369,0.011981332674622536,0.009846013970673084,0.009846013970673084,0.03455479070544243,0.030647940933704376,0.08190038800239563,0.17822046694957694,0.17822046694957694,0.7289965388096072,0.32977635763747404
worlds/l/catapult.json,0.2,2,1016,0.0843769907951355,0.030854806303977966,0.015649372711777687,0.015622315928339958,0.07098056375980377,0.07377855479717255,0.11218541115522385,0.4928059973022716,0.4936829039070699,0.8145303291299658,0.3656779652037177
worlds/l/catapult.json,0.2,3,1008,0.08735840767621994,0.015226676128804684,0.008496487513184547,0.00857926718890667,0.08187352120876312,0.0791543498635292,0.1403687298297882,0.4419998533290185,0.43656336311789967,0.9027398994647953,0.17430120962414905
worlds/l/catapult.json,0.2,4,996,0.11171536892652512,0.052902042865753174,0.04077424108982086,0.041122306138277054,0.10507213324308395,0.09793602675199509,0.1668459177017212,0.22925015970949214,0.2226707342355183,0.6350167261530688,0.4735431066834385
worlds/l/catapult.json,0.2,5,992,0.13299281895160675,0.05177196487784386,0.045878760516643524,0.04410881549119949,0.11961012333631516,0.11602520942687988,0.16945374011993408,0.11383003088844257,0.14801735658914228,0.6550282874044664,0.3892839123643403
worlds/l/catapult.json,0.2,6,980,0.12345568090677261,0.053079746663570404,0.045375652611255646,0.04227970540523529,0.11098573356866837,0.10668783634901047,0.19371365010738373,0.1451418768281767,0.20346821409657134,0.632453911573976,0.4299498109256997
worlds/l/catapult.json,0.2,7,976,0.15769867599010468,0.07042691111564636,0.04603779688477516,0.045595698058605194,0.12872333824634552,0.1365630328655243,0.21871551871299744,0.34630390350106954,0.35258131676776827,0.7080647849721708,0.4465916449423173
worlds/l/catapult.json,0.4,1,1020,0.06589573621749878,0.061528149992227554,0.05094647780060768,0.05040467903017998,0.062061857432127,0.030647940933704376,0.1824154406785965,0.1719809907002987,0.18078669622689336,0.2268623021002273,0.9337197446151091
worlds/l/catapult.json,0.4,2,1016,0.1277126669883728,0.12544070184230804,0.08720088750123978,0.08541618287563324,0.10584406554698944,0.07377855479717255,0.2415463775396347,0.30484375309968914,0.3190712295040391,0.3172103475908251,0.982210338256646
worlds/l/catapult.json,0.4,3,1008,0.11991669237613678,0.06991264969110489,0.05414564907550812,0.05383641645312309,0.11320623010396957,0.0791543498635292,0.2771633565425873,0.22552428902723787,0.22994741737026747,0.5484727938820049,0.5830101573500154
worlds/l/catapult.json,0.4,4,996,0.13404542207717896,0.09181587398052216,0.07377396523952484,0.07182449847459793,0.12250985205173492,0.09793602675199509,0.3142591714859009,0.1965009748186325,0.21773332474257334,0.44963457836666576,0.6849609077112502
worlds/l/catapult.json,0.4,5,992,0.13976657390594482,0.10296010971069336,0.09689860790967941,0.09361733496189117,0.15059567987918854,0.11602520942687988,0.3192797005176544,0.0588723323823771,0.09074169379825214,0.3067111455784355,0.7366576058448697
worlds/l/catapult.json,0.4,6,980,0.16235925257205963,0.12412415444850922,0.10984563827514648,0.10777987539768219,0.1493755429983139,0.10668783634901047,0.3302924335002899,0.11503414655111255,0.13167686115120458,0.32344084778048676,0.7645031156657943
worlds/l/catapult.json,0.4,7,976,0.15842828154563904,0.1425536870956421,0.10006781667470932,0.10022731125354767,0.14952825009822845,0.1365630328655243,0.37739866971969604,0.29803417425764767,0.2969153355794776,0.36837150729377566,0.8997994910055002
worlds/l/cartpole_thrust.json,0.05,1,1004,0.006085478235036135,0.001029029954224825,0.00024695362662896514,0.00024695362662896514,0.005560915917158127,0.0060534668155014515,0.023285625502467155,0.7600131797766791,0.7600131797766791,0.9594191915423885,0.16909598793737443
worlds/l/cartpole_thrust.json,0.05,2,984,0.008334836922585964,0.001222832826897502,0.00015211956633720547,0.00015211956633720547,0.007550429552793503,0.007809891365468502,0.0325564406812191,0.875600684745147,0.875600684745147,0.9817489450903367,0.14671346761252602
worlds/l/cartpole_thrust.json,0.05,3,944,0.011955324560403824,0.0019282173598185182,0.00029391900170594454,0.00029391900170594454,0.010217399336397648,0.010095310397446156,0.04112811014056206,0.8475695697845974,0.8475695697845974,0.975415221877003,0.16128523739161352
worlds/l/cartpole_thrust.json,0.05,4,916,0.015693411231040955,0.004608701914548874,0.0018993719713762403,0.0018993719713762403,0.014027157798409462,0.01372435037046671,0.04829341918230057,0.5878726794240583,0.5878726794240583,0.8789701013110931,0.2936711366763296
worlds/l/cartpole_thrust.json,0.05,5,904,0.01628968119621277,0.003983740694820881,0.001052071456797421,0.001052071456797421,0.014849058352410793,0.015333903953433037,0.05364977568387985,0.7359086503383161,0.7359086503383161,0.9354148528675921,0.24455608718401875
worlds/l/cartpole_thrust.json,0.05,6,873,0.028617816045880318,0.009068794548511505,0.002730213338509202,0.002730213338509202,0.02628708817064762,0.02883417159318924,0.058378275483846664,0.698944184488409,0.698944184488409,0.9045974251098651,0.3168933133811588
worlds/l/cartpole_thrust.json,0.05,7,844,0.03812689706683159,0.012682860717177391,0.004434071946889162,0.004434071946889162,0.03640032559633255,0.04069829732179642,0.06570272147655487,0.6503886586971857,0.6503886586971857,0.8837022603985633,0.3326486468318141
worlds/l/cartpole_thrust.json,0.1,1,1004,0.007371775805950165,0.0020067221485078335,0.0008611754165031016,0.0008611754165031016,0.005233580246567726,0.0060534668155014515,0.04462725296616554,0.570854681031224,0.570854681031224,0.8831793804949956,0.27221692592551416
worlds/l/cartpole_thrust.json,0.1,2,984,0.01000224519520998,0.004085125867277384,0.0012166061205789447,0.0012166061205789447,0.008371539413928986,0.007809891365468502,0.0644378736615181,0.7021863805166482,0.7021863805166482,0.878366696993034,0.4084208882655394
worlds/l/cartpole_thrust.json,0.1,3,944,0.013674465008080006,0.005884835496544838,0.0018004527082666755,0.0018004527082666755,0.010894696228206158,0.010095310397446156,0.07998616993427277,0.6940521601115657,0.6940521601115657,0.8683346875213898,0.4303521558662507
worlds/l/cartpole_thrust.json,0.1,4,916,0.017413897439837456,0.01070194598287344,0.0027343675028532743,0.0027343675028532743,0.013596585020422935,0.01372435037046671,0.09236934036016464,0.744498102753542,0.744498102753542,0.842977856490764,0.6145635128406576
worlds/l/cartpole_thrust.json,0.1,5,904,0.017681144177913666,0.013588381931185722,0.006548382341861725,0.006548382341861725,0.016453437507152557,0.015333903953433037,0.10530959814786911,0.5180896169224534,0.5180896169224534,0.6296403515536279,0.7685239028908321
worlds/l/cartpole_thrust.json,0.1,6,871,0.03039417788386345,0.022788722068071365,0.010215186513960361,0.010215186513960361,0.02770441398024559,0.028900355100631714,0.11729200184345245,0.5517437755637657,0.5517437755637657,0.6639097608432536,0.7497726095815906
worlds/l/cartpole_thrust.json,0.1,7,844,0.03783160448074341,0.030799327418208122,0.012996409088373184,0.012996409088373184,0.033513810485601425,0.04069829732179642,0.13112306594848633,0.5780294513610095,0.5780294513610095,0.6564668808855711,0.8141163411106507
worlds/l/cartpole_thrust.json,0.2,1,1004,0.009370513260364532,0.004658376332372427,0.0016885839868336916,0.0016885839868336916,0.00618924992159009,0.0060534668155014515,0.07850515097379684,0.6375166224550763,0.6375166224550763,0.819798132725976,0.4971313953608563
worlds/l/cartpole_thrust.json,0.2,2,984,0.0147736556828022,0.010858912020921707,0.007862206548452377,0.007862206548452377,0.012987907975912094,0.007809891365468502,0.12060746550559998,0.275967377458775,0.275967377458775,0.4678225405236255,0.7350186205816621
worlds/l/cartpole_thrust.json,0.2,3,942,0.018883060663938522,0.01479057502001524,0.009541070088744164,0.009541070088744164,0.015472381375730038,0.010116638615727425,0.15900163352489471,0.3549223018149883,0.3549223018149883,0.49472862167069154,0.7832721232666053
worlds/l/cartpole_thrust.json,0.2,4,916,0.02385351061820984,0.02647518552839756,0.012739951722323895,0.012739951722323895,0.019901704043149948,0.01372435037046671,0.1914377212524414,0.5187965081997673,0.5187965081997673,0.4659087324195299,1.1099072984328908
worlds/l/cartpole_thrust.json,0.2,5,903,0.02573486790060997,0.030123306438326836,0.014991182833909988,0.014991182833909988,0.02113937772810459,0.0153490100055933,0.21615144610404968,0.5023393974163397,0.5023393974163397,0.417475819506551,1.1705250073427753
worlds/l/cartpole_thrust.json,0.2,6,868,0.03629408776760101,0.05513705313205719,0.024964245036244392,0.024964245036244392,0.03294479846954346,0.029000237584114075,0.2537281811237335,0.5472328748427444,0.5472328748427444,0.31216772285073213,1.5191745136318566
worlds/l/cartpole_thrust.json,0.2,7,843,0.0437140092253685,0.06834755837917328,0.03260233625769615,0.03260233625769615,0.04322778433561325,0.040477413684129715,0.2875475287437439,0.5229919395682368,0.5229919395682368,0.25419020502983114,1.5635161265306505
worlds/l/cartpole_thrust.json,0.4,1,1004,0.013832719065248966,0.010334359481930733,0.008631470613181591,0.008631470613181591,0.011118915863335133,0.0060534668155014515,0.138482466340065,0.16477933361294272,0.16477933361294272,0.376010560724401,0.7470953059325167
worlds/l/cartpole_thrust.json,0.4,2,983,0.02087303437292576,0.019962966442108154,0.015174652449786663,0.015174652449786663,0.018745053559541702,0.00781781692057848,0.22495955228805542,0.23985984278475947,0.23985984278475947,0.2730020859128378,0.95639982598802
worlds/l/cartpole_thrust.json,0.4,3,942,0.026282072067260742,0.030032208189368248,0.024924250319600105,0.024924250319600105,0.024294288828969002,0.010116638615727425,0.30120226740837097,0.17008266050767518,0.17008266050767518,0.051663420760194145,1.1426879932643896
worlds/l/cartpole_thrust.json,0.4,4,916,0.030384430661797523,0.04392915591597557,0.024456989020109177,0.024456989020109177,0.025372909381985664,0.01372435037046671,0.3792916238307953,0.4432629421132359,0.4432629421132359,0.19508154382306542,1.445778477962659
worlds/l/cartpole_thrust.json,0.4,5,899,0.0366666316986084,0.05814415216445923,0.03519375994801521,0.03519375994801521,0.03823043406009674,0.015415418893098831,0.4504876434803009,0.3947153989197302,0.3947153989197302,0.04016926787003139,1.585751116775364
worlds/l/cartpole_thrust.json,0.4,6,863,0.055439531803131104,0.09555522352457047,0.045209236443042755,0.045209236443042755,0.04577634111046791,0.029168205335736275,0.5281717777252197,0.5268784397598323,0.5268784397598323,0.18453069546865408,1.723593623840339
worlds/l/cartpole_thrust.json,0.4,7,833,0.06065007671713829,0.11557251960039139,0.06572387367486954,0.06572387367486954,0.06858064234256744,0.040418535470962524,0.6066226959228516,0.4313191933331618,0.4313191933331618,-0.08365689265975007,1.9055626283772416
worlds/l/hard_lunar_lander.json,0.05,1,1004,0.00946740247309208,0.0013224133290350437,0.00014096521772444248,0.00014096521772444248,0.008555818349123001,0.00868110079318285,0.029630236327648163,0.8934030574031616,0.8934030574031616,0.9851104652912889,0.1396806920159527
worlds/l/hard_lunar_lander.json,0.05,2,980,0.026408176869153976,0.0013197829248383641,0.000310419563902542,0.000310419563902542,0.025461211800575256,0.026825429871678352,0.042369868606328964,0.7647949840383338,0.7647949840383338,0.9882453239600524,0.049976298302513045
worlds/l/hard_lunar_lander.json,0.05,3,955,0.034702785313129425,0.001470507588237524,0.00019489221449475735,0.00019489221449475735,0.03208150342106819,0.032396379858255386,0.053481459617614746,0.8674660259806307,0.8674660259806307,0.9943839604591905,0.04237433897506703
worlds/l/hard_lunar_lander.json,0.05,4,936,0.033050402998924255,0.001674520899541676,0.0006431135698221624,0.0006431135698221624,0.03202515095472336,0.03182009980082512,0.06377071142196655,0.6159417478765505,0.6159417478765505,0.9805414303165049,0.05066567265749163
worlds/l/hard_lunar_lander.json,0.05,5,924,0.029659634456038475,0.0028226892463862896,0.0008319427724927664,0.0008319427724927664,0.028564879670739174,0.02897590771317482,0.07859943807125092,0.7052659007512605,0.7052659007512605,0.9719503362819298,0.0951693875583693
worlds/l/hard_lunar_lander.json,0.05,6,913,0.04862130433320999,0.013050835579633713,0.007632323540747166,0.007632323540747166,0.045555684715509415,0.03831687942147255,0.10288023948669434,0.41518506656710363,0.41518506656710363,0.8430251173756762,0.26841804757425136
worlds/l/hard_lunar_lander.json,0.05,7,894,0.04537521302700043,0.006961676757782698,0.0016939013730734587,0.0016939013730734587,0.041262369602918625,0.03944641724228859,0.1013464704155922,0.7566819845262439,0.7566819845262439,0.9626690155247204,0.15342466279199982
worlds/l/hard_lunar_lander.json,0.1,1,1004,0.012190884910523891,0.006687728688120842,0.004092565272003412,0.004092565272003412,0.010130432434380054,0.00868110079318285,0.05734298378229141,0.3880485493867477,0.3880485493867477,0.6642930105532808,0.5485843511120017
worlds/l/hard_lunar_lander.json,0.1,2,980,0.02724512852728367,0.011149321682751179,0.005782592575997114,0.005782592575997114,0.02310785837471485,0.026825429871678352,0.08582828938961029,0.48135027936782826,0.48135027936782826,0.7877568252171634,0.4092225761235109
worlds/l/hard_lunar_lander.json,0.1,3,955,0.03750460222363472,0.0056983293034136295,0.0021077734418213367,0.0021077734418213367,0.03160334751009941,0.032396379858255386,0.1130760982632637,0.630106768213859,0.630106768213859,0.9437996054656712,0.15193680150066077
worlds/l/hard_lunar_lander.json,0.1,4,935,0.03755556792020798,0.00750071881338954,0.0028902702033519745,0.0028902702033519745,0.03376289829611778,0.03169649839401245,0.1327250599861145,0.6146675705010365,0.6146675705010365,0.9230401678522675,0.19972321625719677
worlds/l/hard_lunar_lander.json,0.1,5,922,0.053418975323438644,0.032317157834768295,0.01969752088189125,0.01969752088189125,0.04249311238527298,0.028964854776859283,0.1659298688173294,0.3904934034545654,0.3904934034545654,0.6312635957049411,0.6049752478233796
worlds/l/hard_lunar_lander.json,0.1,6,907,0.051002200692892075,0.02025751955807209,0.01428346335887909,0.0140314269810915,0.047122590243816376,0.038116227835416794,0.18720397353172302,0.2949056118182295,0.3073472326724056,0.7199441756467244,0.39718912679968493
worlds/l/hard_lunar_lander.json,0.1,7,890,0.052585192024707794,0.01660686917603016,0.008335575461387634,0.008048773743212223,0.0440937764942646,0.03956948220729828,0.20491620898246765,0.4980646036870727,0.5153346691723462,0.8414843582301447,0.3158088529604916
worlds/l/hard_lunar_lander.json,0.2,1,1004,0.025480352342128754,0.02277299389243126,0.0122730303555727,0.0122730303555727,0.016787167638540268,0.00868110079318285,0.10890375822782516,0.4610708449866262,0.4610708449866262,0.5183335696939837,0.8937472130155282
worlds/l/hard_lunar_lander.json,0.2,2,979,0.041005685925483704,0.031082971021533012,0.016000088304281235,0.016000088304281235,0.03112465888261795,0.02683316171169281,0.16519637405872345,0.4852458507522647,0.4852458507522647,0.6098080560496685,0.7580161219109361
worlds/l/hard_lunar_lander.json,0.2,3,952,0.05389228090643883,0.028892910107970238,0.01667633093893528,0.01667633093893528,0.03899579495191574,0.03247079253196716,0.20578977465629578,0.42282273136844595,0.42282273136844595,0.6905617899549161,0.5361233486875526
worlds/l/hard_lunar_lander.json,0.2,4,934,0.05440644547343254,0.030411995947360992,0.027045395225286484,0.02385866455733776,0.05356017127633095,0.03172129765152931,0.25030791759490967,0.1106997622879351,0.2154850803402102,0.5029008973120079,0.558977813799867
worlds/l/hard_lunar_lander.json,0.2,5,921,0.07689506560564041,0.06314247846603394,0.03864199295639992,0.03864199295639992,0.05547528341412544,0.028984952718019485,0.30505961179733276,0.3880190658466709,0.3880190658466709,0.497471097110743,0.8211512399230244
worlds/l/hard_lunar_lander.json,0.2,6,905,0.08099225163459778,0.07602277398109436,0.05631296709179878,0.052355289459228516,0.06874822825193405,0.038087498396635056,0.34567490220069885,0.25926187452982297,0.3113209803124465,0.3047116735825708,0.9386425546492575
worlds/l/hard_lunar_lander.json,0.2,7,884,0.07517091929912567,0.06360866874456406,0.03643229231238365,0.035864315927028656,0.05450332909822464,0.036449626088142395,0.38895323872566223,0.42724328253612254,0.4361725117837246,0.5153406044243043,0.8461871869818134
worlds/l/hard_lunar_lander.json,0.4,1,1004,0.03147229552268982,0.02867460623383522,0.020038217306137085,0.020038217306137085,0.02538343332707882,0.00868110079318285,0.1847495287656784,0.3011859642385408,0.3011859642385408,0.36330614042148224,0.9111062843561056
worlds/l/hard_lunar_lander.json,0.4,2,977,0.07183961570262909,0.06300462037324905,0.04387941583991051,0.04387941583991051,0.05433621630072594,0.026863694190979004,0.286920428276062,0.3035524128236611,0.3035524128236611,0.38920308230010947,0.8770177813039622
worlds/l/hard_lunar_lander.json,0.4,3,950,0.09270814806222916,0.09219768643379211,0.07763808220624924,0.07721977680921555,0.07674382627010345,0.032560449093580246,0.3700050711631775,0.15791724055894008,0.16245428929859673,0.162553844197862,0.9944938860379953
worlds/l/hard_lunar_lander.json,0.4,4,932,0.10140078514814377,0.0891336128115654,0.0672314316034317,0.0672314316034317,0.08538484573364258,0.03188874572515488,0.45350223779678345,0.24572302768021326,0.24572302768021326,0.3369732640116304,0.8790229058023923
worlds/l/hard_lunar_lander.json,0.4,5,922,0.15278121829032898,0.15097463130950928,0.11102060228586197,0.108930304646492,0.11512261629104614,0.02901672013103962,0.5543785095214844,0.26464067954395964,0.2784860363515196,0.2733360583963248,0.9881753333227998
worlds/l/hard_lunar_lander.json,0.4,6,904,0.16980354487895966,0.1797710806131363,0.14240120351314545,0.13716550171375275,0.14109788835048676,0.038301367312669754,0.6083316206932068,0.20787479817407373,0.23699906989528463,0.16137673324398094,1.0587003984002912
worlds/l/hard_lunar_lander.json,0.4,7,884,0.1655549556016922,0.16583673655986786,0.11125027388334274,0.11014191806316376,0.12015027552843094,0.03446660935878754,0.6918416619300842,0.32915784408733306,0.3358412596149829,0.3280160447084459,1.0017020388012643
worlds/l/mjc_half_cheetah.json,0.05,1,1016,0.20568543672561646,0.0022662999108433723,6.772641063435003e-05,6.772641063435003e-05,0.2004314810037613,0.20071397721767426,0.09240596741437912,0.9701158658170945,0.9701158658170945,0.9996707282162874,0.011018280860917768
worlds/l/mjc_half_cheetah.json,0.05,2,1008,0.24518057703971863,0.008715587668120861,0.0006142394850030541,0.0006142394850030541,0.24467416107654572,0.25114816427230835,0.15523891150951385,0.9295240311505595,0.9295240311505595,0.9974947465561126,0.0355476268689463
worlds/l/mjc_half_cheetah.json,0.05,3,992,0.45446541905403137,0.02253114804625511,0.02082892134785652,0.016153153032064438,0.4237184226512909,0.4508279860019684,0.25938141345977783,0.07554993180569491,0.28307456864146596,0.9541683030774666,0.049577255169719274
worlds/l/mjc_half_cheetah.json,0.05,4,977,0.4948001801967621,0.030552910640835762,0.012202160432934761,0.011984402313828468,0.4671066105365753,0.4855741858482361,0.39422106742858887,0.6006219971518572,0.607749243444891,0.9753392158667313,0.06174797799929277
worlds/l/mjc_half_cheetah.json,0.05,5,973,0.4511055052280426,0.06920380145311356,0.03812256455421448,0.037091631442308426,0.42125454545021057,0.45163124799728394,0.4910050928592682,0.449126149810672,0.46402320879094383,0.9154908017916058,0.1534093480373947
worlds/l/mjc_half_cheetah.json,0.05,6,968,0.7177594304084778,0.10805569589138031,0.07556634396314621,0.07352239638566971,0.6702746152877808,0.6599181890487671,0.5278634428977966,0.300672275165328,0.31958796082738805,0.8947191206946019,0.15054583933489482
worlds/l/mjc_half_cheetah.json,0.05,7,957,0.7674301862716675,0.13842065632343292,0.0751667395234108,0.07590404152870178,0.6668609380722046,0.7728570103645325,0.6344929933547974,0.45696876810223597,0.4516422364640085,0.9020539706828758,0.1803690534977634
worlds/l/mjc_half_cheetah.json,0.1,1,1016,0.19591867923736572,0.013708517886698246,0.0029536839574575424,0.0029536839574575424,0.19398628175258636,0.20071397721767426,0.18782883882522583,0.7845365938265592,0.7845365938265592,0.9849239288006888,0.06997044865788249
worlds/l/mjc_half_cheetah.json,0.1,2,1008,0.25384318828582764,0.03492572903633118,0.006782051175832748,0.006983019877225161,0.23180752992630005,0.25114816427230835,0.2963659465312958,0.8058150434375249,0.800060870026188,0.9732825165739876,0.13758781266568704
worlds/l/mjc_half_cheetah.json,0.1,3,992,0.4068025052547455,0.07158641517162323,0.05052516609430313,0.04592430219054222,0.38764768838882446,0.4508279860019684,0.45593956112861633,0.29420734404463866,0.3584774138998015,0.8757992749757931,0.1759733881845069
worlds/l/mjc_half_cheetah.json,0.1,4,978,0.4798511564731598,0.06475558131933212,0.023746298626065254,0.023282062262296677,0.4566061794757843,0.48507800698280334,0.6511468887329102,0.6332934066491649,0.6404624622627539,0.9505131991332535,0.13494930760462634
worlds/l/mjc_half_cheetah.json,0.1,5,974,0.4775266647338867,0.13688409328460693,0.08694364130496979,0.08247289806604385,0.4190271496772766,0.4525010883808136,0.7449032068252563,0.3648375116588738,0.39749830614308346,0.8179292430645286,0.28665225084527773
worlds/l/mjc_half_cheetah.json,0.1,6,969,0.6737774610519409,0.22372713685035706,0.15271785855293274,0.14804492890834808,0.6217668652534485,0.6619958877563477,0.8373671770095825,0.3173923346854425,0.3382790706906067,0.7733408025930392,0.33204900695410783
worlds/l/mjc_half_cheetah.json,0.1,7,956,0.7743199467658997,0.24051442742347717,0.1420881748199463,0.14054541289806366,0.6449835896492004,0.7724707722663879,0.9649961590766907,0.4092322180333505,0.4156466437225267,0.8164994000046032,0.3106137565331143
worlds/l/mjc_half_cheetah.json,0.2,1,1016,0.21663638949394226,0.051382701843976974,0.018935272470116615,0.01755240559577942,0.19380620121955872,0.20071397721767426,0.350151002407074,0.631485465135458,0.6583985472566797,0.9125942206000156,0.2371840758794301
worlds/l/mjc_half_cheetah.json,0.2,2,1008,0.2653695344924927,0.10047181695699692,0.029716942459344864,0.029912082478404045,0.21371687948703766,0.25114816427230835,0.5585839152336121,0.7042260868830106,0.7022838504930516,0.8880167517489256,0.37861097035552616
worlds/l/mjc_half_cheetah.json,0.2,3,992,0.41327527165412903,0.1694643646478653,0.11043691635131836,0.1070285215973854,0.35550162196159363,0.4508279860019684,0.7881675362586975,0.34831776237559864,0.36843051446371666,0.7327763746683995,0.4100520313484674
worlds/l/mjc_half_cheetah.json,0.2,4,977,0.49345287680625916,0.2178994119167328,0.10819988697767258,0.10541731864213943,0.4033844769001007,0.4855741858482361,1.03538179397583,0.5034411243889927,0.5162110915543765,0.780729038043172,0.441580994171172
worlds/l/mjc_half_cheetah.json,0.2,5,973,0.5450985431671143,0.30114489793777466,0.19022691249847412,0.185757577419281,0.44683837890625,0.45163124799728394,1.1432116031646729,0.36832098501041,0.3831621299535881,0.6510228932309674,0.5524595538048443
worlds/l/mjc_half_cheetah.json,0.2,6,968,0.7678858041763306,0.45081430673599243,0.333914577960968,0.3218214213848114,0.6685311794281006,0.6599181890487671,1.2556507587432861,0.2593079390523506,0.2861330783513095,0.5651507344648206,0.5870850903664725
worlds/l/mjc_half_cheetah.json,0.2,7,951,0.8357289433479309,0.5265620946884155,0.3866223394870758,0.38146474957466125,0.7336871027946472,0.7684603333473206,1.3922265768051147,0.26576116399747074,0.2755560010441185,0.5373830922520568,0.6300632506264618
worlds/l/mjc_half_cheetah.json,0.4,1,1016,0.2859935462474823,0.14524666965007782,0.08495267480611801,0.08301617950201035,0.2343442738056183,0.20071397721767426,0.6992740035057068,0.4151144738066461,0.4284469330552677,0.7029559725358108,0.5078669485932726
worlds/l/mjc_half_cheetah.json,0.4,2,1008,0.39632076025009155,0.27140334248542786,0.15506447851657867,0.15372326970100403,0.30589088797569275,0.25114816427230835,1.0329463481903076,0.42865671035387354,0.4335984653200883,0.6087399549326464,0.6848072816426859
worlds/l/mjc_half_cheetah.json,0.4,3,991,0.6134383082389832,0.5630912184715271,0.41118332743644714,0.41104796528816223,0.4930686056613922,0.4481847286224365,1.3672826290130615,0.2697749246515043,0.27001531580633764,0.32970712471993446,0.9179264009253204
worlds/l/mjc_half_cheetah.json,0.4,4,976,0.8223704695701599,0.7364868521690369,0.5002443194389343,0.4748472571372986,0.6594483256340027,0.4858546257019043,1.6627017259597778,0.32076951819892185,0.35525358566983256,0.39170442282490503,0.8955657813855925
worlds/l/mjc_half_cheetah.json,0.4,5,971,0.7901166677474976,0.7137730717658997,0.5665374398231506,0.5519607663154602,0.6452476382255554,0.4525567591190338,1.8526051044464111,0.20627793029300323,0.22669993006336053,0.28296989172717657,0.9033768061123911
worlds/l/mjc_half_cheetah.json,0.4,6,963,1.1842107772827148,0.968978226184845,0.7970617413520813,0.7736315727233887,1.0156201124191284,0.6597930788993835,1.9967474937438965,0.17742037972272084,0.2016006636501979,0.326925783279041,0.8182481064800461
worlds/l/mjc_half_cheetah.json,0.4,7,948,1.1506340503692627,0.9877232313156128,0.8636002540588379,0.8471429347991943,1.0011506080627441,0.7749077677726746,2.1721503734588623,0.12566574655882845,0.14232761978188002,0.24945706779519483,0.8584164800256273
worlds/l/mjc_swimmer.json,0.05,1,1016,0.11788535863161087,0.012584241107106209,0.0014757593162357807,0.0014194491086527705,0.10898612439632416,0.1098225861787796,0.11750154197216034,0.882729573942887,0.8872042345206482,0.9874814028360596,0.10674982248161693
worlds/l/mjc_swimmer.json,0.05,2,1012,0.21051520109176636,0.034653570502996445,0.014768806286156178,0.0146936671808362,0.20844998955726624,0.2133651226758957,0.2716410160064697,0.5738157404334674,0.5759840337501251,0.9298444662923973,0.1646131506099196
worlds/l/mjc_swimmer.json,0.05,3,1008,0.2518289387226105,0.0764337107539177,0.03585267812013626,0.03400145471096039,0.22063149511814117,0.26077112555503845,0.44526711106300354,0.5309310804552481,0.5551510665178898,0.8576308255040221,0.303514406015543
worlds/l/mjc_swimmer.json,0.05,4,1008,0.3593452572822571,0.12386924773454666,0.07345413416624069,0.07117308676242828,0.3244383633136749,0.3523294925689697,0.5852577686309814,0.4070026620032938,0.4254176233074969,0.7955889700012257,0.34470817472693216
worlds/l/mjc_swimmer.json,0.05,5,1004,0.3544245958328247,0.14396032691001892,0.08806940913200378,0.08641936630010605,0.3213944733142853,0.35666781663894653,0.8055591583251953,0.38823833605872016,0.39970012464530125,0.7515143977943776,0.4061804079136829
worlds/l/mjc_swimmer.json,0.05,6,992,0.4638340473175049,0.25346437096595764,0.15735000371932983,0.1576065868139267,0.3971801698207855,0.48481589555740356,1.0206685066223145,0.3792026740497455,0.37819036966306174,0.6607622820503727,0.5464548633974158
worlds/l/mjc_swimmer.json,0.05,7,983,0.4885770380496979,0.27584394812583923,0.21713095903396606,0.2078389823436737,0.45109885931015015,0.4843318462371826,1.2329940795898438,0.21284856706404331,0.2465341953093778,0.555585010911054,0.5645863940453553
worlds/l/mjc_swimmer.json,0.1,1,1016,0.12160409241914749,0.018864573910832405,0.00600813003256917,0.005959076341241598,0.10911699384450912,0.1098225861787796,0.19936761260032654,0.6815125504043754,0.6841128578144147,0.9505926987073738,0.15513107770920737
worlds/l/mjc_swimmer.json,0.1,2,1012,0.20312617719173431,0.06343898922204971,0.0273763295263052,0.027208508923649788,0.19250129163265228,0.2133651226758957,0.43131348490715027,0.5684620788883895,0.5711074647104745,0.8652250049462399,0.3123132138806933
worlds/l/mjc_swimmer.json,0.1,3,1008,0.27540385723114014,0.1309172362089157,0.06577083468437195,0.06230912730097771,0.23465465009212494,0.26077112555503845,0.6878782510757446,0.4976151606239544,0.5240571134457364,0.7611840467827145,0.4753645701448541
worlds/l/mjc_swimmer.json,0.1,4,1008,0.3583327531814575,0.1862618327140808,0.12037285417318344,0.11660999804735184,0.30842164158821106,0.3523294925689697,0.9044379591941833,0.3537438539114963,0.37394582481987737,0.6640752119239646,0.5198013049612547
worlds/l/mjc_swimmer.json,0.1,5,1003,0.3534252345561981,0.22030696272850037,0.14681005477905273,0.14111623167991638,0.3251694440841675,0.3570212423801422,1.1124967336654663,0.33361137133020624,0.3594563243385832,0.5846078875397662,0.6233481403928145
worlds/l/mjc_swimmer.json,0.1,6,990,0.4412485957145691,0.3542206883430481,0.22054165601730347,0.21859976649284363,0.37040770053863525,0.4848383069038391,1.3780686855316162,0.3773891156698391,0.3828712616549974,0.5001872908849654,0.8027689873310853
worlds/l/mjc_swimmer.json,0.1,7,982,0.4852590262889862,0.3761535584926605,0.2871205508708954,0.27297288179397583,0.43595343828201294,0.4840701222419739,1.4855278730392456,0.23669324830673466,0.27430466725386027,0.408314868315491,0.7751603537790761
worlds/l/mjc_swimmer.json,0.2,1,1016,0.14154744148254395,0.04115423932671547,0.01882280595600605,0.018258512020111084,0.1187344640493393,0.1098225861787796,0.3664185404777527,0.5426277762887204,0.5563394605556836,0.8670212208793097,0.29074520101298146
worlds/l/mjc_swimmer.json,0.2,2,1012,0.19939590990543365,0.10721318423748016,0.06919968128204346,0.06694566458463669,0.19115759432315826,0.2133651226758957,0.687167763710022,0.3545599659761597,0.3755836554919384,0.6529533563909993,0.5376899871633652
worlds/l/mjc_swimmer.json,0.2,3,1008,0.3037799000740051,0.2297985702753067,0.15493735671043396,0.15037092566490173,0.25728246569633484,0.26077112555503845,1.0531631708145142,0.32576883953275426,0.3456402906042796,0.4899683729150974,0.7564640393236172
worlds/l/mjc_swimmer.json,0.2,4,1008,0.401704877614975,0.28773757815361023,0.21288177371025085,0.2082706242799759,0.3435851037502289,0.3523294925689697,1.250462532043457,0.2601530357060182,0.27617857348896735,0.4700542971392715,0.7162909742644454
worlds/l/mjc_swimmer.json,0.2,5,1004,0.41487109661102295,0.34986162185668945,0.23685385286808014,0.22796881198883057,0.3694412112236023,0.35666781663894653,1.4223723411560059,0.3230070460111788,0.3484029177621223,0.4290904938838127,0.8433019911838172
worlds/l/mjc_swimmer.json,0.2,6,991,0.43899214267730713,0.4141205847263336,0.31780046224594116,0.3072970509529114,0.3864024579524994,0.4853050708770752,1.6465818881988525,0.23258955490957878,0.2579527261220671,0.2760679945026969,0.943343956456059
worlds/l/mjc_swimmer.json,0.2,7,983,0.5183205604553223,0.5054025053977966,0.404611736536026,0.3936249613761902,0.4827016294002533,0.48514702916145325,1.7727330923080444,0.19942672975560216,0.22116539357799103,0.21937934281327365,0.9750770931290519
worlds/l/mjc_swimmer.json,0.4,1,1016,0.19426198303699493,0.1237160861492157,0.06306115537881851,0.061386529356241226,0.1392214447259903,0.1098225861787796,0.6210650205612183,0.4902752152799308,0.5038112563454191,0.6753808728143723,0.6368517618069173
worlds/l/mjc_swimmer.json,0.4,2,1012,0.25387245416641235,0.2275007963180542,0.14173439145088196,0.1370529979467392,0.2139522135257721,0.2133651226758957,1.0473743677139282,0.3769938666380216,0.3975713484750434,0.44171024022174676,0.8961224133789968
worlds/l/mjc_swimmer.json,0.4,3,1008,0.364743173122406,0.3514786958694458,0.25834301114082336,0.2411777228116989,0.3129265606403351,0.26077112555503845,1.4026038646697998,0.26498244651282366,0.3138197971996498,0.2917125523439894,0.9636333775916658
worlds/l/mjc_swimmer.json,0.4,4,1008,0.45953211188316345,0.4763425290584564,0.3343864977359772,0.3266909718513489,0.3686693608760834,0.3523294925689697,1.5689905881881714,0.2980125070987699,0.3141679528445851,0.27233268559696366,1.0365815940618466
worlds/l/mjc_swimmer.json,0.4,5,1003,0.47679969668388367,0.4859203100204468,0.3673388361930847,0.3530091345310211,0.4247751235961914,0.3569963872432709,1.767565131187439,0.2440348167837898,0.2735246351070054,0.2295740984151068,1.0191288153075526
worlds/l/mjc_swimmer.json,0.4,6,986,0.5363959670066833,0.6216922402381897,0.4673297703266144,0.44848179817199707,0.4572095572948456,0.4866864085197449,1.925421118736267,0.248294027045334,0.27861123375101204,0.12875972402530833,1.1590173649281812
worlds/l/mjc_swimmer.json,0.4,7,978,0.5872837901115417,0.6529853343963623,0.5098678469657898,0.4920898675918579,0.5244376063346863,0.48389771580696106,2.0121233463287354,0.21917412213074317,0.24639981685536727,0.1318203302206732,1.1118735871670185
worlds/l/mjc_walker.json,0.05,1,1020,0.7305858135223389,0.01735871285200119,0.005624647252261639,0.0058029210194945335,0.7210662364959717,0.7326881289482117,0.07542537897825241,0.6759755576224533,0.6657055699365666,0.9923011819444676,0.023759991681621146
worlds/l/mjc_walker.json,0.05,2,1012,0.992027997970581,0.04655357077717781,0.026457546278834343,0.026534542441368103,0.9707092642784119,1.0068638324737549,0.16791044175624847,0.43167525418254793,0.43002132815177596,0.9733298391447023,0.04692767832401276
worlds/l/mjc_walker.json,0.05,3,1008,0.5430112481117249,0.07719464600086212,0.03710050508379936,0.03851711377501488,0.5335131287574768,0.6201749444007874,0.25316092371940613,0.51939017787082,0.5010390516644805,0.9316763599044896,0.14216030748773603
worlds/l/mjc_walker.json,0.05,4,1000,1.2009459733963013,0.16614016890525818,0.09409823268651962,0.09496592730283737,1.106421947479248,1.1967021226882935,0.385539174079895,0.4336214215589286,0.4283987555291826,0.9216465729757952,0.13834108493274697
worlds/l/mjc_walker.json,0.05,5,998,0.975845992565155,0.12518654763698578,0.032043084502220154,0.036490414291620255,0.7522724270820618,0.8786537647247314,0.5041142702102661,0.7440373178503312,0.7085116972996599,0.96716378942338,0.12828514805693314
worlds/l/mjc_walker.json,0.05,6,992,1.3328224420547485,0.1812734752893448,0.1022072583436966,0.10032835602760315,1.2154488563537598,1.3255572319030762,0.6019712090492249,0.4361709114885364,0.44653592662985464,0.9233151730352555,0.13600722014395566
worlds/l/mjc_walker.json,0.05,7,992,1.5564498901367188,0.3021959960460663,0.20065252482891083,0.19903884828090668,1.3533352613449097,1.3564903736114502,0.6872804760932922,0.3360185857713228,0.3413584200812326,0.8710832092311783,0.19415722790762083
worlds/l/mjc_walker.json,0.1,1,1020,0.7367825508117676,0.06499119848012924,0.017635663971304893,0.018221300095319748,0.7039626240730286,0.7326881289482117,0.13270999491214752,0.728645349159134,0.7196343424734531,0.9760639500055011,0.08820947022771326
worlds/l/mjc_walker.json,0.1,2,1012,0.9494935274124146,0.1359565258026123,0.07094930857419968,0.0711195096373558,0.8908125162124634,1.0068638324737549,0.27239561080932617,0.4781470903632311,0.47689521177813665,0.9252766801185547,0.14318847035547963
worlds/l/mjc_walker.json,0.1,3,1008,0.5729444026947021,0.13479618728160858,0.07814043015241623,0.07659284770488739,0.5487573742866516,0.6201749444007874,0.4080289304256439,0.42030682226070937,0.431787728944633,0.863616033624027,0.23526922795235994
worlds/l/mjc_walker.json,0.1,4,999,1.156011700630188,0.17310355603694916,0.0839867889881134,0.08612916618585587,1.0600062608718872,1.1978986263275146,0.6002597808837891,0.514817656488892,0.5024413815769821,0.9273478037096606,0.14974204494866575
worlds/l/mjc_walker.json,0.1,5,995,0.9752306938171387,0.17682290077209473,0.0697435513138771,0.07215338200330734,0.7365698218345642,0.8813011646270752,0.7265921235084534,0.6055739895152559,0.5919454907240487,0.9284850735769045,0.18131392079139177
worlds/l/mjc_walker.json,0.1,6,992,1.2154041528701782,0.31508198380470276,0.23705756664276123,0.23405219614505768,1.0975565910339355,1.3255572319030762,0.8418188691139221,0.24763211218799297,0.25717048839539414,0.8049557704053014,0.25924050289003564
worlds/l/mjc_walker.json,0.1,7,992,1.637337565422058,0.3892211318016052,0.2451396882534027,0.2413480430841446,1.281673789024353,1.3564903736114502,0.9506307244300842,0.37017888232657437,0.3799205044006575,0.8502815220084364,0.23771587485765364
worlds/l/mjc_walker.json,0.2,1,1020,0.7255847454071045,0.09417877346277237,0.029744533821940422,0.02966594323515892,0.6631205677986145,0.7326881289482117,0.25254005193710327,0.6841694499907875,0.6850039330052915,0.9590061202220401,0.1297970692726339
worlds/l/mjc_walker.json,0.2,2,1011,1.0405118465423584,0.22367480397224426,0.13851530849933624,0.13641254603862762,0.9669057726860046,1.0072683095932007,0.46535545587539673,0.38072904931873974,0.3901300297750344,0.8668777208451539,0.2149661291368475
worlds/l/mjc_walker.json,0.2,3,1008,0.6690826416015625,0.27842220664024353,0.19469590485095978,0.18687766790390015,0.557452917098999,0.6201749444007874,0.6834981441497803,0.3007170397778962,0.3287975475843794,0.7090106770892723,0.4161252875635704
worlds/l/mjc_walker.json,0.2,4,999,1.4115206003189087,0.50385582447052,0.3274093270301819,0.33111572265625,1.1599541902542114,1.1978986263275146,0.8697634339332581,0.3501924337696364,0.3428363698996534,0.7680449531121194,0.35695959687494644
worlds/l/mjc_walker.json,0.2,5,995,1.044264316558838,0.26786282658576965,0.18651817739009857,0.18850699067115784,0.8268927931785583,0.8813011646270752,1.0376511812210083,0.3036802464623606,0.2962555010939605,0.8213879623841486,0.25650864665035905
worlds/l/mjc_walker.json,0.2,6,992,1.2662978172302246,0.6069027185440063,0.46405914425849915,0.45325031876564026,1.1164271831512451,1.3255572319030762,1.1373248100280762,0.23536486148586866,0.25317467706683994,0.6335308029879286,0.4792732880733268
worlds/l/mjc_walker.json,0.2,7,992,1.6675978899002075,0.6827994585037231,0.5130322575569153,0.5048767328262329,1.3303097486495972,1.3564903736114502,1.2346009016036987,0.2486340591406344,0.26057830518405434,0.6923525385441593,0.40945090098703785
worlds/l/mjc_walker.json,0.4,1,1020,0.8784889578819275,0.2624349594116211,0.1244172751903534,0.12617650628089905,0.7356928586959839,0.7326881289482117,0.44016432762145996,0.5259119613130172,0.5192084676378992,0.8583735469022531,0.29873449979879363
worlds/l/mjc_walker.json,0.4,2,1010,1.1526237726211548,0.4628821909427643,0.3189815580844879,0.3153570890426636,1.0109838247299194,1.0076735019683838,0.7696083188056946,0.31087960538120984,0.31870982463082553,0.7232561346890327,0.4015900087590027
worlds/l/mjc_walker.json,0.4,3,1008,0.8172087073326111,0.422339528799057,0.3008785545825958,0.30031755566596985,0.6294675469398499,0.6201749444007874,1.0041959285736084,0.28759082665513547,0.28891913925287216,0.6318216486401979,0.5168074263153454
worlds/l/mjc_walker.json,0.4,4,998,1.3981786966323853,0.8196648359298706,0.5578794479370117,0.5607665181159973,1.0598180294036865,1.1990982294082642,1.2354745864868164,0.3193810158952054,0.3158587589281727,0.6009956028648521,0.5862375373792297
worlds/l/mjc_walker.json,0.4,5,993,1.067460536956787,0.5086126923561096,0.38064122200012207,0.3766018748283386,0.8379036784172058,0.8830742239952087,1.4466688632965088,0.2516088809407595,0.2595507731359218,0.6434142445347081,0.47646978482793245
worlds/l/mjc_walker.json,0.4,6,992,1.3267693519592285,0.9858478903770447,0.8102148175239563,0.7841874957084656,1.1849324703216553,1.3255572319030762,1.5295324325561523,0.17815433249638157,0.204555283464118,0.3893325796774554,0.7430439125845437
worlds/l/mjc_walker.json,0.4,7,991,1.8255428075790405,0.935554027557373,0.7402346134185791,0.7234472036361694,1.4021683931350708,1.3562500476837158,1.6243244409561157,0.20877406155660627,0.22671787804173194,0.594512596283487,0.5124799175747986
worlds/l/h17_unicycle.json,0.05,1,1020,0.19255681335926056,0.01820707879960537,0.012293084524571896,0.012293084524571896,0.18322882056236267,0.19899259507656097,0.024827174842357635,0.3248184038815528,0.3248184038815528,0.9361586624222108,0.0945543213037896
worlds/l/h17_unicycle.json,0.05,2,1012,0.15560206770896912,0.02288013882935047,0.01011570729315281,0.00994581077247858,0.1218663826584816,0.14645648002624512,0.030969670042395592,0.5578826086414976,0.5653081108179218,0.934989891573467,0.14704264002548104
worlds/l/h17_unicycle.json,0.05,3,996,0.21677936613559723,0.03781998157501221,0.02771790511906147,0.02771790511906147,0.19670440256595612,0.2391035556793213,0.03513661399483681,0.2671095023120057,0.2671095023120057,0.8721377148887699,0.17446301393535538
worlds/l/h17_unicycle.json,0.05,4,984,0.3510795831680298,0.04891351982951164,0.013189306482672691,0.01438987534493208,0.2990538775920868,0.3456173241138458,0.037902627140283585,0.7303545823599673,0.7058098579883829,0.9624321461144034,0.139323168234768
worlds/l/h17_unicycle.json,0.05,5,976,0.3783904016017914,0.07781115174293518,0.028602227568626404,0.028599955141544342,0.3442669212818146,0.4291171431541443,0.038547925651073456,0.6324148026606826,0.632444007048886,0.9244108004654762,0.20563722391886063
worlds/l/h17_unicycle.json,0.05,6,972,0.35364052653312683,0.07946154475212097,0.029362497851252556,0.030356187373399734,0.309312105178833,0.3885933756828308,0.041958313435316086,0.6304816632643073,0.6179763750113922,0.91697077781468,0.22469581054839174
worlds/l/h17_unicycle.json,0.05,7,956,0.4664468765258789,0.06986971944570541,0.03810872510075569,0.038161490112543106,0.42491987347602844,0.4967588782310486,0.04337739199399948,0.4545745223670271,0.4538193309592754,0.9182999672232957,0.14979137595710532
worlds/l/h17_unicycle.json,0.1,1,1020,0.1998741328716278,0.023699834942817688,0.017891420051455498,0.017891420051455498,0.18029266595840454,0.19899259507656097,0.04536651074886322,0.24508250396581133,0.24508250396581133,0.9104865657481225,0.11857379743100258
worlds/l/h17_unicycle.json,0.1,2,1012,0.19081757962703705,0.08556316047906876,0.05578862875699997,0.05382148176431656,0.14576420187950134,0.14645648002624512,0.061360202729701996,0.3479830753721691,0.37097365895591405,0.7076337051017954,0.4484029230760941
worlds/l/h17_unicycle.json,0.1,3,996,0.21055783331394196,0.1326933056116104,0.10702968388795853,0.10572906583547592,0.20386534929275513,0.2391035556793213,0.06764958798885345,0.19340554977783575,0.20320723529985807,0.4916851004617949,0.6301988556928422
worlds/l/h17_unicycle.json,0.1,4,984,0.39089399576187134,0.10381598025560379,0.04714284464716911,0.045936450362205505,0.27213090658187866,0.3456173241138458,0.07209444791078568,0.5458999228143933,0.5575204294261245,0.8793973681911245,0.26558601917960245
worlds/l/h17_unicycle.json,0.1,5,976,0.4098772704601288,0.1715216189622879,0.07493291050195694,0.07391075789928436,0.3211461305618286,0.4291171431541443,0.07537806034088135,0.5631284793409496,0.5690878016051436,0.8171820788748858,0.41847067725843273
worlds/l/h17_unicycle.json,0.1,6,972,0.32853174209594727,0.16672959923744202,0.07377489656209946,0.07125311344861984,0.2699448764324188,0.3885933756828308,0.08065499365329742,0.5575176999194033,0.5726426874741823,0.7754405827228907,0.5074992089767352
worlds/l/h17_unicycle.json,0.1,7,956,0.44067713618278503,0.19058966636657715,0.14050395786762238,0.12362879514694214,0.41942813992500305,0.4967588782310486,0.08432130515575409,0.2627934108590164,0.3513352664716015,0.6811634951504635,0.43249274972033935
worlds/l/h17_unicycle.json,0.2,1,1020,0.20307844877243042,0.07861185818910599,0.05640862509608269,0.05532137677073479,0.18711522221565247,0.19899259507656097,0.08519842475652695,0.282441270369312,0.29627185967725655,0.7222323420478056,0.38710093889479325
worlds/l/h17_unicycle.json,0.2,2,1012,0.2156699001789093,0.14171062409877777,0.10792448371648788,0.10513703525066376,0.18323273956775665,0.14645648002624512,0.10835257917642593,0.23841642500099103,0.25808642845733865,0.49958485803091224,0.6570718676144492
worlds/l/h17_unicycle.json,0.2,3,996,0.29012006521224976,0.19766220450401306,0.2061639428138733,0.18527936935424805,0.29788631200790405,0.2391035556793213,0.12398434430360794,-0.04301145143652185,0.06264644867660374,0.2893840601371531,0.6813117333315254
worlds/l/h17_unicycle.json,0.2,4,984,0.3973846435546875,0.24512611329555511,0.1685328483581543,0.16346412897109985,0.30451250076293945,0.3456173241138458,0.1391444355249405,0.3124647305326066,0.33314273712647346,0.575894914180394,0.6168484798578313
worlds/l/h17_unicycle.json,0.2,5,976,0.4236834645271301,0.39339491724967957,0.2130255103111267,0.22503601014614105,0.3328796625137329,0.4291171431541443,0.15488971769809723,0.4584945026731907,0.4279641137221013,0.4972059847818634,0.9285113774471813
worlds/l/h17_unicycle.json,0.2,6,971,0.44682788848876953,0.4334511458873749,0.33544448018074036,0.31244373321533203,0.4289071261882782,0.38899359107017517,0.16519196331501007,0.22610775547955275,0.27917197548137207,0.24927586477366592,0.9700628744400074
worlds/l/h17_unicycle.json,0.2,7,956,0.4523222744464874,0.506339430809021,0.3786218762397766,0.35629037022590637,0.4397025406360626,0.4967588782310486,0.17372989654541016,0.25223703073090586,0.2963408564554585,0.1629378042390217,1.1194218357445143
worlds/l/h17_unicycle.json,0.4,1,1020,0.26241356134414673,0.1433374434709549,0.12863196432590485,0.12771880626678467,0.26332396268844604,0.19899259507656097,0.15659745037555695,0.1025934242229588,0.10896411172099008,0.5098120551886864,0.5462272709411256
worlds/l/h17_unicycle.json,0.4,2,1012,0.3641352653503418,0.2851630747318268,0.32398131489753723,0.3069233298301697,0.3699168264865875,0.14645648002624512,0.21283788979053497,-0.13612646098102266,-0.07630810938199728,0.11027207269851125,0.7831240252367914
worlds/l/h17_unicycle.json,0.4,3,996,0.38131776452064514,0.3449992537498474,0.3253001272678375,0.30399343371391296,0.3619685173034668,0.2391035556793213,0.2533038556575775,0.05709904084689221,0.11885770647395955,0.1469053961417912,0.9047552614904953
worlds/l/h17_unicycle.json,0.4,4,984,0.46319109201431274,0.40047988295555115,0.26871225237846375,0.26173314452171326,0.3662566542625427,0.3456173241138458,0.263333261013031,0.32902434350669285,0.3464512060128555,0.41986740027772285,0.864610502792606
worlds/l/h17_unicycle.json,0.4,5,976,0.6342524290084839,0.7241392135620117,0.485798180103302,0.4911128282546997,0.4891114830970764,0.4291171431541443,0.27707114815711975,0.3291370346957455,0.3217977716757867,0.23406177432738873,1.1417208361252102
worlds/l/h17_unicycle.json,0.4,6,969,0.6481753587722778,0.678305447101593,0.552109956741333,0.5272302627563477,0.5987407565116882,0.3897964060306549,0.30644384026527405,0.18604522623177333,0.22272441566080792,0.14820896958024488,1.0464844704778429
worlds/l/h17_unicycle.json,0.4,7,956,0.5865753293037415,0.8172591328620911,0.704754114151001,0.6727347373962402,0.5915131568908691,0.4967588782310486,0.3280564248561859,0.13766137836488979,0.17684035534692355,-0.20147247752055386,1.3932722568338645
worlds/l/chain_lander.json,0.05,1,1004,0.0075904629193246365,9.719195077195764e-05,6.793869033572264e-06,6.793869033572264e-06,0.0071558114141225815,0.007269463036209345,0.027872085571289062,0.9300984394323684,0.9300984394323684,0.9991049466803565,0.012804482652107511
worlds/l/chain_lander.json,0.05,2,1004,0.006702529266476631,0.00017454377666581422,1.3406132893578615e-05,1.3406132893578615e-05,0.006720083765685558,0.006699352990835905,0.04359784349799156,0.9231932919656808,0.9231932919656808,0.9979998397081784,0.02604147922767191
worlds/l/chain_lander.json,0.05,3,968,0.013212325982749462,0.0005637627327814698,0.00013607225264422596,0.00013607225264422596,0.013052144087851048,0.013168719597160816,0.06505680829286575,0.7586356019439628,0.7586356019439628,0.9897011129742116,0.04266945377502348
worlds/l/chain_lander.json,0.05,4,940,0.02231350541114807,0.0011154504027217627,0.0001808661181712523,0.0001808661181712523,0.02180570177733898,0.022234318777918816,0.07632649689912796,0.8378537335860665,0.8378537335860665,0.9918943207336267,0.04998992234382283
worlds/l/chain_lander.json,0.05,5,924,0.01934146136045456,0.001997162587940693,0.0008517503156326711,0.0008517503156326711,0.017662284895777702,0.017818624153733253,0.10449595749378204,0.5735197921412474,0.5735197921412474,0.9559624632410582,0.10325810189420744
worlds/l/chain_lander.json,0.05,6,908,0.019915996119379997,0.002555400598794222,0.0010546499397605658,0.0010546499397605658,0.020185722038149834,0.02091478928923607,0.14605575799942017,0.587285868110774,0.587285868110774,0.9470450820818197,0.12830895243585605
worlds/l/chain_lander.json,0.05,7,876,0.029588934034109116,0.003125632181763649,0.001163031323812902,0.001163031323812902,0.028302066028118134,0.029302816838026047,0.18073666095733643,0.6279052504646732,0.6279052504646732,0.9606937065569108,0.10563517354699316
worlds/l/chain_lander.json,0.1,1,1004,0.00713560963049531,0.0004798878217115998,5.3054991440149024e-05,5.3054991440149024e-05,0.007009703665971756,0.007269463036209345,0.0494525283575058,0.8894429301187108,0.8894429301187108,0.9925647570162178,0.06725253293856112
worlds/l/chain_lander.json,0.1,2,1004,0.0073639038018882275,0.0006839987472631037,0.00015290499140974134,0.00015290499140974134,0.006722129415720701,0.006699352990835905,0.0791240930557251,0.7764542815004226,0.7764542815004226,0.9792358787508151,0.09288534528217425
worlds/l/chain_lander.json,0.1,3,968,0.012991773895919323,0.0016918635228648782,0.0006330654141493142,0.0006330654141493142,0.012582872062921524,0.013168719597160816,0.13304008543491364,0.6258176823404009,0.6258176823404009,0.951271826370981,0.13022575180409254
worlds/l/chain_lander.json,0.1,4,940,0.022468991577625275,0.0022135982289910316,0.0006130505353212357,0.0006130505353212357,0.020904170349240303,0.022234318777918816,0.14454945921897888,0.7230524820212443,0.7230524820212443,0.9727157076363091,0.0985179161843357
worlds/l/chain_lander.json,0.1,5,924,0.019396137446165085,0.0047829351387917995,0.0022336323745548725,0.0022336323745548725,0.017963135614991188,0.017818624153733253,0.19909654557704926,0.5329996519419449,0.5329996519419449,0.884841382427072,0.24659214506326668
worlds/l/chain_lander.json,0.1,6,908,0.020483313128352165,0.006184151396155357,0.0034416501875966787,0.0034416501875966787,0.020108819007873535,0.02091478928923607,0.2724454700946808,0.4434725207833159,0.4434725207833159,0.8319778560220863,0.30191167597762825
worlds/l/chain_lander.json,0.1,7,876,0.028435098007321358,0.008086878806352615,0.004377035889774561,0.004377035889774561,0.027246270328760147,0.029302816838026047,0.3185895085334778,0.458748425123399,0.458748425123399,0.8460692525607761,0.2843977820744784
worlds/l/chain_lander.json,0.2,1,1004,0.008173062466084957,0.0015055380063131452,0.0006496834103018045,0.0006496834103018045,0.007465914823114872,0.007269463036209345,0.09020683169364929,0.5684709335948352,0.5684709335948352,0.9205091833082472,0.18420732896151776
worlds/l/chain_lander.json,0.2,2,1004,0.008433799259364605,0.0019908498506993055,0.0009374151704832911,0.0009374151704832911,0.006847304757684469,0.006699352990835905,0.15840868651866913,0.5291381868130262,0.5291381868130262,0.8888501917516691,0.2360561105943722
worlds/l/chain_lander.json,0.2,3,968,0.02160940133035183,0.011584451422095299,0.007507397327572107,0.007507397327572107,0.017835726961493492,0.013168719597160816,0.22486165165901184,0.35194192163013693,0.35194192163013693,0.6525865195058655,0.5360838666929737
worlds/l/chain_lander.json,0.2,4,940,0.027197593823075294,0.01203078031539917,0.007035206537693739,0.007035206537693739,0.023157760500907898,0.022234318777918816,0.28323397040367126,0.41523273193769417,0.41523273193769417,0.741329818238375,0.4423472309227545
worlds/l/chain_lander.json,0.2,5,924,0.02585824392735958,0.01525925938040018,0.011464139446616173,0.011464139446616173,0.023077795282006264,0.017818624153733253,0.3854847252368927,0.24870931407448682,0.24870931407448682,0.5566543699246946,0.5901119744738337
worlds/l/chain_lander.json,0.2,6,908,0.026090264320373535,0.016975613310933113,0.011493383906781673,0.011493383906781673,0.024614861235022545,0.02091478928923607,0.535577118396759,0.3229473541683834,0.3229473541683834,0.5594761415350382,0.6506493419339215
worlds/l/chain_lander.json,0.2,7,876,0.03507884591817856,0.027141185477375984,0.022467268630862236,0.022467268630862236,0.03449516370892525,0.029302816838026047,0.6717280745506287,0.17220754231276203,0.17220754231276203,0.35952087240078645,0.7737194530482224
worlds/l/chain_lander.json,0.4,1,1004,0.011132340878248215,0.005112305283546448,0.0032349922694265842,0.0032349922694265842,0.009167540818452835,0.007269463036209345,0.16376875340938568,0.3672145754209647,0.3672145754209647,0.7094059277552734,0.45923003431699805
worlds/l/chain_lander.json,0.4,2,1004,0.010948061011731625,0.0068765501491725445,0.004946825560182333,0.004946825560182333,0.009972484782338142,0.006699352990835905,0.2965663969516754,0.2806239389125106,0.2806239389125106,0.5481550975207885,0.6281066703778717
worlds/l/chain_lander.json,0.4,3,968,0.05110783502459526,0.046252645552158356,0.04033059626817703,0.04033059626817703,0.04735463112592697,0.013168719597160816,0.4504818916320801,0.12803698498290494,0.12803698498290494,0.21087253551694696,0.9050010733168333
worlds/l/chain_lander.json,0.4,4,940,0.06298409402370453,0.05494876578450203,0.0425252802670002,0.0425252802670002,0.052941422909498215,0.022234318777918816,0.5493960380554199,0.22609216676902688,0.22609216676902688,0.32482508598130355,0.8724228971813368
worlds/l/chain_lander.json,0.4,5,924,0.06358073651790619,0.05787799134850502,0.04836848005652428,0.04836848005652428,0.057915039360523224,0.017818624153733253,0.7208892703056335,0.16430271801798413,0.16430271801798413,0.2392588902630547,0.9103070287995939
worlds/l/chain_lander.json,0.4,6,908,0.057354267686605453,0.05337350443005562,0.04289853945374489,0.04289853945374489,0.05248301848769188,0.02091478928923607,0.970252513885498,0.19625777037065006,0.19625777037065006,0.2520427653587941,0.9305934254395597
worlds/l/chain_lander.json,0.4,7,876,0.06996315717697144,0.06599964201450348,0.06551385670900345,0.06551385670900345,0.07546395808458328,0.029302816838026047,1.1771440505981445,0.007360423339770272,0.007360423339770272,0.06359490691241254,0.9433485376818792
worlds/l/catcher_v3.json,0.05,1,1016,0.05120893940329552,0.001739939791150391,7.276028918568045e-05,7.276028918568045e-05,0.050516728311777115,0.050848957151174545,0.06979043036699295,0.9581822948381601,0.9581822948381601,0.9985791486792441,0.033977266692588805
worlds/l/catcher_v3.json,0.05,2,1012,0.08763976395130157,0.0037129714619368315,0.0004116355557925999,0.0004116355557925999,0.08323989063501358,0.08551925420761108,0.09383469074964523,0.8891358148015835,0.8891358148015835,0.9953030960236117,0.04236628779602833
worlds/l/catcher_v3.json,0.05,3,992,0.07522515207529068,0.004222139250487089,0.0002313222357770428,0.0002313222357770428,0.07188158482313156,0.07344182580709457,0.12124831974506378,0.9452120780359492,0.9452120780359492,0.9969249349533316,0.05612669611171104
worlds/l/catcher_v3.json,0.05,4,992,0.0977059006690979,0.008910942822694778,0.0007392335101030767,0.0007392335101030767,0.0868791937828064,0.09068053215742111,0.1542026400566101,0.9170420543805573,0.9170420543805573,0.9924340955352671,0.09120168548339376
worlds/l/catcher_v3.json,0.05,5,986,0.11598590761423111,0.008701707236468792,0.000672107795253396,0.000672107795253396,0.10679519921541214,0.11049684882164001,0.1590280830860138,0.9227613872785104,0.9227613872785104,0.9942052633024279,0.07502383190732664
worlds/l/catcher_v3.json,0.05,6,966,0.12705564498901367,0.012791677378118038,0.002439321717247367,0.002326191170141101,0.12082827091217041,0.12436426430940628,0.18306055665016174,0.8093039993785202,0.8181480738311633,0.9808011543488816,0.10067775720806516
worlds/l/catcher_v3.json,0.05,7,948,0.16597111523151398,0.014769859611988068,0.0036917717661708593,0.0036887337919324636,0.15179617702960968,0.15590937435626984,0.2064896523952484,0.750046929141127,0.7502526165557812,0.9777565405822501,0.08899054266994298
worlds/l/catcher_v3.json,0.1,1,1016,0.056337062269449234,0.00807130802422762,0.002155212452635169,0.0018780538812279701,0.05094236508011818,0.050848957151174545,0.13306961953639984,0.732978540012861,0.767317282949601,0.9617443230829608,0.14326817372237338
worlds/l/catcher_v3.json,0.1,2,1012,0.08958254009485245,0.013117524795234203,0.0020167387556284666,0.0020167387556284666,0.08118684589862823,0.08551925420761108,0.188581645488739,0.8462561506755315,0.8462561506755315,0.9774873680351875,0.1464294803579471
worlds/l/catcher_v3.json,0.1,3,992,0.08076657354831696,0.018662961199879646,0.001993979560211301,0.001993979560211301,0.0676949992775917,0.07344182580709457,0.2286052703857422,0.893158457607244,0.893158457607244,0.9753118218018938,0.23107283595130987
worlds/l/catcher_v3.json,0.1,4,992,0.09820105880498886,0.030201265588402748,0.0063516381196677685,0.006280862260609865,0.08423809707164764,0.09068053215742111,0.2892923057079315,0.7896896704187526,0.7920331437030338,0.9353200648041782,0.3075452134215527
worlds/l/catcher_v3.json,0.1,5,986,0.12626147270202637,0.032531172037124634,0.007348624989390373,0.007348575163632631,0.10450930148363113,0.11049684882164001,0.30526095628738403,0.7741051265843079,0.774106658215498,0.9417983583421926,0.25764923646896876
worlds/l/catcher_v3.json,0.1,6,966,0.14299403131008148,0.04099978879094124,0.01199434045702219,0.011454162187874317,0.11619741469621658,0.12436426430940628,0.34376832842826843,0.7074536037689956,0.720628751375298,0.9161199922323152,0.28672377731650567
worlds/l/catcher_v3.json,0.1,7,948,0.17479200661182404,0.05562339350581169,0.01861347258090973,0.017615942284464836,0.14520150423049927,0.15590937435626984,0.3897748291492462,0.6653661093337475,0.6832997561965674,0.893510733461363,0.3182261854189903
worlds/l/catcher_v3.json,0.2,1,1016,0.06620041280984879,0.02730938047170639,0.007626596372574568,0.007389402948319912,0.05230339989066124,0.050848957151174545,0.2521669864654541,0.7207334534565504,0.7294188729042891,0.8847953351215365,0.41252583348911553
worlds/l/catcher_v3.json,0.2,2,1012,0.11159370094537735,0.04775647446513176,0.010121592320501804,0.009873331524431705,0.07956857979297638,0.08551925420761108,0.3573818802833557,0.7880582175744183,0.7932566916839625,0.9092996088958811,0.4279495532503891
worlds/l/catcher_v3.json,0.2,3,992,0.11619655787944794,0.073249951004982,0.019414901733398438,0.019364498555660248,0.06417547166347504,0.07344182580709457,0.4570331573486328,0.7349499696992567,0.7356380681491077,0.8329132799825182,0.6303969097000072
worlds/l/catcher_v3.json,0.2,4,992,0.1677318811416626,0.1144849956035614,0.03480589762330055,0.03536360338330269,0.09407069534063339,0.09068053215742111,0.5697454810142517,0.6959785215538078,0.6911070905242487,0.7924908646680933,0.6825476160186263
worlds/l/catcher_v3.json,0.2,5,985,0.18681414425373077,0.13590680062770844,0.06071297824382782,0.05870926007628441,0.1117275208234787,0.1106085553765297,0.5915506482124329,0.5532749063077439,0.5680182315739477,0.6750086644329911,0.727497380728945
worlds/l/catcher_v3.json,0.2,6,968,0.22220715880393982,0.1375255137681961,0.06352375447750092,0.05615514516830444,0.14246521890163422,0.12411864846944809,0.6572905778884888,0.5380947670221226,0.5916747108979659,0.7141237266187725,0.6189067647885237
worlds/l/catcher_v3.json,0.2,7,948,0.25161105394363403,0.15632671117782593,0.06661801040172577,0.06628304719924927,0.16129519045352936,0.15590937435626984,0.7251918911933899,0.5738539504874125,0.5759966630152509,0.7352341665535507,0.6213030338994815
worlds/l/catcher_v3.json,0.4,1,1016,0.12209972739219666,0.09730920940637589,0.04702554643154144,0.04576975479722023,0.08116766810417175,0.050848957151174545,0.4854814112186432,0.5167410492962011,0.5296462166691768,0.614859529698288,0.7969650013534336
worlds/l/catcher_v3.json,0.4,2,1012,0.18935412168502808,0.15992993116378784,0.07057089358568192,0.07000298798084259,0.1095615029335022,0.08551925420761108,0.6918938159942627,0.5587386734168686,0.5622896385220666,0.6273073278908096,0.8446076047386786
worlds/l/catcher_v3.json,0.4,3,992,0.21578289568424225,0.2229863405227661,0.09441674500703812,0.0950704887509346,0.11113288998603821,0.07344182580709457,0.8844114542007446,0.5765805888123514,0.5736488229366308,0.5624456484020898,1.03338283516718
worlds/l/catcher_v3.json,0.4,4,992,0.33241626620292664,0.3261151909828186,0.14737099409103394,0.14813214540481567,0.16885867714881897,0.09068053215742111,1.100447416305542,0.5481014127342563,0.5457674174625615,0.5566673202415735,0.9810446242836339
worlds/l/catcher_v3.json,0.4,5,986,0.3506520390510559,0.34781530499458313,0.16413560509681702,0.16225486993789673,0.18770357966423035,0.11049684882164001,1.173058271408081,0.5280955071848455,0.5335027883824041,0.5319131594357607,0.991910116752352
worlds/l/catcher_v3.json,0.4,6,968,0.3776233196258545,0.3878219723701477,0.23970647156238556,0.22995175421237946,0.2529807686805725,0.12411864846944809,1.2890158891677856,0.38191621764637085,0.4070687825987659,0.36522333472444335,1.0270074760065082
worlds/l/catcher_v3.json,0.4,7,948,0.4656665623188019,0.44682037830352783,0.22851184010505676,0.22305217385292053,0.24878081679344177,0.15590937435626984,1.3914475440979004,0.4885823225595426,0.5008012510535054,0.5092801188748134,0.9595285864601726
worlds/l/trampoline.json,0.05,1,1020,0.02095193974673748,0.000193130224943161,4.0270169847644866e-06,4.0270169847644866e-06,0.02056092768907547,0.02073023095726967,0.01835494302213192,0.9791486962439481,0.9791486962439481,0.9998077974147768,0.009217773021385009
worlds/l/trampoline.json,0.05,2,1000,0.03125257045030594,0.004464249592274427,0.0004866548697464168,0.0004866548697464168,0.028170837089419365,0.028535544872283936,0.023677319288253784,0.8909884271281351,0.8909884271281351,0.9844283250070507,0.1428442373843437
worlds/l/trampoline.json,0.05,3,992,0.09934689104557037,0.00034190466976724565,1.6063895600382239e-06,1.6063895600382239e-06,0.09880269318819046,0.0989636480808258,0.0291611235588789,0.9953016448674662,0.9953016448674662,0.9999838304999469,0.003441523596449678
worlds/l/trampoline.json,0.05,4,984,0.07024922966957092,0.0028388018254190683,0.0004910650895908475,0.0002815678308252245,0.05917314812541008,0.06227904185652733,0.031241193413734436,0.827016776869109,0.9008145520042918,0.9930096729615306,0.04041043352036529
worlds/l/trampoline.json,0.05,5,980,0.0679389238357544,0.0019894028082489967,3.15203214995563e-05,3.15203214995563e-05,0.06438066065311432,0.06684708595275879,0.034017134457826614,0.9841558877021495,0.9841558877021495,0.9995360491494425,0.029282224326344548
worlds/l/trampoline.json,0.05,6,960,0.05746933072805405,0.0009015515097416937,9.262342791771516e-05,9.262342791771516e-05,0.05821788311004639,0.05923611298203468,0.03716934472322464,0.8972621897729914,0.8972621897729914,0.9983882981279875,0.015687524081459247
worlds/l/trampoline.json,0.05,7,956,0.08329994976520538,0.0018865985330194235,0.00010029709665104747,0.00010029709665104747,0.08094953745603561,0.08167675137519836,0.03916621580719948,0.9468370748224181,0.9468370748224181,0.9987959524953647,0.02264825535113901
worlds/l/trampoline.json,0.1,1,1020,0.02178102545440197,0.0030244914814829826,0.0005526515888050199,0.0005526515888050199,0.018950272351503372,0.02073023095726967,0.03237306699156761,0.8172745427822989,0.8172745427822989,0.974626925166495,0.13885900311785962
worlds/l/trampoline.json,0.1,2,1000,0.033820990473032,0.008676107972860336,0.0003900502051692456,0.0005207265494391322,0.027827803045511246,0.028535544872283936,0.04337267205119133,0.9550431822207194,0.939981550360137,0.9884672151905113,0.25653027458726985
worlds/l/trampoline.json,0.1,3,992,0.09925442934036255,0.0016809700755402446,2.3992044589249417e-05,2.3992044589249417e-05,0.09824899584054947,0.0989636480808258,0.05284930020570755,0.9857272625263489,0.9857272625263489,0.9997582773408834,0.016935970381491736
worlds/l/trampoline.json,0.1,4,984,0.06629388779401779,0.009106610901653767,0.00392930256202817,0.00392930256202817,0.06164116412401199,0.06227904185652733,0.058304183185100555,0.5685219666830603,0.5685219666830603,0.9407290371287782,0.13736727780921495
worlds/l/trampoline.json,0.1,5,980,0.06593011319637299,0.006071867421269417,0.0008567958720959723,0.0008567958720959723,0.06306920945644379,0.06684708595275879,0.06375811249017715,0.8588908794196224,0.8588908794196224,0.9870044835272161,0.09209551033507779
worlds/l/trampoline.json,0.1,6,960,0.056729841977357864,0.0030957297421991825,0.00021748882136307657,0.00021748882136307657,0.056781601160764694,0.05923611298203468,0.07107850164175034,0.9297455399938839,0.9297455399938839,0.9961662360799475,0.054569687386662506
worlds/l/trampoline.json,0.1,7,956,0.08243163675069809,0.004537035711109638,0.00029806443490087986,0.00029806443490087986,0.08002111315727234,0.08167675137519836,0.07620900124311447,0.9343041461694862,0.9343041461694862,0.9963841014609193,0.05503998088538762
worlds/l/trampoline.json,0.2,1,1020,0.025506433099508286,0.004487724043428898,0.000660909921862185,0.000660909921862185,0.018544215708971024,0.02073023095726967,0.06127733737230301,0.8527293756330862,0.8527293756330862,0.9740885007604247,0.1759447911011678
worlds/l/trampoline.json,0.2,2,1000,0.042668767273426056,0.013483271934092045,0.00039138569263741374,0.0007199087413027883,0.02703193947672844,0.028535544872283936,0.084926076233387,0.9709724987710285,0.9466072667805119,0.9908273494256497,0.31599862840399834
worlds/l/trampoline.json,0.2,3,992,0.10815288126468658,0.014291544444859028,0.008051923476159573,0.008051923476159573,0.10318708419799805,0.0989636480808258,0.10480079054832458,0.4365952884080334,0.4365952884080334,0.9255505412153209,0.13214205925668127
worlds/l/trampoline.json,0.2,4,984,0.08733636140823364,0.027928752824664116,0.013453410938382149,0.013290820643305779,0.06918756663799286,0.06227904185652733,0.11660026758909225,0.5182953201368401,0.5241169297195203,0.8459586508819931,0.31978379193194933
worlds/l/trampoline.json,0.2,5,980,0.08864196389913559,0.040171150118112564,0.026360727846622467,0.026360727846622467,0.07998283207416534,0.06684708595275879,0.12766817212104797,0.34378956616587353,0.34378956616587353,0.7026157060710212,0.45318434239366284
worlds/l/trampoline.json,0.2,6,960,0.058531761169433594,0.007417256478220224,0.0006830701022408903,0.0006830701022408903,0.05590181425213814,0.05923611298203468,0.13784608244895935,0.9079079840037035,0.9079079840037035,0.9883299239832612,0.12672190841395112
worlds/l/trampoline.json,0.2,7,956,0.09543541818857193,0.03850937262177467,0.025492291897535324,0.025480495765805244,0.0864238291978836,0.08167675137519836,0.15318161249160767,0.33802370275123605,0.33833002121157396,0.732884369541245,0.40351237887053176
worlds/l/trampoline.json,0.4,1,1020,0.03132714703679085,0.014443699270486832,0.0016938401386141777,0.002361730672419071,0.01678995043039322,0.02073023095726967,0.10810574144124985,0.8827280943133977,0.8364871333727604,0.9459305969795169,0.4610601550637228
worlds/l/trampoline.json,0.4,2,1000,0.04554254189133644,0.029090531170368195,0.001692101708613336,0.0018434629309922457,0.025130292400717735,0.028535544872283936,0.1588498055934906,0.9418332481210614,0.9366301385080926,0.9628456902416502,0.6387551059354043
worlds/l/trampoline.json,0.4,3,992,0.09481289982795715,0.05589296668767929,0.03337869793176651,0.03335580974817276,0.07994742691516876,0.0989636480808258,0.2049480825662613,0.40281040871776963,0.4032199089635098,0.6479519348914139,0.5895080394028653
worlds/l/trampoline.json,0.4,4,984,0.08963781595230103,0.058055490255355835,0.024704167619347572,0.024704167619347572,0.07101172208786011,0.06227904185652733,0.2280285805463791,0.5744731891732062,0.5744731891732062,0.7244001612835658,0.6476673894670627
worlds/l/trampoline.json,0.4,5,980,0.07467702776193619,0.05352572351694107,0.020138094201683998,0.020203709602355957,0.0665072575211525,0.06684708595275879,0.25006622076034546,0.6237679216926377,0.6225420550184358,0.7303308017844192,0.7167629071630486
worlds/l/trampoline.json,0.4,6,960,0.06759245693683624,0.03590507060289383,0.011792585253715515,0.011792585253715515,0.0534784309566021,0.05923611298203468,0.27748286724090576,0.6715621204553468,0.6715621204553468,0.8255340050039097,0.5311993709068215
worlds/l/trampoline.json,0.4,7,956,0.13288863003253937,0.08418912440538406,0.04367578402161598,0.04359586909413338,0.10220573842525482,0.08167675137519836,0.3040908873081207,0.4812182175537292,0.48216744856244953,0.6713354332050723,0.6335314344407746
worlds/l/car_launch.json,0.05,1,1008,0.06982024759054184,0.0027177929878234863,0.00010485864186193794,0.00010485864186193794,0.06666881591081619,0.06830424815416336,0.1113995909690857,0.9614177230084353,0.9614177230084353,0.9984981628470171,0.038925570756521505
worlds/l/car_launch.json,0.05,2,984,0.12104147672653198,0.011115778237581253,0.0002793969470076263,0.0002793969470076263,0.10723236203193665,0.11465171724557877,0.14206595718860626,0.9748648325797815,0.9748648325797815,0.9976917255591745,0.09183445656975121
worlds/l/car_launch.json,0.05,3,960,0.1541280746459961,0.011640960350632668,0.0024690418504178524,0.0024690418504178524,0.1552296131849289,0.16723419725894928,0.16063182055950165,0.7879005016726421,0.7879005016726421,0.9839805833162532,0.07552783863270736
worlds/l/car_launch.json,0.05,4,952,0.18094494938850403,0.02164960838854313,0.0023169948253780603,0.0023464730475097895,0.16766014695167542,0.17790330946445465,0.19786274433135986,0.892977517939576,0.8916159126115403,0.9871950290228699,0.11964748649634646
worlds/l/car_launch.json,0.05,5,936,0.2577313482761383,0.02197912149131298,0.004839556757360697,0.004839556757360697,0.24098193645477295,0.26539817452430725,0.2472362369298935,0.7798111831142349,0.7798111831142349,0.9812224753033322,0.08527919338614613
worlds/l/car_launch.json,0.05,6,924,0.250299334526062,0.033294450491666794,0.015113231725990772,0.015016564168035984,0.23383758962154388,0.2523837685585022,0.28151842951774597,0.5460735497114321,0.5489769632391304,0.9396193691261407,0.13301853380756817
worlds/l/car_launch.json,0.05,7,911,0.2653021812438965,0.03270644322037697,0.008746405132114887,0.008822286501526833,0.24943788349628448,0.26047831773757935,0.3350067436695099,0.7325785297660967,0.7302584557396838,0.9670322909102878,0.12327996350059942
worlds/l/car_launch.json,0.1,1,1008,0.06807711720466614,0.011805245652794838,0.0013211804907768965,0.0013377517461776733,0.061062563210725784,0.06830424815416336,0.21210074424743652,0.8880853029547833,0.8866815832958997,0.980592884290254,0.17340989362554388
worlds/l/car_launch.json,0.1,2,984,0.1201072707772255,0.03207932040095329,0.006283081602305174,0.006283081602305174,0.09539733082056046,0.11465171724557877,0.28297609090805054,0.8041391923589983,0.8041391923589983,0.9476877497786207,0.26708891304718674
worlds/l/car_launch.json,0.1,3,960,0.16709382832050323,0.024991687387228012,0.005335025489330292,0.005178781691938639,0.1448773294687271,0.16723419725894928,0.33280912041664124,0.7865280000238498,0.7927798306814108,0.968071678391992,0.1495667891413163
worlds/l/car_launch.json,0.1,4,952,0.17608527839183807,0.057253897190093994,0.015188176184892654,0.01574712060391903,0.15135566890239716,0.17790330946445465,0.380221426486969,0.7347224044074244,0.7249598476827603,0.9137453379203297,0.3251486876869306
worlds/l/car_launch.json,0.1,5,936,0.24925723671913147,0.06381014734506607,0.023110024631023407,0.023110024631023407,0.21827124059200287,0.26539817452430725,0.4173344075679779,0.637831511247712,0.637831511247712,0.9072844386176667,0.25600118249312354
worlds/l/car_launch.json,0.1,6,924,0.2727374732494354,0.08690287172794342,0.04046133533120155,0.04004324972629547,0.22667695581912994,0.2523837685585022,0.47512301802635193,0.5344073846274138,0.5392183373219914,0.8516473191265612,0.31863194555764374
worlds/l/car_launch.json,0.1,7,909,0.28647828102111816,0.06817366927862167,0.026690319180488586,0.026548994705080986,0.26207923889160156,0.26105114817619324,0.5377057194709778,0.608495193776253,0.6105682005089553,0.9068330098695297,0.237971510564866
worlds/l/car_launch.json,0.2,1,1008,0.08478817343711853,0.07801435142755508,0.04006485641002655,0.040970899164676666,0.0661337599158287,0.06830424815416336,0.3866518437862396,0.48644248555688907,0.4748286896581758,0.5274711697883212,0.9201088815224081
worlds/l/car_launch.json,0.2,2,984,0.16356171667575836,0.11147959530353546,0.03854704648256302,0.03829466924071312,0.08580773323774338,0.11465171724557877,0.5411103367805481,0.6542233008865207,0.6564871882029639,0.7643272076987432,0.6815751116413781
worlds/l/car_launch.json,0.2,3,960,0.19449345767498016,0.09431949257850647,0.029898012056946754,0.029658816754817963,0.13862460851669312,0.16723419725894928,0.6137832403182983,0.6830134340251963,0.6855494453584814,0.846277543654401,0.4849494358629001
worlds/l/car_launch.json,0.2,4,952,0.2232666015625,0.1399884968996048,0.0582420788705349,0.05922212451696396,0.1533326506614685,0.17790330946445465,0.6623357534408569,0.5839509662547187,0.5769500649797237,0.7391366265131647,0.6270015126307067
worlds/l/car_launch.json,0.2,5,936,0.30953457951545715,0.20054182410240173,0.09331023693084717,0.09368288516998291,0.21697095036506653,0.26539817452430725,0.7371351718902588,0.5347093438065039,0.5328511367177649,0.6985466467852663,0.6478818115130407
worlds/l/car_launch.json,0.2,6,924,0.341230183839798,0.1949678510427475,0.11191655695438385,0.11155611276626587,0.2544609606266022,0.2523837685585022,0.8248869180679321,0.4259743011177485,0.4278230376463106,0.6720203479803333,0.5713675409625596
worlds/l/car_launch.json,0.2,7,912,0.3200954496860504,0.14826296269893646,0.07319191098213196,0.06971606612205505,0.2629237473011017,0.2601928114891052,0.9150754809379578,0.5063371886695949,0.5297809725843611,0.7713434819085414,0.4631835999054431
worlds/l/car_launch.json,0.4,1,1008,0.16269901394844055,0.1463537961244583,0.08229837566614151,0.08264730870723724,0.10253999382257462,0.06830424815416336,0.6909202933311462,0.43767515537379365,0.43529098051577353,0.49416795056777707,0.8995370812194224
worlds/l/car_launch.json,0.4,2,984,0.23504950106143951,0.22224268317222595,0.09099297970533371,0.09253344684839249,0.13150757551193237,0.11465171724557877,0.928652286529541,0.5905692893618499,0.583637825427602,0.6128773756403376,0.9455143796035287
worlds/l/car_launch.json,0.4,3,960,0.331620991230011,0.26222726702690125,0.1286648064851761,0.13149428367614746,0.19379833340644836,0.16723419725894928,1.0740926265716553,0.5093385674801825,0.49854839595053324,0.6120124784382702,0.79074387316158
worlds/l/car_launch.json,0.4,4,951,0.46755528450012207,0.4595833420753479,0.24804356694221497,0.25337669253349304,0.29018938541412354,0.17792624235153198,1.1888277530670166,0.46028599334753817,0.44868173117564303,0.46948826124934917,0.9829497330282616
worlds/l/car_launch.json,0.4,5,936,0.5190377235412598,0.4939210116863251,0.26549041271209717,0.2712709903717041,0.33562374114990234,0.26539817452430725,1.3057399988174438,0.46248406844310874,0.4507806229066026,0.48849495774464147,0.9516090821230297
worlds/l/car_launch.json,0.4,6,923,0.6101036071777344,0.5867578983306885,0.36978965997695923,0.37190452218055725,0.4140649437904358,0.25022271275520325,1.4247750043869019,0.36977472134759237,0.36617040309365023,0.3938903890643074,0.9617348454059461
worlds/l/car_launch.json,0.4,7,911,0.6364805698394775,0.601870596408844,0.3826405107975006,0.3911513388156891,0.4652855396270752,0.26047831773757935,1.5450764894485474,0.36424787474153797,0.3501072470568336,0.39881823746166556,0.9456228908301753
