what,where,mean,lo,hi,cells
G pred:learned,d1 s1,1.1501736111111112,-0.3797743055555555,2.799479166666667,36
G pred:oracle,d1 s1,2.419704861111111,0.6401909722222222,4.470486111111112,36
G pred:phys0.1,d1 s1,0.5750868055555556,-0.5425347222222222,1.7361111111111112,36
G pred:phys0.2,d1 s1,-0.87890625,-1.9859483506944442,0.20616319444444445,36
G pred:phys0.3,d1 s1,-2.549913194444444,-4.00390625,-1.1827256944444444,36
G reflex:learned,d1 s1,1.4539930555555556,0.32552083333333337,2.6909722222222223,36
G reflex:oracle,d1 s1,2.061631944444444,0.5205620659722224,3.7977430555555554,36
G reflex:phys0.1,d1 s1,1.215277777777778,-0.08680555555555555,2.625868055555556,36
G reflex:phys0.2,d1 s1,0.4448784722222222,-0.8897569444444444,1.7686631944444444,36
G reflex:phys0.3,d1 s1,-0.4774305555555556,-1.8771701388888888,0.759548611111111,36
G rtc_reflex:learned,d1 s1,0.8138020833333334,0.07595486111111112,1.5950520833333333,36
G rtc_reflex:oracle,d1 s1,0.2170138888888889,-0.4665798611111111,0.8897569444444444,36
G rtc_reflex:phys0.2,d1 s1,-0.3038194444444445,-1.0091145833333335,0.3797743055555555,36
J learned,d1 s1,0.3038194444444445,-0.662163628472222,1.2478298611111112,36
J oracle,d1 s1,-0.35807291666666663,-1.171875,0.4123263888888889,36
J phys0.1,d1 s1,0.6401909722222222,-0.26041666666666663,1.6167534722222223,36
J phys0.2,d1 s1,1.323784722222222,0.390625,2.354600694444444,36
J phys0.3,d1 s1,2.072482638888889,1.193305121527778,3.02734375,36
pred: learned - oracle,d1 s1,-1.26953125,-2.354600694444444,-0.3146701388888889,36
reflex: learned - oracle,d1 s1,-0.607638888888889,-1.6927083333333333,0.29296875,36
rtc_reflex: learned - oracle,d1 s1,0.5967881944444444,-0.15190972222222224,1.3346354166666665,36
G pred:learned,d1 s2,0.15190972222222224,-1.0959201388888888,1.4431423611111112,36
G pred:oracle,d1 s2,0.8246527777777778,-0.6510416666666667,2.278645833333333,36
G pred:phys0.1,d1 s2,-0.5750868055555556,-2.061631944444444,0.9765625,36
G pred:phys0.2,d1 s2,-3.244357638888889,-5.284288194444445,-1.3563368055555556,36
G pred:phys0.3,d1 s2,-6.336805555555555,-8.88699001736111,-4.036458333333334,36
G reflex:learned,d1 s2,1.0091145833333335,-0.4665798611111111,2.604166666666667,36
G reflex:oracle,d1 s2,1.0633680555555556,-0.6401909722222222,2.756076388888889,36
G reflex:phys0.1,d1 s2,1.0416666666666665,-0.6401909722222222,2.821451822916663,36
G reflex:phys0.2,d1 s2,-0.2821180555555555,-1.7578125,1.1612955729166627,36
G reflex:phys0.3,d1 s2,-2.235243055555556,-4.372829861111112,-0.26014539930555947,36
G rtc_reflex:learned,d1 s2,0.5967881944444444,-0.2712673611111111,1.508246527777778,36
G rtc_reflex:oracle,d1 s2,0.14105902777777776,-0.6727430555555556,1.0091145833333335,36
G rtc_reflex:phys0.2,d1 s2,0.03255208333333333,-1.0091145833333335,1.0525173611111112,36
J learned,d1 s2,0.8572048611111112,-0.010850694444444444,1.7144097222222223,36
J oracle,d1 s2,0.2387152777777778,-0.607638888888889,1.0850694444444444,36
J phys0.1,d1 s2,1.6167534722222223,0.7378472222222222,2.615017361111111,36
J phys0.2,d1 s2,2.962239583333333,1.66015625,4.405381944444445,36
J phys0.3,d1 s2,4.1015625,2.799479166666667,5.392795138888888,36
pred: learned - oracle,d1 s2,-0.6727430555555556,-1.7578125,0.3797743055555555,36
reflex: learned - oracle,d1 s2,-0.054253472222222224,-1.019965277777778,0.8246527777777778,36
rtc_reflex: learned - oracle,d1 s2,0.4557291666666667,-0.2387152777777778,1.096191406249996,36
G pred:learned,d1 s3,-1.5625,-3.4616427951388884,0.22786458333333334,36
G pred:oracle,d1 s3,-1.0525173611111112,-2.723524305555556,0.6293402777777778,36
G pred:phys0.1,d1 s3,-2.311197916666667,-4.296875,-0.4014756944444444,36
G pred:phys0.2,d1 s3,-5.935329861111112,-8.311631944444445,-3.689236111111111,36
G pred:phys0.3,d1 s3,-9.15798611111111,-11.686197916666668,-6.727430555555555,36
G reflex:learned,d1 s3,0.6944444444444444,-1.2369791666666665,2.756076388888889,36
G reflex:oracle,d1 s3,0.68359375,-0.9874131944444444,2.473958333333333,36
G reflex:phys0.1,d1 s3,0.09765625,-1.9208441840277777,2.159288194444444,36
G reflex:phys0.2,d1 s3,-1.7469618055555556,-3.765462239583333,0.2170138888888889,36
G reflex:phys0.3,d1 s3,-3.3311631944444446,-5.859375,-1.1390516493055594,36
G rtc_reflex:learned,d1 s3,0.9874131944444444,0.3363715277777778,1.66015625,36
G rtc_reflex:oracle,d1 s3,0.3363715277777778,-0.390625,1.07421875,36
G rtc_reflex:phys0.2,d1 s3,-0.06510416666666666,-1.030815972222222,0.9548611111111112,36
J learned,d1 s3,2.256944444444444,1.019965277777778,3.5698784722222223,36
J oracle,d1 s3,1.7361111111111112,0.8463541666666666,2.658691406249996,36
J phys0.1,d1 s3,2.408854166666667,1.1501736111111112,3.7760416666666665,36
J phys0.2,d1 s3,4.188368055555555,2.419704861111111,6.087510850694441,36
J phys0.3,d1 s3,5.826822916666666,4.405381944444445,7.259114583333333,36
pred: learned - oracle,d1 s3,-0.509982638888889,-1.46484375,0.4014756944444444,36
reflex: learned - oracle,d1 s3,0.010850694444444444,-0.8572048611111112,0.8680555555555556,36
rtc_reflex: learned - oracle,d1 s3,0.6510416666666667,-0.10850694444444445,1.3997395833333335,36
G pred:learned,d1 s4,-3.5264756944444446,-5.360243055555555,-1.6818576388888888,36
G pred:oracle,d1 s4,-1.519097222222222,-3.5264756944444446,0.509982638888889,36
G pred:phys0.1,d1 s4,-4.318576388888888,-6.467013888888889,-2.170138888888889,36
G pred:phys0.2,d1 s4,-8.984375,-11.414930555555555,-6.553819444444445,36
G pred:phys0.3,d1 s4,-14.344618055555555,-17.220323350694443,-11.458333333333332,36
G reflex:learned,d1 s4,0.78125,-1.2803819444444444,2.8862847222222223,36
G reflex:oracle,d1 s4,1.1610243055555556,-0.7381184895833331,3.146701388888889,36
G reflex:phys0.1,d1 s4,-0.06510416666666666,-2.159288194444444,2.0073784722222223,36
G reflex:phys0.2,d1 s4,-1.5733506944444444,-4.513888888888888,0.9876844618055516,36
G reflex:phys0.3,d1 s4,-4.329427083333334,-7.367892795138889,-1.6164822048611152,36
G rtc_reflex:learned,d1 s4,1.6059027777777777,0.68359375,2.5933159722222223,36
G rtc_reflex:oracle,d1 s4,0.759548611111111,-0.021701388888888888,1.5625,36
G rtc_reflex:phys0.2,d1 s4,0.1193576388888889,-0.8680555555555556,1.0633680555555556,36
J learned,d1 s4,4.307725694444445,2.506510416666667,6.239149305555555,36
J oracle,d1 s4,2.6801215277777777,1.46484375,3.9388020833333335,36
J phys0.1,d1 s4,4.253472222222222,2.8862847222222223,5.6640625,36
J phys0.2,d1 s4,7.411024305555555,5.598687065972223,9.331597222222223,36
J phys0.3,d1 s4,10.015190972222223,7.899305555555555,12.022569444444445,36
pred: learned - oracle,d1 s4,-2.0073784722222223,-3.537326388888889,-0.6293402777777778,36
reflex: learned - oracle,d1 s4,-0.3797743055555555,-1.3780381944444444,0.5425347222222222,36
rtc_reflex: learned - oracle,d1 s4,0.8463541666666666,-0.043402777777777776,1.7361111111111112,36
G pred:learned,d1 s5,-5.327690972222222,-7.845052083333333,-3.037923177083337,36
G pred:oracle,d1 s5,-3.982204861111111,-7.378472222222222,-0.6510416666666667,36
G pred:phys0.1,d1 s5,-6.93359375,-10.167100694444445,-3.905978732638893,36
G pred:phys0.2,d1 s5,-12.760416666666666,-16.178656684027775,-9.559461805555555,36
G pred:phys0.3,d1 s5,-18.196614583333336,-21.79904513888889,-14.735243055555555,36
G reflex:learned,d1 s5,-0.5208333333333333,-3.689236111111111,2.669270833333333,36
G reflex:oracle,d1 s5,0.4340277777777778,-2.756076388888889,3.689236111111111,36
G reflex:phys0.1,d1 s5,-0.8029513888888888,-4.134385850694445,2.409125434027774,36
G reflex:phys0.2,d1 s5,-2.897135416666667,-6.781955295138889,0.6944444444444444,36
G reflex:phys0.3,d1 s5,-6.803385416666667,-10.83984375,-3.0815972222222223,36
G rtc_reflex:learned,d1 s5,2.365451388888889,0.9548611111111112,3.9496527777777777,36
G rtc_reflex:oracle,d1 s5,0.68359375,-0.4123263888888889,1.7689344618055516,36
G rtc_reflex:phys0.2,d1 s5,0.021701388888888888,-1.2912326388888888,1.3454861111111112,36
J learned,d1 s5,4.806857638888888,2.9402669270833335,6.846788194444445,36
J oracle,d1 s5,4.416232638888888,2.951388888888889,5.924479166666666,36
J phys0.1,d1 s5,6.130642361111112,4.535319010416667,7.758246527777778,36
J phys0.2,d1 s5,9.86328125,7.866753472222222,11.805555555555555,36
J phys0.3,d1 s5,11.393229166666668,8.875868055555555,13.8671875,36
pred: learned - oracle,d1 s5,-1.3454861111111112,-3.0818684895833335,0.2495659722222222,36
reflex: learned - oracle,d1 s5,-0.9548611111111112,-2.0073784722222223,0.09765625,36
rtc_reflex: learned - oracle,d1 s5,1.6818576388888888,0.6184895833333333,2.756076388888889,36
G pred:learned,d1 s6,-10.286458333333332,-13.585069444444445,-7.074652777777778,36
G pred:oracle,d1 s6,-6.857638888888889,-10.52517361111111,-3.2657877604166705,36
G pred:phys0.1,d1 s6,-11.046006944444445,-15.08273654513889,-7.009548611111111,36
G pred:phys0.2,d1 s6,-17.317708333333336,-21.50634765625,-13.031412760416671,36
G pred:phys0.3,d1 s6,-24.110243055555554,-28.99332682291667,-19.325086805555554,36
G reflex:learned,d1 s6,-0.9874131944444444,-4.134114583333334,2.1484375,36
G reflex:oracle,d1 s6,-0.03255208333333333,-3.3745659722222223,3.5481770833333335,36
G reflex:phys0.1,d1 s6,-1.030815972222222,-4.665798611111112,2.723524305555556,36
G reflex:phys0.2,d1 s6,-4.644097222222222,-8.63742404513889,-1.0088433159722263,36
G reflex:phys0.3,d1 s6,-8.10546875,-12.532552083333334,-4.134114583333334,36
G rtc_reflex:learned,d1 s6,2.701822916666667,1.2912326388888888,4.144965277777778,36
G rtc_reflex:oracle,d1 s6,1.6710069444444444,0.705295138888889,2.712673611111111,36
G rtc_reflex:phys0.2,d1 s6,0.08680555555555555,-1.2478298611111112,1.5625,36
J learned,d1 s6,9.29904513888889,6.597222222222222,12.087944878472218,36
J oracle,d1 s6,6.825086805555555,4.611545138888888,9.06032986111111,36
J phys0.1,d1 s6,10.015190972222223,7.150336371527779,12.944878472222221,36
J phys0.2,d1 s6,12.67361111111111,10.047743055555555,15.169270833333334,36
J phys0.3,d1 s6,16.004774305555554,12.5,19.520399305555554,36
pred: learned - oracle,d1 s6,-3.4288194444444446,-5.219455295138888,-1.6493055555555556,36
reflex: learned - oracle,d1 s6,-0.9548611111111112,-2.332899305555556,0.3038194444444445,36
rtc_reflex: learned - oracle,d1 s6,1.030815972222222,0.16276041666666669,1.8880208333333333,36
G pred:learned,d1 s7,-13.172743055555555,-16.807725694444446,-9.722222222222223,36
G pred:oracle,d1 s7,-8.86501736111111,-13.37917751736111,-4.459635416666666,36
G pred:phys0.1,d1 s7,-13.79123263888889,-18.370225694444446,-9.27734375,36
G pred:phys0.2,d1 s7,-21.158854166666664,-25.987684461805554,-16.44965277777778,36
G pred:phys0.3,d1 s7,-27.58246527777778,-32.87760416666667,-22.081163194444446,36
G reflex:learned,d1 s7,-0.8029513888888888,-3.9605034722222223,2.365722656249996,36
G reflex:oracle,d1 s7,-0.5533854166666667,-4.253743489583333,3.320583767361107,36
G reflex:phys0.1,d1 s7,-2.517361111111111,-6.174045138888888,1.1067708333333335,36
G reflex:phys0.2,d1 s7,-5.772569444444445,-9.874403211805555,-1.9097222222222223,36
G reflex:phys0.3,d1 s7,-9.830729166666668,-14.67013888888889,-5.338541666666666,36
G rtc_reflex:learned,d1 s7,3.6783854166666665,1.9965277777777777,5.4256184895833295,36
G rtc_reflex:oracle,d1 s7,1.2369791666666665,0.1193576388888889,2.4199761284722183,36
G rtc_reflex:phys0.2,d1 s7,-0.3472222222222222,-2.376302083333333,1.5516493055555556,36
J learned,d1 s7,12.369791666666668,9.15798611111111,15.72265625,36
J oracle,d1 s7,8.311631944444445,5.978732638888888,10.590277777777777,36
J phys0.1,d1 s7,11.273871527777777,8.344184027777777,14.214409722222221,36
J phys0.2,d1 s7,15.386284722222221,12.272135416666668,18.60894097222222,36
J phys0.3,d1 s7,17.75173611111111,13.704427083333334,21.95095486111111,36
pred: learned - oracle,d1 s7,-4.307725694444445,-6.879611545138889,-1.953125,36
reflex: learned - oracle,d1 s7,-0.2495659722222222,-1.6061740451388886,1.1829969618055516,36
rtc_reflex: learned - oracle,d1 s7,2.44140625,1.1393229166666665,3.7977430555555554,36
G pred:learned,slice d1,-9.595630787037038,-12.449363425925927,-6.821198640046301,36
G pred:oracle,slice d1,-6.568287037037039,-10.239529079861112,-2.875162760416671,36
G pred:phys0.1,slice d1,-10.590277777777777,-14.297598379629628,-6.868399160879631,36
G pred:phys0.2,slice d1,-17.078993055555554,-20.992476851851848,-13.172652633101853,36
G pred:phys0.3,slice d1,-23.29644097222222,-27.636718750000007,-19.006618923611114,36
G reflex:learned,slice d1,-0.770399305555555,-3.8302951388888875,2.2280996817129606,36
G reflex:oracle,slice d1,-0.05063657407407443,-3.3166956018518525,3.2805266203703694,36
G reflex:phys0.1,slice d1,-1.4503761574074077,-4.9950267650462985,1.9315140335648129,36
G reflex:phys0.2,slice d1,-4.437934027777778,-8.188747829861112,-0.871672453703704,36
G reflex:phys0.3,slice d1,-8.246527777777779,-12.666648582175924,-4.358271846064816,36
G rtc_reflex:learned,slice d1,2.915219907407408,1.5769675925925926,4.361979166666666,36
G rtc_reflex:oracle,slice d1,1.197193287037036,0.41223596643518406,2.025462962962963,36
G rtc_reflex:phys0.2,slice d1,-0.07957175925925951,-1.432291666666667,1.2405960648148142,36
J learned,slice d1,8.825231481481483,6.528501157407411,11.295572916666668,36
J oracle,slice d1,6.517650462962962,4.7923900462962985,8.214066116898147,36
J phys0.1,slice d1,9.139901620370368,6.908185040509257,11.338975694444443,36
J phys0.2,slice d1,12.641059027777779,10.242874710648147,14.919795283564813,36
J phys0.3,slice d1,15.049913194444445,11.79832175925926,18.316153067129626,36
pred: learned - oracle,slice d1,-3.02734375,-4.839409722222222,-1.3056098090277792,36
reflex: learned - oracle,slice d1,-0.7197627314814805,-1.591525607638889,0.1663773148148165,36
rtc_reflex: learned - oracle,slice d1,1.718026620370371,0.8679651331018522,2.604166666666667,36
G pred:learned,slice d3,0.043402777777777776,-3.7109375,4.00390625,36
G pred:oracle,slice d3,3.61328125,-0.7272677951388887,8.051215277777777,36
G pred:phys0.2,slice d3,-9.516059027777777,-14.073350694444445,-5.3165690104166705,36
G reflex:learned,slice d3,7.725694444444445,3.22265625,12.565104166666666,36
G reflex:oracle,slice d3,9.266493055555555,4.058159722222222,14.583604600694441,36
G reflex:phys0.2,slice d3,3.3094618055555554,-1.931694878472222,8.550347222222223,36
G rtc_reflex:learned,slice d3,6.141493055555555,3.0815972222222223,9.526909722222223,36
G rtc_reflex:oracle,slice d3,3.7543402777777777,1.2478298611111112,6.543240017361107,36
G rtc_reflex:phys0.2,slice d3,0.4014756944444444,-3.146701388888889,4.123263888888888,36
J learned,slice d3,7.682291666666667,4.709201388888888,10.894097222222223,36
J oracle,slice d3,5.653211805555555,3.5590277777777777,7.866753472222222,36
J phys0.2,slice d3,12.825520833333334,9.483506944444445,16.13498263888889,36
pred: learned - oracle,slice d3,-3.5698784722222223,-6.521267361111111,-0.8680555555555556,36
reflex: learned - oracle,slice d3,-1.5407986111111112,-3.5481770833333335,0.18446180555555555,36
rtc_reflex: learned - oracle,slice d3,2.3871527777777777,0.9874131944444444,3.90625,36
