method,delay,execute_horizon,k,count,far_count,share_far
late1,4,4,4,2525,800,0.31683168316831684
late1,4,4,5,2510,1038,0.41354581673306773
late1,4,4,6,2484,1084,0.4363929146537842
late1,4,4,7,2464,1176,0.4772727272727273
m3,1,7,1,1378,218,0.15820029027576196
m3,1,7,2,1365,321,0.23516483516483516
m3,1,7,3,1356,375,0.27654867256637167
m3,1,7,4,1342,450,0.3353204172876304
m3,1,7,5,1329,515,0.3875094055680963
m3,1,7,6,1314,564,0.4292237442922374
m3,1,7,7,1302,604,0.46390168970814133
m3,3,5,3,1924,595,0.3092515592515592
m3,3,5,4,1905,708,0.3716535433070866
m3,3,5,5,1890,800,0.42328042328042326
m3,3,5,6,1865,853,0.457372654155496
m3,3,5,7,1842,922,0.500542888165038
pred,3,5,3,1968,480,0.24390243902439024
pred,3,5,4,1952,688,0.3524590163934426
pred,3,5,5,1937,760,0.39235931853381517
pred,3,5,6,1910,858,0.4492146596858639
pred,3,5,7,1896,910,0.479957805907173
reflex,3,5,3,1995,628,0.3147869674185464
reflex,3,5,4,1978,802,0.40546006066734075
reflex,3,5,5,1962,854,0.4352701325178389
reflex,3,5,6,1933,901,0.4661148473874806
reflex,3,5,7,1914,971,0.5073145245559039
t3,1,7,1,1358,247,0.18188512518409425
t3,1,7,2,1349,364,0.2698295033358043
t3,1,7,3,1343,463,0.3447505584512286
t3,1,7,4,1326,513,0.38687782805429866
t3,1,7,5,1318,604,0.4582701062215478
t3,1,7,6,1297,619,0.4772552043176561
t3,1,7,7,1281,638,0.49804839968774395
t3,3,5,3,2071,578,0.2790922259777885
t3,3,5,4,2060,747,0.36262135922330097
t3,3,5,5,2042,839,0.410871694417238
t3,3,5,6,2017,895,0.443728309370352
t3,3,5,7,1996,943,0.4724448897795591
