method,delay,execute_horizon,ms
naive,1,1,6.412457907572389
naive,1,4,6.496999994851649
naive,1,7,6.459709024056792
realtime,1,1,9.828125010244548
realtime,1,4,9.854833013378084
realtime,1,7,9.84358403366059
realtime10,1,1,19.594207988120615
realtime10,1,4,19.645583000965416
realtime10,1,7,19.31995793711394
rtc_reflex,1,1,26.91379201132804
rtc_reflex,1,4,40.74941703584045
rtc_reflex,1,5,43.31350000575185
rtc_reflex,1,6,48.86070906650275
rtc_reflex,1,7,51.45350005477667
rtc_reflex,3,5,43.23349997866899
pred,1,1,6.751209031790495
pred,1,4,18.804250052198768
pred,1,5,20.27924999129027
pred,1,6,21.608749986626208
pred,1,7,22.42020796984434
pred,2,2,14.189000008627772
pred,2,6,21.382040926255286
pred,3,3,16.739874961785972
pred,3,4,18.491540919058025
pred,3,5,19.87237494904548
pred,4,4,18.728916998952627
reflex,1,1,17.22574990708381
reflex,1,4,37.927291938103735
reflex,1,5,40.57341697625816
reflex,1,6,45.50174996256828
reflex,1,7,48.9233749685809
reflex,2,2,28.89391698408872
reflex,2,6,45.17595795914531
reflex,3,3,35.45312490314245
reflex,3,4,37.481750012375414
reflex,3,5,40.467165992595255
reflex,4,4,37.210665992461145
t3,1,1,12.657333980314434
t3,1,4,28.59433402772993
t3,1,5,30.500792083330452
t3,1,6,34.99166702385992
t3,1,7,37.647583056241274
t3,2,2,23.21429189760238
t3,2,6,34.952124929986894
t3,3,3,26.85775002464652
t3,3,4,28.362541110254824
t3,3,5,30.89287504553795
t3,4,4,28.579290956258774
m3,1,1,10.07575006224215
m3,1,4,25.27741703670472
m3,1,5,27.2530410438776
m3,1,6,30.144041986204684
m3,1,7,32.63175010215491
m3,2,2,20.300750038586557
m3,2,6,30.376499984413385
m3,3,3,24.498166050761938
m3,3,4,25.36500000860542
m3,3,5,27.874667081050575
m3,4,4,25.389290996827185
