level,sigma,k,n,chunk,pred,lin,chunk_lin,floor,dev,rho,rho_total,rel
worlds/l/grasp_easy.json,0.05,1,988,0.10718000680208206,0.004203702788800001,0.0010749701177701354,0.10241198539733887,0.10507065057754517,0.16592584550380707,0.7442801806459303,0.989970423124201,0.039220960272586404
worlds/l/grasp_easy.json,0.05,2,964,0.20888270437717438,0.010912097059190273,0.006677734199911356,0.21144141256809235,0.2108815312385559,0.2414865791797638,0.3880429981799599,0.968031177019551,0.05224030918082412
worlds/l/grasp_easy.json,0.05,3,948,0.20782071352005005,0.025140738114714622,0.03893589228391647,0.2198425680398941,0.19270798563957214,0.29091447591781616,-0.5487171500795232,0.8126467202213699,0.1209732066110393
worlds/l/grasp_easy.json,0.05,4,913,0.21470806002616882,0.014809977263212204,0.006001782603561878,0.2097003012895584,0.20891287922859192,0.3713459372520447,0.5947473451920666,0.9720467755014396,0.06897727668633935
worlds/l/grasp_easy.json,0.05,5,888,0.19886058568954468,0.02530498616397381,0.013825851492583752,0.1934000700712204,0.1945582926273346,0.39526861906051636,0.45363133561924907,0.9304746516528506,0.1272498825055218
worlds/l/grasp_easy.json,0.05,6,860,0.286406934261322,0.03679028898477554,0.0403553731739521,0.2769250273704529,0.2874162793159485,0.48155924677848816,-0.09690285908468543,0.8590977789066683,0.12845460281770807
worlds/l/grasp_easy.json,0.05,7,826,0.3134461045265198,0.08244213461875916,0.11102980375289917,0.3858416974544525,0.3528870642185211,0.5329808592796326,-0.34676041888458187,0.6457770501866127,0.26301853310090817
worlds/l/grasp_easy.json,0.1,1,988,0.11368688941001892,0.011317025870084763,0.0030380378011614084,0.10192769765853882,0.10507065057754517,0.30363112688064575,0.7315515722914351,0.9732771490457045,0.09954556702901067
worlds/l/grasp_easy.json,0.1,2,964,0.21660646796226501,0.04151304438710213,0.030519623309373856,0.22059687972068787,0.2108815312385559,0.44632184505462646,0.26481847429006833,0.8591010527225315,0.19165191500345274
worlds/l/grasp_easy.json,0.1,3,948,0.2083941400051117,0.06928383558988571,0.17425470054149628,0.3606773912906647,0.19270798563957214,0.5307033658027649,-1.5150844934880392,0.16382149451408767,0.33246537348980276
worlds/l/grasp_easy.json,0.1,4,915,0.22743506729602814,0.05225657299160957,0.028099434450268745,0.21729829907417297,0.2084576040506363,0.6573175191879272,0.4622794255034587,0.8764507391742951,0.22976480106118696
worlds/l/grasp_easy.json,0.1,5,888,0.21178458631038666,0.048120275139808655,0.03948567062616348,0.2124062329530716,0.1945582926273346,0.6771931052207947,0.1794379705552014,0.8135573919043656,0.2272133018655318
worlds/l/grasp_easy.json,0.1,6,858,0.27213728427886963,0.09806694090366364,0.13848848640918732,0.3009609282016754,0.2880730926990509,0.8282971382141113,-0.41218319989436525,0.4911080016978754,0.3603583432660798
worlds/l/grasp_easy.json,0.1,7,824,0.310930997133255,0.16363394260406494,0.22162291407585144,0.4596627950668335,0.3537413477897644,0.8558361530303955,-0.3543822910390839,0.28722798267401106,0.5262709222070153
worlds/l/grasp_easy.json,0.2,1,988,0.12965433299541473,0.04664997383952141,0.02272420935332775,0.10879846662282944,0.10507065057754517,0.5670698285102844,0.5128784116471247,0.8247323569654136,0.35980265959311364
worlds/l/grasp_easy.json,0.2,2,964,0.23535075783729553,0.11614902317523956,0.10624413192272186,0.2521646320819855,0.2108815312385559,0.845892071723938,0.08527743911865471,0.54857110765638,0.49351454927345756
worlds/l/grasp_easy.json,0.2,3,948,0.2523576617240906,0.15967385470867157,0.6014412045478821,0.7770817279815674,0.19270798563957214,0.962295413017273,-2.7666855706917373,-1.3832888624774702,0.6327283808931757
worlds/l/grasp_easy.json,0.2,4,914,0.26559978723526,0.1416744440793991,0.1281142681837082,0.2868994176387787,0.20774027705192566,1.092751383781433,0.09571363405591582,0.517641676157562,0.5334132438664505
worlds/l/grasp_easy.json,0.2,5,888,0.25813397765159607,0.14866036176681519,0.2310076802968979,0.3755241334438324,0.1945582926273346,1.157082438468933,-0.5539292219620089,0.10508611691294123,0.5759038895974491
worlds/l/grasp_easy.json,0.2,6,858,0.3026282489299774,0.22067143023014069,3.6612868309020996,3.9691402912139893,0.2880730926990509,1.2853212356567383,-15.59157611424235,-11.09829830442978,0.7291831843536853
worlds/l/grasp_easy.json,0.2,7,823,0.3234011232852936,0.2701423168182373,0.7543419003486633,0.9914068579673767,0.3541781008243561,1.3541057109832764,-1.7923870248592526,-1.3325271498306095,0.8353165693241172
worlds/l/grasp_easy.json,0.4,1,988,0.19530221819877625,0.15573762357234955,0.19885043799877167,0.24657216668128967,0.10507065057754517,1.0851712226867676,-0.27682979512265127,-0.018167841782442462,0.7974186110566428
worlds/l/grasp_easy.json,0.4,2,964,0.35931769013404846,0.2852711081504822,0.5345749258995056,0.6453667283058167,0.2108815312385559,1.5004222393035889,-0.8739189165189285,-0.4877500901780678,0.7939244740331538
worlds/l/grasp_easy.json,0.4,3,948,0.4388589560985565,0.39223021268844604,2.5454795360565186,2.7367191314697266,0.19270798563957214,1.7022806406021118,-5.489758957141908,-4.800222373688709,0.8937500471116309
worlds/l/grasp_easy.json,0.4,4,913,0.4670731723308563,0.42330294847488403,1.0184367895126343,1.1197476387023926,0.20891287922859192,1.9082534313201904,-1.4059288818609814,-1.1804651815694815,0.9062882938929167
worlds/l/grasp_easy.json,0.4,5,887,0.44813719391822815,0.4248516857624054,1.253245234489441,1.4000184535980225,0.19477702677249908,2.0916149616241455,-1.9498417365120386,-1.7965659880445481,0.948039331544367
worlds/l/grasp_easy.json,0.4,6,859,0.5455954670906067,0.4853239357471466,5.027946472167969,5.251125335693359,0.28400805592536926,2.3038084506988525,-9.35998042096882,-8.215520977436897,0.889530732971704
worlds/l/grasp_easy.json,0.4,7,823,0.5466760993003845,0.5742802023887634,1.841454267501831,2.0090858936309814,0.34826725721359253,2.5172202587127686,-2.2065431819557038,-2.3684557818760594,1.0504944392551743
worlds/l/catapult.json,0.05,1,1020,0.0538395494222641,0.0020887518767267466,0.002734722336754203,0.053171306848526,0.054852548986673355,0.021892214193940163,-0.3092614624192451,0.9492060694025176,0.03879586473402007
worlds/l/catapult.json,0.05,2,1016,0.12412798404693604,0.0015391383785754442,0.0002093984658131376,0.12287123501300812,0.12327572703361511,0.02639084681868553,0.863950851510215,0.9983130438521103,0.012399608278447959
worlds/l/catapult.json,0.05,3,1008,0.14435702562332153,0.0014889345038682222,0.003234408563002944,0.14177584648132324,0.14636051654815674,0.035982146859169006,-1.17229740771002,0.9775943806750171,0.010314250362523944
worlds/l/catapult.json,0.05,4,996,0.20974905788898468,0.004305927082896233,0.049289245158433914,0.25616228580474854,0.21193145215511322,0.046883318573236465,-10.44683693186955,0.7650085027579883,0.020528945999725347
worlds/l/catapult.json,0.05,5,992,0.2151845097541809,0.015595032833516598,0.013143325224518776,0.20953887701034546,0.21641986072063446,0.04179592803120613,0.15721080136033128,0.9389206721267566,0.0724728413366362
worlds/l/catapult.json,0.05,6,980,0.24747858941555023,0.03270196542143822,0.08529193699359894,0.31290510296821594,0.23386290669441223,0.06052149832248688,-1.6081593535563048,0.6553562989225619,0.13214058435789436
worlds/l/catapult.json,0.05,7,976,0.27187392115592957,0.021427391096949577,0.03550794720649719,0.3027406334877014,0.2866680920124054,0.06086736544966698,-0.6571288145084604,0.8693955379922884,0.07881370528606232
worlds/l/catapult.json,0.1,1,1020,0.052956610918045044,0.006983701139688492,0.010553162544965744,0.05777909979224205,0.054852548986673355,0.041944555938243866,-0.5111131381312901,0.8007205830958919,0.131875907816238
worlds/l/catapult.json,0.1,2,1016,0.1266927570104599,0.009764774702489376,0.0031013954430818558,0.1216801255941391,0.12327572703361511,0.05637045204639435,0.6823894521302981,0.9755203413654832,0.07707445108076057
worlds/l/catapult.json,0.1,3,1008,0.14325100183486938,0.004524463787674904,0.007754428777843714,0.14489200711250305,0.14636051654815674,0.0708245038986206,-0.7138890135373746,0.9458682405112774,0.031584168555347465
worlds/l/catapult.json,0.1,4,996,0.21371451020240784,0.020773528143763542,0.09247159957885742,0.2910653352737427,0.21193145215511322,0.0873691514134407,-3.451415230908597,0.5673124885564481,0.09720223546865886
worlds/l/catapult.json,0.1,5,992,0.21756190061569214,0.028737526386976242,0.0337308906018734,0.2198685258626938,0.21641986072063446,0.08672260493040085,-0.17375762087721425,0.844959570097447,0.13208896551119523
worlds/l/catapult.json,0.1,6,980,0.23529447615146637,0.043034620583057404,0.8262744545936584,1.0443763732910156,0.23386290669441223,0.10250484198331833,-18.200226315436836,-2.5116610815026523,0.18289685880834142
worlds/l/catapult.json,0.1,7,976,0.24461393058300018,0.056411948055028915,0.041571103036403656,0.2752515375614166,0.2866680920124054,0.1255551278591156,0.2630798178454724,0.8300542289749188,0.2306162528053067
worlds/l/catapult.json,0.2,1,1020,0.0638745054602623,0.01861620880663395,0.030705595389008522,0.07723963260650635,0.054852548986673355,0.08190038800239563,-0.6494011056680069,0.5192824560009919,0.29144975248717175
worlds/l/catapult.json,0.2,2,1016,0.13407741487026215,0.03782430663704872,0.039624590426683426,0.13951417803764343,0.12327572703361511,0.11218541115522385,-0.04759594952816237,0.7044648387274954,0.2821079648175556
worlds/l/catapult.json,0.2,3,1008,0.15620973706245422,0.03266283497214317,0.02975967712700367,0.15174804627895355,0.14636051654815674,0.1403687298297882,0.08888260457536801,0.8094889749727608,0.20909602427078053
worlds/l/catapult.json,0.2,4,996,0.23893916606903076,0.07841227948665619,0.19404439628124237,0.3596953749656677,0.21193145215511322,0.1668459177017212,-1.4746684773303125,0.18789205020837008,0.32816838183825614
worlds/l/catapult.json,0.2,5,992,0.25121554732322693,0.07360590249300003,0.30140164494514465,0.4880791902542114,0.21641986072063446,0.16945374011993408,-3.0948026549067604,-0.19977305607341922,0.29299899340344115
worlds/l/catapult.json,0.2,6,980,0.2521797716617584,0.07726360112428665,1.9784263372421265,2.2292182445526123,0.23386290669441223,0.19371365010738373,-24.606188534490116,-6.8453014855439465,0.3063830243605666
worlds/l/catapult.json,0.2,7,976,0.3165087103843689,0.11973608285188675,0.1381731480360031,0.3366999328136444,0.2866680920124054,0.21871551871299744,-0.1539808614494511,0.5634459858365183,0.3783026467312036
worlds/l/catapult.json,0.4,1,1020,0.09859328716993332,0.08206558972597122,0.1698124259710312,0.19796884059906006,0.054852548986673355,0.1824154406785965,-1.0692281203127796,-0.7223528177769958,0.8323648808313359
worlds/l/catapult.json,0.4,2,1016,0.18947800993919373,0.15458711981773376,0.1827966868877411,0.2655743360519409,0.12327572703361511,0.2415463775396347,-0.18248329552467157,0.03526173329346649,0.8158578394788031
worlds/l/catapult.json,0.4,3,1008,0.19242674112319946,0.10952500253915787,0.18664520978927612,0.2816808223724365,0.14636051654815674,0.2771633565425873,-0.7041333527707145,0.03004536323889495,0.5691776615862111
worlds/l/catapult.json,0.4,4,996,0.2649991810321808,0.15409736335277557,0.32008999586105347,0.4610569477081299,0.21193145215511322,0.3142591714859009,-1.0771932036777971,-0.20789050975286827,0.5815012814475922
worlds/l/catapult.json,0.4,5,992,0.2750258147716522,0.16452062129974365,0.8450711369514465,1.0663201808929443,0.21641986072063446,0.3192797005176544,-4.136566652102494,-2.0726975126065534,0.5982006504965414
worlds/l/catapult.json,0.4,6,980,0.29926443099975586,0.1835060864686966,3.283076047897339,3.494311571121216,0.23386290669441223,0.3302924335002899,-16.890829187605082,-9.970485322727903,0.613190434478484
worlds/l/catapult.json,0.4,7,976,0.33075758814811707,0.2426324039697647,0.45697030425071716,0.6897536516189575,0.2866680920124054,0.37739866971969604,-0.8833853054007652,-0.38158675908012896,0.7335656464549836
worlds/l/cartpole_thrust.json,0.05,1,1004,0.014451838098466396,0.0023617814294993877,0.00043785999878309667,0.013046719133853912,0.013420216739177704,0.023285625502467155,0.8146060455408412,0.9697021239928254,0.1634242933949015
worlds/l/cartpole_thrust.json,0.05,2,984,0.034517768770456314,0.0038745396304875612,0.0008249611128121614,0.03160027787089348,0.032180264592170715,0.0325564406812191,0.7870815138085578,0.9761003928643777,0.11224768484467547
worlds/l/cartpole_thrust.json,0.05,3,944,0.062066491693258286,0.011748332530260086,0.0035688846837729216,0.0552414208650589,0.05153374746441841,0.04112811014056206,0.6962220234590251,0.9424990105545055,0.18928623496752597
worlds/l/cartpole_thrust.json,0.05,4,916,0.06674276292324066,0.01459449902176857,0.005239473190158606,0.06058570370078087,0.058784499764442444,0.04829341918230057,0.6409967082567467,0.9214975083338338,0.21866788821064198
worlds/l/cartpole_thrust.json,0.05,5,904,0.07039414346218109,0.023706521838903427,0.012017426081001759,0.06655148416757584,0.05901728942990303,0.05364977568387985,0.4930751055483541,0.8292837231912898,0.3367683826089828
worlds/l/cartpole_thrust.json,0.05,6,873,0.12120132893323898,0.04703604802489281,0.027819573879241943,0.12679226696491241,0.10398167371749878,0.058378275483846664,0.40854780434531746,0.7704680788230818,0.38808194958655573
worlds/l/cartpole_thrust.json,0.05,7,844,0.1642182320356369,0.06271098554134369,0.04034266620874405,0.17397619783878326,0.1423327922821045,0.06570272147655487,0.3566890097406108,0.7543350351014051,0.381875902352516
worlds/l/cartpole_thrust.json,0.1,1,1004,0.019584093242883682,0.007632664870470762,0.0021133103873580694,0.013385195285081863,0.013420216739177704,0.04462725296616554,0.723122864265397,0.892090465402273,0.38973797641840074
worlds/l/cartpole_thrust.json,0.1,2,984,0.0446094311773777,0.015911860391497612,0.011367520317435265,0.03898736834526062,0.032180264592170715,0.0644378736615181,0.2855945164331999,0.7451767481133014,0.35669274347454183
worlds/l/cartpole_thrust.json,0.1,3,944,0.08258473873138428,0.039233069866895676,0.016579240560531616,0.062415096908807755,0.05153374746441841,0.07998616993427277,0.5774166891150939,0.799245710342956,0.47506440620349294
worlds/l/cartpole_thrust.json,0.1,4,916,0.07718927413225174,0.041438907384872437,0.02740735374391079,0.07689189165830612,0.058784499764442444,0.09236934036016464,0.33860819520748187,0.6449331328475434,0.53684799929422
worlds/l/cartpole_thrust.json,0.1,5,904,0.08599977940320969,0.07060825824737549,0.057823747396469116,0.11514674127101898,0.05901728942990303,0.10530959814786911,0.18106254379078346,0.32762911954270646,0.8210283646929941
worlds/l/cartpole_thrust.json,0.1,6,871,0.12780316174030304,0.1075253039598465,0.1357763409614563,0.240921288728714,0.10422004014253616,0.11729200184345245,-0.2627384993225379,-0.062386400403417364,0.8413352415986288
worlds/l/cartpole_thrust.json,0.1,7,844,0.1711810976266861,0.14357250928878784,0.29300597310066223,0.43311259150505066,0.1423327922821045,0.13112306594848633,-1.040822261532656,-0.7116724753083039,0.838717073785171
worlds/l/cartpole_thrust.json,0.2,1,1004,0.03160742297768593,0.022601090371608734,0.009359127841889858,0.019574180245399475,0.013420216739177704,0.07850515097379684,0.5858992779548945,0.7038946247374493,0.7150564089822999
worlds/l/cartpole_thrust.json,0.2,2,984,0.07993827015161514,0.06985671818256378,0.07669490575790405,0.09862403571605682,0.032180264592170715,0.12060746550559998,-0.09788876078417141,0.04057336226515229,0.873883285816291
worlds/l/cartpole_thrust.json,0.2,3,942,0.12184774875640869,0.1144968643784523,0.10209549963474274,0.13958770036697388,0.05164291709661484,0.15900163352489471,0.10831182854683863,0.16210598327223558,0.9396715618221895
worlds/l/cartpole_thrust.json,0.2,4,916,0.14382627606391907,0.15947216749191284,0.1525377333164215,0.18862804770469666,0.058784499764442444,0.1914377212524414,0.043483664168814884,-0.0605693027095473,1.108783261697191
worlds/l/cartpole_thrust.json,0.2,5,903,0.19889362156391144,0.2177242934703827,0.24040277302265167,0.29212960600852966,0.0590725839138031,0.21615144610404968,-0.10416145663301446,-0.20870026465580693,1.0946771030584321
worlds/l/cartpole_thrust.json,0.2,6,868,0.2456580102443695,0.2927524149417877,0.7443205714225769,0.859036922454834,0.10457979142665863,0.2537281811237335,-1.5424916531280575,-2.02990556132145,1.1917071812580864
worlds/l/cartpole_thrust.json,0.2,7,843,0.3158876299858093,0.3800404369831085,1.4733290672302246,1.6943734884262085,0.1418023407459259,0.2875475287437439,-2.876769216786552,-3.6640923143980384,1.203087430173132
worlds/l/cartpole_thrust.json,0.4,1,1004,0.07388564199209213,0.0663226991891861,0.06378041952848434,0.06752369552850723,0.013420216739177704,0.138482466340065,0.03833196917166892,0.13676841929165795,0.8976398851117043
worlds/l/cartpole_thrust.json,0.4,2,983,0.16288311779499054,0.1681530922651291,0.2249995470046997,0.23839415609836578,0.03221289813518524,0.22495955228805542,-0.3380636893072422,-0.381355846146626,1.0323543319987987
worlds/l/cartpole_thrust.json,0.4,3,942,0.22423262894153595,0.25010108947753906,0.4661084711551666,0.5034427046775818,0.05164291709661484,0.30120226740837097,-0.8636802907530983,-1.078682631316314,1.1153643903570687
worlds/l/cartpole_thrust.json,0.4,4,916,0.26651641726493835,0.33062243461608887,0.6295198202133179,0.6829286217689514,0.058784499764442444,0.3792916238307953,-0.9040444758211938,-1.3620301768784677,1.2405330898900089
worlds/l/cartpole_thrust.json,0.4,5,899,0.34630459547042847,0.41139447689056396,1.14193856716156,1.2217657566070557,0.05932486802339554,0.4504876434803009,-1.7757751533094353,-2.297497584778866,1.187955580929314
worlds/l/cartpole_thrust.json,0.4,6,863,0.4069701135158539,0.524797260761261,5.039325714111328,5.414360046386719,0.10518496483564377,0.5281717777252197,-8.602423813724519,-11.382544925906497,1.2895228502837397
worlds/l/cartpole_thrust.json,0.4,7,833,0.5021875500679016,0.6226722598075867,9.677225112915039,10.19428825378418,0.14208808541297913,0.6066226959228516,-14.541442485177386,-18.270141427453876,1.2399197465635978
worlds/l/hard_lunar_lander.json,0.05,1,1004,0.014670624397695065,0.0033491465728729963,0.002247248310595751,0.009855258278548717,0.009705795906484127,0.029630236327648163,0.3290086708065466,0.8468198592182061,0.22828929990186297
worlds/l/hard_lunar_lander.json,0.05,2,980,0.03537864238023758,0.002039270242676139,0.000300325860735029,0.03508651256561279,0.03609244152903557,0.042369868606328964,0.8527287583322402,0.9915110970763878,0.05764128031705564
worlds/l/hard_lunar_lander.json,0.05,3,955,0.03407670184969902,0.0019414509879425168,0.00022118331980891526,0.031168054789304733,0.03139291703701019,0.053481459617614746,0.8860731889794871,0.993509250960246,0.056972972223239514
worlds/l/hard_lunar_lander.json,0.05,4,936,0.04670625180006027,0.00306068011559546,0.0012183920480310917,0.0443103164434433,0.043737176805734634,0.06377071142196655,0.6019211410487268,0.9739137267266323,0.06553041611426225
worlds/l/hard_lunar_lander.json,0.05,5,924,0.04327431321144104,0.003442472079768777,0.0009484034380875528,0.042091384530067444,0.04302321374416351,0.07859943807125092,0.7244993086040498,0.9780839170467341,0.07955001071764305
worlds/l/hard_lunar_lander.json,0.05,6,913,0.05929872766137123,0.015743013471364975,0.00901534128934145,0.05548570305109024,0.04763180762529373,0.10288023948669434,0.4273433541971181,0.8479673739237026,0.2654865305250115
worlds/l/hard_lunar_lander.json,0.05,7,894,0.05604963004589081,0.007256851997226477,0.0011702837655320764,0.05356648936867714,0.05255240574479103,0.1013464704155922,0.8387339626081183,0.9791205800185674,0.12947189823170835
worlds/l/hard_lunar_lander.json,0.1,1,1004,0.015032250434160233,0.0086678396910429,0.00503480713814497,0.012802143581211567,0.009705795906484127,0.05734298378229141,0.41913933372028134,0.6650663079226277,0.5766162378019963
worlds/l/hard_lunar_lander.json,0.1,2,980,0.033374715596437454,0.014011441729962826,0.006387015804648399,0.031492237001657486,0.03609244152903557,0.08582828938961029,0.5441571304550296,0.80862710916014,0.41982205629516917
worlds/l/hard_lunar_lander.json,0.1,3,955,0.03682940453290939,0.006490156054496765,0.0026138185057789087,0.031088564544916153,0.03139291703701019,0.1130760982632637,0.5972641514578221,0.929029031586886,0.17622212840007775
worlds/l/hard_lunar_lander.json,0.1,4,935,0.052626464515924454,0.01055657397955656,0.0053223976865410805,0.04627673327922821,0.0432480126619339,0.1327250599861145,0.49582149503728923,0.898864616205967,0.20059439821123085
worlds/l/hard_lunar_lander.json,0.1,5,922,0.0682046115398407,0.033755216747522354,0.021526535972952843,0.05648975446820259,0.04278647527098656,0.1659298688173294,0.3622752852110511,0.6843829839808054,0.49491106224987075
worlds/l/hard_lunar_lander.json,0.1,6,907,0.061339154839515686,0.023191090673208237,0.015360655263066292,0.056791484355926514,0.04690130800008774,0.18720397353172302,0.33764843234338016,0.7495783027455294,0.3780797230396164
worlds/l/hard_lunar_lander.json,0.1,7,890,0.0651635229587555,0.019232582300901413,0.009932580403983593,0.059613607823848724,0.05273406580090523,0.20491620898246765,0.4835545092913466,0.8475745332205211,0.29514337819142245
worlds/l/hard_lunar_lander.json,0.2,1,1004,0.03269355371594429,0.026818271726369858,0.0204144474118948,0.025966165587306023,0.009705795906484127,0.10890375822782516,0.23878586882160302,0.37558187802817855,0.8202923414009557
worlds/l/hard_lunar_lander.json,0.2,2,979,0.049493588507175446,0.03889806196093559,0.02122417278587818,0.052691828459501266,0.036100152879953384,0.16519637405872345,0.45436426094459104,0.5711732887826236,0.7859212300861202
worlds/l/hard_lunar_lander.json,0.2,3,952,0.05046270787715912,0.02842417173087597,0.014362703077495098,0.03824254870414734,0.03139244392514229,0.20578977465629578,0.49470108703665394,0.7153798580833576,0.5632708375473757
worlds/l/hard_lunar_lander.json,0.2,4,934,0.07146670669317245,0.04074014350771904,0.04873502999544144,0.07863360643386841,0.04328479990363121,0.25030791759490967,-0.19624099964713193,0.31807365624562467,0.5700576589128198
worlds/l/hard_lunar_lander.json,0.2,5,921,0.09083779901266098,0.07153007388114929,0.04487120732665062,0.07333812862634659,0.04281892627477646,0.30505961179733276,0.3726945200531133,0.5060293422521558,0.7874483382317468
worlds/l/hard_lunar_lander.json,0.2,6,905,0.08950088918209076,0.07891571521759033,0.07453066110610962,0.10019014775753021,0.0456354133784771,0.34567490220069885,0.0555662975288258,0.1672634564057125,0.8817310748392148
worlds/l/hard_lunar_lander.json,0.2,7,884,0.08824072033166885,0.07521925121545792,0.06380267441272736,0.09282679110765457,0.0476418137550354,0.38895323872566223,0.1517773258607552,0.2769474889493948,0.8524324249930489
worlds/l/hard_lunar_lander.json,0.4,1,1004,0.041507821530103683,0.04068604111671448,0.08213072270154953,0.09797034412622452,0.009705795906484127,0.1847495287656784,-1.0186462100341562,-0.9786806359371079,0.980201793707887
worlds/l/hard_lunar_lander.json,0.4,2,977,0.08716247975826263,0.08258412778377533,0.06124056875705719,0.07855203002691269,0.03613724932074547,0.286920428276062,0.2584462607948176,0.29739758521209536,0.9474733625387328
worlds/l/hard_lunar_lander.json,0.4,3,950,0.0944875106215477,0.09052129089832306,0.08658843487501144,0.0968983843922615,0.031538236886262894,0.3700050711631775,0.04344675141375465,0.08359915183049482,0.9580238732385425
worlds/l/hard_lunar_lander.json,0.4,4,932,0.12742935121059418,0.11142852157354355,0.1447252333164215,0.17050321400165558,0.04156622663140297,0.45350223779678345,-0.29881677754202207,-0.1357291859490326,0.8744337196647333
worlds/l/hard_lunar_lander.json,0.4,5,922,0.16482077538967133,0.15764044225215912,0.14698435366153717,0.1629621684551239,0.04306987673044205,0.5543785095214844,0.06759742892357945,0.10821707206488418,0.9564355092946483
worlds/l/hard_lunar_lander.json,0.4,6,904,0.18476395308971405,0.19739605486392975,0.22524403035640717,0.24277043342590332,0.04566854238510132,0.6083316206932068,-0.1410766568342703,-0.21909077279288125,1.0683688650463223
worlds/l/hard_lunar_lander.json,0.4,7,884,0.20182406902313232,0.20699603855609894,0.25152745842933655,0.2920573651790619,0.04453419893980026,0.6918416619300842,-0.21513174930238566,-0.24627087168928008,1.0256261285286732
worlds/l/mjc_half_cheetah.json,0.05,1,1016,0.15341664850711823,0.0015138057060539722,6.877664418425411e-05,0.1508549600839615,0.15068615972995758,0.09240596741437912,0.9545670597559486,0.9995517002564356,0.009867284423070517
worlds/l/mjc_half_cheetah.json,0.05,2,1008,0.18740177154541016,0.007648375350981951,0.002399538643658161,0.19507768750190735,0.1922076940536499,0.15523891150951385,0.6862681898385006,0.987195752612847,0.04081271637887713
worlds/l/mjc_half_cheetah.json,0.05,3,992,0.35476770997047424,0.018953148275613785,0.1948438584804535,0.45924150943756104,0.3471759557723999,0.25938141345977783,-9.280289883615318,0.45078468810853867,0.05342410750175424
worlds/l/mjc_half_cheetah.json,0.05,4,977,0.3334776759147644,0.023758547380566597,0.07934895157814026,0.3988147974014282,0.3271622955799103,0.39422106742858887,-2.3398065255051774,0.7620561815405552,0.0712447911704866
worlds/l/mjc_half_cheetah.json,0.05,5,973,0.37975987792015076,0.05138614401221275,0.047325823456048965,0.3826856017112732,0.38431957364082336,0.4910050928592682,0.07901586379392056,0.8753796116766189,0.13531219857569401
worlds/l/mjc_half_cheetah.json,0.05,6,968,0.5281080603599548,0.0729818120598793,0.07814627885818481,0.5286431908607483,0.48517897725105286,0.5278634428977966,-0.07076375130379375,0.8520259683123926,0.13819484597552895
worlds/l/mjc_half_cheetah.json,0.05,7,957,0.5527399778366089,0.10517165809869766,0.1317865252494812,0.5755083560943604,0.5560964941978455,0.6344929933547974,-0.2530612108996797,0.7615759117600183,0.19027329723884498
worlds/l/mjc_half_cheetah.json,0.1,1,1016,0.15015661716461182,0.00894277822226286,0.0029207984916865826,0.15301522612571716,0.15068615972995758,0.18782883882522583,0.673390257580657,0.9805483198353849,0.0595563378499609
worlds/l/mjc_half_cheetah.json,0.1,2,1008,0.1924740970134735,0.028227733448147774,0.012995116412639618,0.19098521769046783,0.1922076940536499,0.2963659465312958,0.5396330195440356,0.9324838167094768,0.14665731070384908
worlds/l/mjc_half_cheetah.json,0.1,3,992,0.31930217146873474,0.053437914699316025,0.25475308299064636,0.4722401201725006,0.3471759557723999,0.45593956112861633,-3.767272159179278,0.20215674757604607,0.16735844436481864
worlds/l/mjc_half_cheetah.json,0.1,4,978,0.32961466908454895,0.04813724383711815,0.09334854036569595,0.40983864665031433,0.32683447003364563,0.6511468887329102,-0.9392165592521071,0.7167949453677037,0.14604096344016335
worlds/l/mjc_half_cheetah.json,0.1,5,974,0.39639177918434143,0.10253853350877762,0.09455404430627823,0.3982310891151428,0.38489019870758057,0.7449032068252563,0.07786818212897395,0.7614631552126463,0.2586797680813966
worlds/l/mjc_half_cheetah.json,0.1,6,969,0.5009281039237976,0.1559796780347824,0.2056790143251419,0.6317346692085266,0.48667672276496887,0.8373671770095825,-0.31862699626342916,0.5894041226394631,0.3113813675315578
worlds/l/mjc_half_cheetah.json,0.1,7,956,0.5578314661979675,0.17444762587547302,0.21234674751758575,0.6316043138504028,0.5555688142776489,0.9649961590766907,-0.2172521491875532,0.6193353003822368,0.3127246067068646
worlds/l/mjc_half_cheetah.json,0.2,1,1016,0.16374443471431732,0.034833453595638275,0.02444443665444851,0.16277875006198883,0.15068615972995758,0.350151002407074,0.2982482604736799,0.8507159238901989,0.2127306107008261
worlds/l/mjc_half_cheetah.json,0.2,2,1008,0.20275266468524933,0.07477280497550964,0.043213117867708206,0.21494752168655396,0.1922076940536499,0.5585839152336121,0.42207440416523345,0.78686781781738,0.3687882726058669
worlds/l/mjc_half_cheetah.json,0.2,3,992,0.3243303596973419,0.12565340101718903,0.195430725812912,0.38542410731315613,0.3471759557723999,0.7881675362586975,-0.5553158468522283,0.3974331419504369,0.3874241102018512
worlds/l/mjc_half_cheetah.json,0.2,4,977,0.3412599563598633,0.13447415828704834,0.22812610864639282,0.5109421610832214,0.3271622955799103,1.03538179397583,-0.6964308351306812,0.3315180864471813,0.39405197058996133
worlds/l/mjc_half_cheetah.json,0.2,5,973,0.4434029161930084,0.22230443358421326,0.2989356517791748,0.5259995460510254,0.38431957364082336,1.1432116031646729,-0.3447129549304835,0.3258148720676176,0.5013598816464404
worlds/l/mjc_half_cheetah.json,0.2,6,968,0.5692324638366699,0.3319759964942932,0.704967200756073,1.0799940824508667,0.48517897725105286,1.2556507587432861,-1.123548714969191,-0.23845220633507203,0.5831993387319301
worlds/l/mjc_half_cheetah.json,0.2,7,951,0.6254518628120422,0.39178231358528137,0.5059949159622192,0.8765177130699158,0.5522780418395996,1.3922265768051147,-0.29152056745940014,0.190993030723008,0.6263988275993319
worlds/l/mjc_half_cheetah.json,0.4,1,1016,0.21944758296012878,0.10339099168777466,0.08722104132175446,0.21809256076812744,0.15068615972995758,0.6992740035057068,0.1563961240922327,0.6025427113608193,0.47114208456130346
worlds/l/mjc_half_cheetah.json,0.4,2,1008,0.2836610674858093,0.18294304609298706,0.20639659464359283,0.39149975776672363,0.1922076940536499,1.0329463481903076,-0.12820136677228344,0.27238307155451214,0.6449353367893503
worlds/l/mjc_half_cheetah.json,0.4,3,991,0.4714811146259308,0.4115409553050995,0.5716138482093811,0.6469119787216187,0.3453894555568695,1.3672826290130615,-0.3889598127253464,-0.21237909743828198,0.8728683769902696
worlds/l/mjc_half_cheetah.json,0.4,4,976,0.5568801164627075,0.45765799283981323,0.8663532733917236,1.1080814599990845,0.327288955450058,1.6627017259597778,-0.8930146243397077,-0.5557267134886841,0.8218249840681124
worlds/l/mjc_half_cheetah.json,0.4,5,971,0.6097710132598877,0.517342746257782,1.3771263360977173,1.4256515502929688,0.3851049244403839,1.8526051044464111,-1.6619225765881747,-1.2584319460111475,0.8484213499950148
worlds/l/mjc_half_cheetah.json,0.4,6,963,0.876510739326477,0.7417092323303223,1.4637972116470337,1.7832616567611694,0.4852890968322754,1.9967474937438965,-0.9735458962106158,-0.6700276972896368,0.8462066681581812
worlds/l/mjc_half_cheetah.json,0.4,7,948,0.8347174525260925,0.7343927621841431,1.6784526109695435,1.9466983079910278,0.5574427247047424,2.1721503734588623,-1.2854972126600086,-1.010803303429284,0.8798100003320424
worlds/l/mjc_swimmer.json,0.05,1,1016,0.1271856427192688,0.012809793464839458,0.002083597704768181,0.12027403712272644,0.11923506110906601,0.11750154197216034,0.8373433802436179,0.9836176657976465,0.10071729159803001
worlds/l/mjc_swimmer.json,0.05,2,1012,0.22698341310024261,0.035869892686605453,0.046420615166425705,0.266961932182312,0.23005124926567078,0.2716410160064697,-0.2941386686601408,0.7954889543143623,0.15802869556272045
worlds/l/mjc_swimmer.json,0.05,3,1008,0.2671491205692291,0.07846834510564804,0.17615215480327606,0.45222070813179016,0.2752624452114105,0.44526711106300354,-1.2448817362735087,0.3406223669090166,0.2937248864546186
worlds/l/mjc_swimmer.json,0.05,4,1008,0.38603562116622925,0.12941031157970428,0.14816133677959442,0.4508779048919678,0.3766919672489166,0.5852577686309814,-0.14489591262857981,0.6161977583001459,0.335228938689001
worlds/l/mjc_swimmer.json,0.05,5,1004,0.37711331248283386,0.15256257355213165,0.23665934801101685,0.5511183738708496,0.37639302015304565,0.8055591583251953,-0.5512280797370579,0.37244499152548605,0.40455366729880765
worlds/l/mjc_swimmer.json,0.05,6,992,0.49240842461586,0.2657214403152466,0.5643944144248962,0.9163848161697388,0.5171560049057007,1.0206685066223145,-1.1240078096645494,-0.14619162916474115,0.5396362593157144
worlds/l/mjc_swimmer.json,0.05,7,983,0.5207192897796631,0.28985461592674255,0.45879456400871277,0.7997535467147827,0.517117977142334,1.2329940795898438,-0.5828437388924241,0.11892151296556175,0.5566427470919917
worlds/l/mjc_swimmer.json,0.1,1,1016,0.1305626928806305,0.019646888598799706,0.018588442355394363,0.13150569796562195,0.11923506110906601,0.19936761260032654,0.05387347915588048,0.8576282248376326,0.15047857979432347
worlds/l/mjc_swimmer.json,0.1,2,1012,0.21961547434329987,0.06551490724086761,0.06440591812133789,0.2606198787689209,0.23005124926567078,0.43131348490715027,0.016927279091649927,0.7067332422092468,0.29831644348729097
worlds/l/mjc_swimmer.json,0.1,3,1008,0.28939834237098694,0.13516250252723694,0.1317848265171051,0.4018668532371521,0.2752624452114105,0.6878782510757446,0.024989741584957592,0.5446248052514175,0.46704656778568815
worlds/l/mjc_swimmer.json,0.1,4,1008,0.3833279311656952,0.19245024025440216,0.23918862640857697,0.5019140243530273,0.3766919672489166,0.9044379591941833,-0.2428595884961786,0.3760208767432952,0.5020511802235843
worlds/l/mjc_swimmer.json,0.1,5,1003,0.3757413625717163,0.23226682841777802,0.28984615206718445,0.5652468800544739,0.37674349546432495,1.1124967336654663,-0.2479016226365247,0.22860195618771506,0.6181561349223195
worlds/l/mjc_swimmer.json,0.1,6,990,0.4709991216659546,0.368553102016449,0.9275691509246826,1.239906668663025,0.5152796506881714,1.3780686855316162,-1.5167856296683242,-0.969364927144259,0.7824921216686194
worlds/l/mjc_swimmer.json,0.1,7,982,0.5170344114303589,0.39273449778556824,0.6027870178222656,0.9162250757217407,0.5163536071777344,1.4855278730392456,-0.5348461141587448,-0.1658547371241208,0.759590636721995
worlds/l/mjc_swimmer.json,0.2,1,1016,0.1507670134305954,0.043225131928920746,0.04903344437479973,0.1610586792230606,0.11923506110906601,0.3664185404777527,-0.13437350417877614,0.6747733920101033,0.2867015200829666
worlds/l/mjc_swimmer.json,0.2,2,1012,0.21501566469669342,0.11196869611740112,0.13321305811405182,0.27904176712036133,0.23005124926567078,0.687167763710022,-0.18973483422880633,0.3804495207269407,0.520746691992637
worlds/l/mjc_swimmer.json,0.2,3,1008,0.3193751275539398,0.23764561116695404,0.5842244625091553,0.8352463841438293,0.2752624452114105,1.0531631708145142,-1.4583852385925944,-0.8292735160175697,0.7440955499166655
worlds/l/mjc_swimmer.json,0.2,4,1008,0.4272560477256775,0.2980507016181946,0.3943324089050293,0.5956898331642151,0.3766919672489166,1.250462532043457,-0.3230380158949344,0.077058333043859,0.6975927039646258
worlds/l/mjc_swimmer.json,0.2,5,1004,0.43838831782341003,0.3659992516040802,0.4749409854412079,0.7158151865005493,0.37639302015304565,1.4223723411560059,-0.2976556191294495,-0.0833796571023635,0.8348745546442929
worlds/l/mjc_swimmer.json,0.2,6,991,0.46888259053230286,0.4296664595603943,0.9579221606254578,1.2058851718902588,0.5176776647567749,1.6465818881988525,-1.229455288657018,-1.0429893964243133,0.9163625782578361
worlds/l/mjc_swimmer.json,0.2,7,983,0.5503905415534973,0.5260435342788696,0.9787994623184204,1.1751729249954224,0.5191409587860107,1.7727330923080444,-0.860681480783172,-0.7783726071231589,0.9557641248595817
worlds/l/mjc_swimmer.json,0.4,1,1016,0.20528896152973175,0.12818314135074615,0.1300150454044342,0.2208334505558014,0.11923506110906601,0.6210650205612183,-0.014291302540912376,0.3666729840922095,0.6244034769116485
worlds/l/mjc_swimmer.json,0.4,2,1012,0.2717132866382599,0.23870742321014404,0.3270376920700073,0.4661332070827484,0.23005124926567078,1.0473743677139282,-0.370035701747333,-0.20361317665485568,0.8785268698616953
worlds/l/mjc_swimmer.json,0.4,3,1008,0.38191157579421997,0.364147424697876,0.9526299238204956,1.2950042486190796,0.2752624452114105,1.4026038646697998,-1.616055639033748,-1.4943730020212525,0.9534862197894844
worlds/l/mjc_swimmer.json,0.4,4,1008,0.48411014676094055,0.4974583089351654,0.7449319958686829,0.9076431393623352,0.3766919672489166,1.5689905881881714,-0.49747623567339216,-0.5387655079176419,1.0275725726129354
worlds/l/mjc_swimmer.json,0.4,5,1003,0.501895010471344,0.5084924697875977,0.8567960858345032,1.0959758758544922,0.3765062987804413,1.767565131187439,-0.6849730069599564,-0.7071221429953276,1.0131450984341481
worlds/l/mjc_swimmer.json,0.4,6,986,0.5631328821182251,0.6447712779045105,1.6113449335098267,1.7746429443359375,0.5145003795623779,1.925421118736267,-1.4990953982110597,-1.8613937929689888,1.1449718146083079
worlds/l/mjc_swimmer.json,0.4,7,978,0.6199626922607422,0.6785525679588318,1.3255444765090942,1.4910372495651245,0.515588641166687,2.0121233463287354,-0.9534882617812388,-1.1381036198733074,1.0945054862647252
worlds/l/mjc_walker.json,0.05,1,1020,0.47631365060806274,0.013879741542041302,0.00605511199682951,0.4751659035682678,0.47906428575515747,0.07542537897825241,0.5637446145168651,0.9872875530879714,0.029139919723741702
worlds/l/mjc_walker.json,0.05,2,1012,0.6190558075904846,0.033208511769771576,0.020523779094219208,0.6092372536659241,0.6258071064949036,0.16791044175624847,0.3819723317772641,0.9668466415425409,0.0536438094313777
worlds/l/mjc_walker.json,0.05,3,1008,0.3716064989566803,0.0465918630361557,0.037559863179922104,0.43135887384414673,0.413715124130249,0.25316092371940613,0.19385358875271175,0.8989257096273211,0.12537956996706645
worlds/l/mjc_walker.json,0.05,4,1000,0.7261436581611633,0.10194124281406403,0.07237862050533295,0.7085070610046387,0.716825544834137,0.385539174079895,0.2899966833115022,0.9003246538176487,0.14038715572096722
worlds/l/mjc_walker.json,0.05,5,998,0.6325138211250305,0.09339865297079086,0.2232038974761963,0.6640128493309021,0.5510497689247131,0.5041142702102661,-1.3897978223090672,0.6471161735577711,0.14766262783739
worlds/l/mjc_walker.json,0.05,6,992,0.7705214619636536,0.12044377624988556,0.2540854811668396,0.9345287680625916,0.7495929002761841,0.6019712090492249,-1.109577506434925,0.6702421753194137,0.15631462872291418
worlds/l/mjc_walker.json,0.05,7,992,1.0103636980056763,0.19860899448394775,0.5795131325721741,1.379063606262207,0.8931001424789429,0.6872804760932922,-1.9178594558516444,0.4264311616539114,0.19657178387938476
worlds/l/mjc_walker.json,0.1,1,1020,0.4829047918319702,0.04598035663366318,0.017192833125591278,0.4730162024497986,0.47906428575515747,0.13270999491214752,0.6260830845099612,0.9643970542094483,0.09521619460272893
worlds/l/mjc_walker.json,0.1,2,1012,0.5932875275611877,0.10171593725681305,0.0633101686835289,0.5788769125938416,0.6258071064949036,0.27239561080932617,0.37757867261564937,0.89328923036057,0.171444590576401
worlds/l/mjc_walker.json,0.1,3,1008,0.4002322852611542,0.08912722766399384,0.1368694305419922,0.5495942831039429,0.413715124130249,0.4080289304256439,-0.5356635018199443,0.6580250130179178,0.2226887508733528
worlds/l/mjc_walker.json,0.1,4,999,0.7073931694030762,0.11598357558250427,0.08651219308376312,0.7164299488067627,0.717541515827179,0.6002597808837891,0.2540996201464477,0.8777028153144804,0.16395913983785762
worlds/l/mjc_walker.json,0.1,5,995,0.6378922462463379,0.12982794642448425,0.28214412927627563,0.6795109510421753,0.5527069568634033,0.7265921235084534,-1.1732156831147877,0.557693119901447,0.2035264532347803
worlds/l/mjc_walker.json,0.1,6,992,0.7138370275497437,0.1982397884130478,0.872931718826294,1.4568191766738892,0.7495929002761841,0.8418188691139221,-3.4034132896039706,-0.22287256773810848,0.27771015058368276
worlds/l/mjc_walker.json,0.1,7,992,1.0665687322616577,0.26362693309783936,0.5319789052009583,1.1444463729858398,0.8931001424789429,0.9506307244300842,-1.0179232028752008,0.5012239819998308,0.24717294359344172
worlds/l/mjc_walker.json,0.2,1,1020,0.4641003906726837,0.07071185857057571,0.052979495376348495,0.479773610830307,0.47906428575515747,0.25254005193710327,0.2507692988514648,0.885844751607388,0.15236328172032654
worlds/l/mjc_walker.json,0.2,2,1011,0.6638637781143188,0.1565893292427063,0.15026569366455078,0.704620897769928,0.6258766651153564,0.46535545587539673,0.040383566420124195,0.773649807960038,0.23587569378689804
worlds/l/mjc_walker.json,0.2,3,1008,0.47049760818481445,0.19812417030334473,0.3059573173522949,0.6487566828727722,0.413715124130249,0.6834981441497803,-0.5442705293546395,0.34971546713556734,0.42109495745942305
worlds/l/mjc_walker.json,0.2,4,999,0.8789668679237366,0.32262876629829407,0.40882179141044617,1.0070757865905762,0.717541515827179,0.8697634339332581,-0.2671585243346226,0.5348837296038813,0.36705452511582826
worlds/l/mjc_walker.json,0.2,5,995,0.684043288230896,0.1805955171585083,0.41373565793037415,0.7993305921554565,0.5527069568634033,1.0376511812210083,-1.2909519817551134,0.39516158545989655,0.2640118253708368
worlds/l/mjc_walker.json,0.2,6,992,0.7632167339324951,0.397083580493927,0.8073447942733765,1.2931450605392456,0.7495929002761841,1.1373248100280762,-1.0331860442809822,-0.05781851783242531,0.5202763027062351
worlds/l/mjc_walker.json,0.2,7,992,1.1019757986068726,0.44685235619544983,1.7801809310913086,2.2744057178497314,0.8931001424789429,1.2346009016036987,-2.9838235300983196,-0.6154446706922501,0.405501061602591
worlds/l/mjc_walker.json,0.4,1,1020,0.5596525073051453,0.17334206402301788,0.17927809059619904,0.6145965456962585,0.47906428575515747,0.44016432762145996,-0.03424458227515337,0.6796617753765386,0.3097315955175463
worlds/l/mjc_walker.json,0.4,2,1010,0.7589836716651917,0.3395095467567444,0.3897137939929962,0.8878651261329651,0.6259464025497437,0.7696083188056946,-0.14787285870409628,0.48653204470397415,0.4473212790096903
worlds/l/mjc_walker.json,0.4,3,1008,0.570172131061554,0.2963849604129791,0.5716627836227417,0.9028876423835754,0.413715124130249,1.0041959285736084,-0.9287847224980439,-0.0026143904269968488,0.5198166382863465
worlds/l/mjc_walker.json,0.4,4,998,0.8773871064186096,0.5309011936187744,0.7187179923057556,1.0743852853775024,0.7182586789131165,1.2354745864868164,-0.35376978041199747,0.18084276934558863,0.6050934527472717
worlds/l/mjc_walker.json,0.4,5,993,0.6994282007217407,0.3411526381969452,0.8132422566413879,1.2461507320404053,0.5538161396980286,1.4466688632965088,-1.3838076145021878,-0.1627244309025606,0.48775934090862993
worlds/l/mjc_walker.json,0.4,6,992,0.821836531162262,0.6304619312286377,1.9579110145568848,2.403294801712036,0.7495929002761841,1.5295324325561523,-2.1055182201744174,-1.3823606524133911,0.7671378763572636
worlds/l/mjc_walker.json,0.4,7,991,1.214950680732727,0.6322342753410339,1.4974137544631958,1.7907840013504028,0.8928634524345398,1.6243244409561157,-1.3684476037865472,-0.23248933327904098,0.5203785514649356
worlds/l/h17_unicycle.json,0.05,1,1020,0.2803177833557129,0.022738784551620483,0.015783848240971565,0.26461631059646606,0.26917168498039246,0.024827174842357635,0.3058622722274429,0.9436930185019962,0.08111788085440803
worlds/l/h17_unicycle.json,0.05,2,1012,0.3698062300682068,0.04163092374801636,0.07702057808637619,0.4192838966846466,0.3620063364505768,0.030969670042395592,-0.8500809290845026,0.7917272024536456,0.11257496592293208
worlds/l/h17_unicycle.json,0.05,3,996,0.40123844146728516,0.03651066869497299,0.038036830723285675,0.3807765245437622,0.4070699214935303,0.03513661399483681,-0.04180044033328856,0.9052014293939804,0.09099494196382944
worlds/l/h17_unicycle.json,0.05,4,984,0.46989408135414124,0.07646428048610687,0.09836175292730331,0.4521852135658264,0.4391755759716034,0.037902627140283585,-0.2863751846219895,0.7906725008243468,0.1627266303626384
worlds/l/h17_unicycle.json,0.05,5,976,0.5472009181976318,0.08229983597993851,0.056087810546159744,0.5201352834701538,0.5516692399978638,0.038547925651073456,0.31849426091405864,0.8975005182175104,0.15040149466674393
worlds/l/h17_unicycle.json,0.05,6,972,0.5106257796287537,0.08297397941350937,0.13423898816108704,0.5344082713127136,0.5020731091499329,0.041958313435316086,-0.6178444026662047,0.7371088701031029,0.1624946932249189
worlds/l/h17_unicycle.json,0.05,7,956,0.5715841054916382,0.12349972128868103,0.1549432873725891,0.6717299222946167,0.5540701150894165,0.04337739199399948,-0.2546043485426872,0.7289230300774068,0.21606570249614426
worlds/l/h17_unicycle.json,0.1,1,1020,0.2956734001636505,0.058886706829071045,0.15144285559654236,0.41130101680755615,0.26917168498039246,0.04536651074886322,-1.5717664266084994,0.48780358492606657,0.1991613273175003
worlds/l/h17_unicycle.json,0.1,2,1012,0.4116348624229431,0.10988133400678635,0.2616455852985382,0.5449239015579224,0.3620063364505768,0.061360202729701996,-1.3811649873342344,0.3643745727500971,0.2669388432262727
worlds/l/h17_unicycle.json,0.1,3,996,0.41125279664993286,0.13332413136959076,0.18617592751979828,0.4474332928657532,0.4070699214935303,0.06764958798885345,-0.39641582965724265,0.5472956560140424,0.32419021209253707
worlds/l/h17_unicycle.json,0.1,4,984,0.5094028115272522,0.14778955280780792,1.1705950498580933,1.3730298280715942,0.4391755759716034,0.07209444791078568,-6.920688760594512,-1.2979752434983731,0.290123158850884
worlds/l/h17_unicycle.json,0.1,5,976,0.5993176102638245,0.22729693353176117,0.2559952735900879,0.6303142309188843,0.5516692399978638,0.07537806034088135,-0.12625924869468852,0.572855412212238,0.3792595606054413
worlds/l/h17_unicycle.json,0.1,6,972,0.5540903806686401,0.21719889342784882,1.175238013267517,1.4325461387634277,0.5020731091499329,0.08065499365329742,-4.4108839815886025,-1.1210222271848802,0.39199181398122696
worlds/l/h17_unicycle.json,0.1,7,956,0.5957872271537781,0.25883644819259644,0.8582490682601929,1.2235596179962158,0.5540701150894165,0.08432130515575409,-2.315796806258067,-0.44052948627358046,0.43444443988690684
worlds/l/h17_unicycle.json,0.2,1,1020,0.32179978489875793,0.1254042685031891,0.6099570393562317,0.866658091545105,0.26917168498039246,0.08519842475652695,-3.8639256592826436,-0.8954550872311224,0.3896965578850302
worlds/l/h17_unicycle.json,0.2,2,1012,0.43675515055656433,0.2037009745836258,1.1519041061401367,1.4790362119674683,0.3620063364505768,0.10835257917642593,-4.654877736813395,-1.6374139026689125,0.46639627334456446
worlds/l/h17_unicycle.json,0.2,3,996,0.5108280181884766,0.25597289204597473,0.6047896146774292,0.8607327342033386,0.4070699214935303,0.12398434430360794,-1.3627096207078218,-0.1839397862751615,0.5010940726268664
worlds/l/h17_unicycle.json,0.2,4,984,0.6702876091003418,0.40423160791397095,4.328459739685059,4.247910976409912,0.4391755759716034,0.1391444355249405,-9.70787057455004,-5.457615627856683,0.6030718790349258
worlds/l/h17_unicycle.json,0.2,5,976,0.7338075637817383,0.5587464570999146,0.9261943697929382,1.2336523532867432,0.5516692399978638,0.15488971769809723,-0.6576290695429268,-0.2621761010743997,0.7614345840486684
worlds/l/h17_unicycle.json,0.2,6,971,0.7852563858032227,0.6125917434692383,5.595424652099609,5.5688323974609375,0.5025898218154907,0.16519196331501007,-8.134019045721251,-6.125602227833097,0.7801168567927413
worlds/l/h17_unicycle.json,0.2,7,956,0.7969630360603333,0.7046735882759094,2.1900713443756104,2.558418035507202,0.5540701150894165,0.17372989654541016,-2.1079231303871504,-1.7480212322040658,0.8841985843651635
worlds/l/h17_unicycle.json,0.4,1,1020,0.3750157654285431,0.2012818157672882,2.2387592792510986,2.584798574447632,0.26917168498039246,0.15659745037555695,-10.122511344191361,-4.969773768558219,0.5367289440145983
worlds/l/h17_unicycle.json,0.4,2,1012,0.6061411499977112,0.44022923707962036,10.601383209228516,11.170802116394043,0.3620063364505768,0.21283788979053497,-23.081506443224118,-16.48995792360995,0.7262817201592116
worlds/l/h17_unicycle.json,0.4,3,996,0.7073496580123901,0.5548478364944458,2.7792766094207764,2.848228931427002,0.4070699214935303,0.2533038556575775,-4.009078934109889,-2.9291410944205105,0.7844039086037515
worlds/l/h17_unicycle.json,0.4,4,984,0.8600714206695557,0.7104127407073975,9.76888370513916,9.696516036987305,0.4391755759716034,0.263333261013031,-12.750997336297402,-10.358223829288733,0.8259927299460194
worlds/l/h17_unicycle.json,0.4,5,976,1.0445208549499512,0.9785170555114746,3.121415615081787,3.353856086730957,0.5516692399978638,0.27707114815711975,-2.189945027018677,-1.9883707924925553,0.9368094958318097
worlds/l/h17_unicycle.json,0.4,6,969,1.1905828714370728,1.1121785640716553,7.191108226776123,7.140429973602295,0.5036263465881348,0.30644384026527405,-5.465785674244316,-5.039989654895857,0.9341462830967987
worlds/l/h17_unicycle.json,0.4,7,956,1.1217676401138306,1.2401769161224365,11.495471000671387,11.801064491271973,0.5540701150894165,0.3280564248561859,-8.269218650362701,-9.247640054499069,1.1055559741379155
worlds/l/chain_lander.json,0.05,1,1004,0.04865194857120514,0.001386483432725072,0.00013009658141527325,0.04702427610754967,0.047368355095386505,0.027872085571289062,0.9061679509869266,0.9973259738769791,0.02849800415898795
worlds/l/chain_lander.json,0.05,2,1004,0.06818894296884537,0.004574089776724577,0.0008304885122925043,0.06494870036840439,0.06491860002279282,0.04359784349799156,0.8184363331654583,0.9878207745107305,0.0670796404457306
worlds/l/chain_lander.json,0.05,3,968,0.10669281333684921,0.00623359577730298,0.0020553835202008486,0.10368082672357559,0.10311321914196014,0.06505680829286575,0.6702732108994516,0.9807355017088957,0.058425638825572536
worlds/l/chain_lander.json,0.05,4,940,0.14426396787166595,0.00988985225558281,0.002503920579329133,0.13459151983261108,0.13640333712100983,0.07632649689912796,0.7468192128031363,0.9826434790594657,0.06855386276620787
worlds/l/chain_lander.json,0.05,5,924,0.17122632265090942,0.017165381461381912,0.006757510360330343,0.15819063782691956,0.1623336374759674,0.10449595749378204,0.6063291470956729,0.9605346289302298,0.1002496648624413
worlds/l/chain_lander.json,0.05,6,908,0.1916968673467636,0.029406826943159103,0.012168966233730316,0.18547947704792023,0.19555795192718506,0.14605575799942017,0.5861856752769725,0.9365197438948354,0.15340275169945586
worlds/l/chain_lander.json,0.05,7,876,0.24612665176391602,0.0349089652299881,0.021933529525995255,0.24167859554290771,0.2328205555677414,0.18073666095733643,0.37169350676846935,0.9108851911452733,0.14183334059845204
worlds/l/chain_lander.json,0.1,1,1004,0.05060723051428795,0.005922559183090925,0.0010223871795460582,0.047444622963666916,0.047368355095386505,0.0494525283575058,0.8273740881365943,0.9797976066037163,0.11702990112092397
worlds/l/chain_lander.json,0.1,2,1004,0.07361894100904465,0.013771256431937218,0.003335395595058799,0.0670776516199112,0.06491860002279282,0.0791240930557251,0.7578001969868479,0.9546937846518463,0.18706132203457415
worlds/l/chain_lander.json,0.1,3,968,0.1086965799331665,0.018104659393429756,0.00906156376004219,0.10757593810558319,0.10311321914196014,0.13304008543491364,0.49948996205194207,0.916634324965755,0.16656144475347467
worlds/l/chain_lander.json,0.1,4,940,0.1459813266992569,0.033602338284254074,0.013515893369913101,0.13886258006095886,0.13640333712100983,0.14454945921897888,0.5977692607110441,0.907413546132802,0.23018244212480585
worlds/l/chain_lander.json,0.1,5,924,0.17485451698303223,0.05537516251206398,0.02887091226875782,0.16997146606445312,0.1623336374759674,0.19909654557704926,0.4786306539061076,0.8348860940689371,0.31669277675816376
worlds/l/chain_lander.json,0.1,6,908,0.1914079338312149,0.07568557560443878,0.04006415233016014,0.19538986682891846,0.19555795192718506,0.2724454700946808,0.4706500940212117,0.7906870863279416,0.3954150389146301
worlds/l/chain_lander.json,0.1,7,876,0.2450636923313141,0.07805518805980682,0.08861292898654938,0.28370219469070435,0.2328205555677414,0.3185895085334778,-0.13525995118547507,0.6384085780167343,0.3185098017468864
worlds/l/chain_lander.json,0.2,1,1004,0.05965201184153557,0.020246347412467003,0.011013788171112537,0.051437851041555405,0.047368355095386505,0.09020683169364929,0.45601110428784675,0.8153660231884474,0.33940762075638015
worlds/l/chain_lander.json,0.2,2,1004,0.09238538891077042,0.03951621428132057,0.027324125170707703,0.0862896516919136,0.06491860002279282,0.15840868651866913,0.3085338343348367,0.7042375911076322,0.4277322934634929
worlds/l/chain_lander.json,0.2,3,968,0.16430826485157013,0.08479215949773788,0.07222973555326462,0.16434088349342346,0.10311321914196014,0.22486165165901184,0.14815549006990925,0.5604010813545245,0.5160553522632347
worlds/l/chain_lander.json,0.2,4,940,0.19809089601039886,0.1205766573548317,0.1340959519147873,0.25003230571746826,0.13640333712100983,0.28323397040367126,-0.11212198825657582,0.32305848165910733,0.6086935835178512
worlds/l/chain_lander.json,0.2,5,924,0.23216594755649567,0.15242505073547363,0.26272332668304443,0.4119812846183777,0.1623336374759674,0.3854847252368927,-0.7236230226945317,-0.13161869536923754,0.6565349153901316
worlds/l/chain_lander.json,0.2,6,908,0.25048166513442993,0.17665386199951172,0.2676733732223511,0.44625401496887207,0.19555795192718506,0.535577118396759,-0.5152421248684105,-0.06863459678254125,0.7052566578264485
worlds/l/chain_lander.json,0.2,7,876,0.3141515851020813,0.21906448900699615,0.4750828742980957,0.6491257548332214,0.2328205555677414,0.6717280745506287,-1.168689578359381,-0.5122727270140017,0.6973209730449481
worlds/l/chain_lander.json,0.4,1,1004,0.09921985119581223,0.07803627103567123,0.06424853205680847,0.09089510887861252,0.047368355095386505,0.16376875340938568,0.17668372406672583,0.35246292669787627,0.7864985695419477
worlds/l/chain_lander.json,0.4,2,1004,0.15657243132591248,0.11810056120157242,0.3117079436779022,0.3634662926197052,0.06491860002279282,0.2965663969516754,-1.6393434587146745,-0.9908226565701612,0.7542870746877581
worlds/l/chain_lander.json,0.4,3,968,0.25759896636009216,0.20992140471935272,0.4314437210559845,0.5211440920829773,0.10311321914196014,0.4504818916320801,-1.0552631192268769,-0.6748658861188068,0.814915555312858
worlds/l/chain_lander.json,0.4,4,940,0.31592750549316406,0.28451430797576904,0.6586006283760071,0.7783912420272827,0.13640333712100983,0.5493960380554199,-1.3148242809359783,-1.084657451233722,0.9005683361809258
worlds/l/chain_lander.json,0.4,5,924,0.3561875522136688,0.3348099887371063,1.4610215425491333,1.6188634634017944,0.1623336374759674,0.7208892703056335,-3.363733435970846,-3.1018321203788153,0.9399822836488722
worlds/l/chain_lander.json,0.4,6,908,0.3993922770023346,0.3816451132297516,1.1627285480499268,1.410433053970337,0.19555795192718506,0.970252513885498,-2.0466223927514577,-1.9112444456284021,0.9555645795011724
worlds/l/chain_lander.json,0.4,7,876,0.4820979833602905,0.4583020508289337,1.6166117191314697,1.8414462804794312,0.2328205555677414,1.1771440505981445,-2.5273935960083405,-2.3532845498822863,0.9506408793384784
worlds/l/catcher_v3.json,0.05,1,1016,0.07482122629880905,0.00251480913721025,0.00013752405357081443,0.07428675144910812,0.07455501705408096,0.06979043036699295,0.9453143176808345,0.998161964720792,0.033610905108224336
worlds/l/catcher_v3.json,0.05,2,1012,0.12761062383651733,0.005237828008830547,0.0007732134545221925,0.12203506380319595,0.12327367812395096,0.09383469074964523,0.8523789912118882,0.9939408379077218,0.04104539145220979
worlds/l/catcher_v3.json,0.05,3,992,0.10816123336553574,0.006439598277211189,0.0007063767989166081,0.10457850992679596,0.10620887577533722,0.12124831974506378,0.8903073191046135,0.9934692238897704,0.05953702705523224
worlds/l/catcher_v3.json,0.05,4,992,0.13813243806362152,0.010239160619676113,0.0009558714227750897,0.12652678787708282,0.13075973093509674,0.1542026400566101,0.9066455290350425,0.9930800365491643,0.07412567795958343
worlds/l/catcher_v3.json,0.05,5,986,0.17510205507278442,0.01207625400274992,0.0015624016523361206,0.16602091491222382,0.16885511577129364,0.1590280830860138,0.8706219948685792,0.9910771940872614,0.06896694614880562
worlds/l/catcher_v3.json,0.05,6,966,0.1993117332458496,0.019648857414722443,0.00788633432239294,0.197527676820755,0.1961735337972641,0.18306055665016174,0.5986364929044734,0.9604321622517566,0.09858354595956334
worlds/l/catcher_v3.json,0.05,7,948,0.23283132910728455,0.019715767353773117,0.008641717955470085,0.22028473019599915,0.22729218006134033,0.2064896523952484,0.5616849296095863,0.9628842132688762,0.08467832670700617
worlds/l/catcher_v3.json,0.1,1,1016,0.08367078006267548,0.011733081191778183,0.0033374777995049953,0.07518638670444489,0.07455501705408096,0.13306961953639984,0.7155497567132074,0.9601117881654146,0.14022913594195316
worlds/l/catcher_v3.json,0.1,2,1012,0.13165442645549774,0.01861017383635044,0.0029195002280175686,0.11820096522569656,0.12327367812395096,0.188581645488739,0.8431234305659716,0.9778245190335136,0.14135623341643672
worlds/l/catcher_v3.json,0.1,3,992,0.11271470785140991,0.026399416849017143,0.003986661322414875,0.09985728561878204,0.10620887577533722,0.2286052703857422,0.848986765684436,0.9646305136356257,0.23421448143057863
worlds/l/catcher_v3.json,0.1,4,992,0.13894818723201752,0.03757096827030182,0.011718233115971088,0.12624675035476685,0.13075973093509674,0.2892923057079315,0.6881040426835676,0.9156647283465179,0.27039552669777056
worlds/l/catcher_v3.json,0.1,5,986,0.17571201920509338,0.05100748687982559,0.0341174453496933,0.17285233736038208,0.16885511577129364,0.30526095628738403,0.33112867469682417,0.8058331723462185,0.290290255103659
worlds/l/catcher_v3.json,0.1,6,966,0.22328586876392365,0.06129230558872223,0.033950190991163254,0.18982204794883728,0.1961735337972641,0.34376832842826843,0.4460937524691504,0.8479519049767623,0.2745014985857683
worlds/l/catcher_v3.json,0.1,7,948,0.25182902812957764,0.0682942271232605,0.04259152710437775,0.2332613319158554,0.22729218006134033,0.3897748291492462,0.37635245468834955,0.8308712565000154,0.27119283122563603
worlds/l/catcher_v3.json,0.2,1,1016,0.09280996769666672,0.03608885779976845,0.015079106204211712,0.08563968539237976,0.07455501705408096,0.2521669864654541,0.5821672637057396,0.8375270827213823,0.38884678763943353
worlds/l/catcher_v3.json,0.2,2,1012,0.15280316770076752,0.05826302617788315,0.025030331686139107,0.133461594581604,0.12327367812395096,0.3573818802833557,0.5703908065173465,0.836192324656805,0.3812946227134433
worlds/l/catcher_v3.json,0.2,3,992,0.1537429541349411,0.09025078266859055,0.04123736172914505,0.11914339661598206,0.10620887577533722,0.4570331573486328,0.5430802868428015,0.7317772254268591,0.5870238618504553
worlds/l/catcher_v3.json,0.2,4,992,0.21451427042484283,0.1391332447528839,0.07204610854387283,0.15908226370811462,0.13075973093509674,0.5697454810142517,0.48217905309522024,0.6641430502446928,0.6485966853269587
worlds/l/catcher_v3.json,0.2,5,985,0.2577633857727051,0.18134480714797974,0.14507591724395752,0.2380695343017578,0.16902568936347961,0.5915506482124329,0.19999960558245444,0.4371740702851995,0.7035320652867626
worlds/l/catcher_v3.json,0.2,6,968,0.32062509655952454,0.20460346341133118,0.2848907709121704,0.4393766224384308,0.19578316807746887,0.6572905778884888,-0.3924044400921556,0.11145205422408344,0.6381392648511724
worlds/l/catcher_v3.json,0.2,7,948,0.34263876080513,0.2015911042690277,0.17863841354846954,0.33708474040031433,0.22729218006134033,0.7251918911933899,0.11385765658551728,0.4786392142888145,0.5883488015054994
worlds/l/catcher_v3.json,0.4,1,1016,0.17614008486270905,0.13712722063064575,0.11518806219100952,0.1782098412513733,0.07455501705408096,0.4854814112186432,0.15999127189144802,0.34604288239788283,0.7785122888837509
worlds/l/catcher_v3.json,0.4,2,1012,0.2601087689399719,0.20403897762298584,0.20672807097434998,0.2739553153514862,0.12327367812395096,0.6918938159942627,-0.013179312025043188,0.20522452273779812,0.784437135489554
worlds/l/catcher_v3.json,0.4,3,992,0.3036790192127228,0.2930639386177063,0.26596981287002563,0.3250497579574585,0.10620887577533722,0.8844114542007446,0.09245124417379846,0.12417455259325105,0.9650450642835462
worlds/l/catcher_v3.json,0.4,4,992,0.4355846047401428,0.41130954027175903,0.39769724011421204,0.4574321210384369,0.13075973093509674,1.100447416305542,0.03309502655482566,0.08698049520949735,0.9442701504961003
worlds/l/catcher_v3.json,0.4,5,986,0.49967947602272034,0.4804610013961792,0.9875730276107788,1.0009398460388184,0.16885511577129364,1.173058271408081,-1.0554696941915678,-0.9764130307522858,0.9615383950137122
worlds/l/catcher_v3.json,0.4,6,968,0.5361408591270447,0.5412205457687378,1.481042742729187,1.6207572221755981,0.19578316807746887,1.2890158891677856,-1.736486547504486,-1.7624134917466479,1.0094745374377248
worlds/l/catcher_v3.json,0.4,7,948,0.6131528615951538,0.5713093876838684,0.8131779432296753,0.8873267769813538,0.22729218006134033,1.3914475440979004,-0.42335827269767146,-0.3262238410078431,0.9317568643446805
worlds/l/trampoline.json,0.05,1,1020,0.012908666394650936,0.00010721736180130392,2.1897005808568792e-06,0.012678972445428371,0.012768220156431198,0.01835494302213192,0.9795769962619034,0.9998303697288385,0.008305843417390693
worlds/l/trampoline.json,0.05,2,1000,0.022281978279352188,0.002576393773779273,0.00043809611815959215,0.02100255899131298,0.020452814176678658,0.023677319288253784,0.8299576242505214,0.9803385447796815,0.1156267967538014
worlds/l/trampoline.json,0.05,3,992,0.06527825444936752,0.00018920416187029332,2.097042624882306e-06,0.06490413844585419,0.06498923152685165,0.0291611235588789,0.9889165090019536,0.9999678753262848,0.002898425570142164
worlds/l/trampoline.json,0.05,4,984,0.03999423235654831,0.0014466539723798633,0.0011055557988584042,0.034463681280612946,0.03592821583151817,0.031241193413734436,0.23578421656723125,0.972357119171525,0.03617156492673626
worlds/l/trampoline.json,0.05,5,980,0.04614024981856346,0.0010394848650321364,0.00016909276018850505,0.04490485414862633,0.04549065977334976,0.034017134457826614,0.8373302335832687,0.996335243938786,0.02252880877584507
worlds/l/trampoline.json,0.05,6,960,0.03954355791211128,0.0004697624535765499,4.640260522137396e-05,0.04055658355355263,0.040320493280887604,0.03716934472322464,0.9012211281082888,0.9988265445075907,0.011879620306817978
worlds/l/trampoline.json,0.05,7,956,0.05190316587686539,0.0009905076585710049,5.1847131544491276e-05,0.05080072209239006,0.05107290670275688,0.03916621580719948,0.9476560013485503,0.9990010795937285,0.01908376188305886
worlds/l/trampoline.json,0.1,1,1020,0.013443635776638985,0.001621534232981503,0.0002953187213279307,0.011927017942070961,0.012768220156431198,0.03237306699156761,0.8178769739662355,0.9780328233943152,0.1206172392589841
worlds/l/trampoline.json,0.1,2,1000,0.023573849350214005,0.0048441095277667046,0.0005145379691384733,0.02111785113811493,0.020452814176678658,0.04337267205119133,0.8937806905089339,0.9781733580505043,0.20548657352485922
worlds/l/trampoline.json,0.1,3,992,0.06528972089290619,0.0009223592933267355,1.968867945834063e-05,0.06464795768260956,0.06498923152685165,0.05284930020570755,0.9786540021867963,0.9996984413596952,0.014127174702426259
worlds/l/trampoline.json,0.1,4,984,0.03809171915054321,0.004655533470213413,0.0033553666435182095,0.04020851105451584,0.03592821583151817,0.058304183185100555,0.27927343558236795,0.9119134888541685,0.1222190432470156
worlds/l/trampoline.json,0.1,5,980,0.04519521817564964,0.0031637782230973244,0.0014428524300456047,0.0450277142226696,0.04549065977334976,0.06375811249017715,0.5439464057524681,0.9680751086445029,0.07000249917593959
worlds/l/trampoline.json,0.1,6,960,0.038876309990882874,0.0016562441596761346,0.00036297712358646095,0.04075279086828232,0.040320493280887604,0.07107850164175034,0.7808432280555554,0.9906632825061951,0.042602915761926756
worlds/l/trampoline.json,0.1,7,956,0.05155316740274429,0.002385422820225358,0.00017573135846760124,0.05064741522073746,0.05107290670275688,0.07620900124311447,0.9263311489361038,0.996591259716503,0.04627112048402241
worlds/l/trampoline.json,0.2,1,1020,0.016011644154787064,0.002887967973947525,0.0006880080909468234,0.012088972143828869,0.012768220156431198,0.06127733737230301,0.7617674097658381,0.9570307655918566,0.18036673473561415
worlds/l/trampoline.json,0.2,2,1000,0.028289692476391792,0.007539129815995693,0.0016572474269196391,0.022093933075666428,0.020452814176678658,0.084926076233387,0.7801805424011303,0.941418683561066,0.2664974114613377
worlds/l/trampoline.json,0.2,3,992,0.07008867710828781,0.0075047253631055355,0.004105341155081987,0.06711501628160477,0.06498923152685165,0.10480079054832458,0.4529658373290354,0.9414264710869177,0.10707471838155325
worlds/l/trampoline.json,0.2,4,984,0.04891326650977135,0.014504185877740383,0.015512505546212196,0.05415467917919159,0.03592821583151817,0.11660026758909225,-0.0695192185877378,0.6828568882613211,0.29652867029117547
worlds/l/trampoline.json,0.2,5,980,0.057173196226358414,0.020718645304441452,0.01378804724663496,0.05668465048074722,0.04549065977334976,0.12766817212104797,0.3345101938841909,0.7588372146968007,0.3623838909130217
worlds/l/trampoline.json,0.2,6,960,0.04033048823475838,0.004144576378166676,0.0009181120549328625,0.04034169018268585,0.040320493280887604,0.13784608244895935,0.7784786740161408,0.9772352853853726,0.10276534105021617
worlds/l/trampoline.json,0.2,7,956,0.05874106287956238,0.020087426528334618,0.01484645064920187,0.05461623892188072,0.05107290670275688,0.15318161249160767,0.26090827870558786,0.7472560093159746,0.34196566326217404
worlds/l/trampoline.json,0.4,1,1020,0.01852291077375412,0.007599703501909971,0.0020410267170518637,0.01333299558609724,0.012768220156431198,0.10810574144124985,0.731433375454857,0.8898106921756661,0.41028667657776047
worlds/l/trampoline.json,0.4,2,1000,0.03095935471355915,0.016965538263320923,0.04786846786737442,0.07645045220851898,0.020452814176678658,0.1588498055934906,-1.8215118862962854,-0.546171369211699,0.5479939236553464
worlds/l/trampoline.json,0.4,3,992,0.06553253531455994,0.029812810942530632,0.017955297604203224,0.05676854029297829,0.06498923152685165,0.2049480825662613,0.3977321481421132,0.7260094162690828,0.4549314443493972
worlds/l/trampoline.json,0.4,4,984,0.05120227858424187,0.031097637489438057,0.020822107791900635,0.056481096893548965,0.03592821583151817,0.2280285805463791,0.33042798511711324,0.5933363051872287,0.6073487030127744
worlds/l/trampoline.json,0.4,5,980,0.051268767565488815,0.028616322204470634,0.021852053701877594,0.070584237575531,0.04549065977334976,0.25006622076034546,0.2363779822669274,0.5737745465801456,0.5581628652944935
worlds/l/trampoline.json,0.4,6,960,0.04619279131293297,0.019998354837298393,0.015318936668336391,0.051831845194101334,0.040320493280887604,0.27748286724090576,0.23399015604196327,0.6683695392088717,0.4329323747036541
worlds/l/trampoline.json,0.4,7,956,0.07920157164335251,0.04495493322610855,0.027393531054258347,0.06704587489366531,0.05107290670275688,0.3040908873081207,0.39064460586610417,0.6541289461071254,0.567601529784563
worlds/l/car_launch.json,0.05,1,1008,0.042402949184179306,0.0017160805873572826,6.0948012105654925e-05,0.04063556343317032,0.04148006811738014,0.1113995909690857,0.9644841783336567,0.998562646861167,0.0404707837632567
worlds/l/car_launch.json,0.05,2,984,0.08138839900493622,0.008449677377939224,0.06785716861486435,0.17263369262218475,0.08107469230890274,0.14206595718860626,-7.030740770296003,0.16625502596815056,0.10381918653328898
worlds/l/car_launch.json,0.05,3,960,0.11090230941772461,0.009283993393182755,0.014251048676669598,0.12971098721027374,0.11886546015739441,0.16063182055950165,-0.5350127981708988,0.8714990810246196,0.08371325576470791
worlds/l/car_launch.json,0.05,4,952,0.13299357891082764,0.013968131504952908,0.0025143371894955635,0.130512535572052,0.13161763548851013,0.19786274433135986,0.8199947366901569,0.9810942963556051,0.10502861581248639
worlds/l/car_launch.json,0.05,5,936,0.18263767659664154,0.017787490040063858,0.005242897197604179,0.17790032923221588,0.1844482719898224,0.2472362369298935,0.7052480599682541,0.9712934521764466,0.09739222690260037
worlds/l/car_launch.json,0.05,6,924,0.19882671535015106,0.02514837495982647,0.024887187406420708,0.21123777329921722,0.19532164931297302,0.28151842951774597,0.010385862061584428,0.8748297613698832,0.1264838827897851
worlds/l/car_launch.json,0.05,7,911,0.21454235911369324,0.03140391781926155,0.01326520275324583,0.20768658816814423,0.20966166257858276,0.3350067436695099,0.5775940177403713,0.938169773055324,0.14637630512219527
worlds/l/car_launch.json,0.1,1,1008,0.04254521057009697,0.0070264991372823715,0.0011894522467628121,0.03867937624454498,0.04148006811738014,0.21210074424743652,0.8307190788010465,0.9720426287512883,0.16515370456812284
worlds/l/car_launch.json,0.1,2,984,0.08258762210607529,0.025715703144669533,0.2202361524105072,0.37065428495407104,0.08107469230890274,0.28297609090805054,-7.564267178366412,-1.6666968583698485,0.3113747858200877
worlds/l/car_launch.json,0.1,3,960,0.12188491970300674,0.018831443041563034,0.02507806569337845,0.14109377562999725,0.11886546015739441,0.33280912041664124,-0.33171237265399367,0.7942480025052697,0.15450182916351782
worlds/l/car_launch.json,0.1,4,952,0.13334456086158752,0.03936760500073433,0.022794388234615326,0.14251205325126648,0.13161763548851013,0.380221426486969,0.4209861576748156,0.8290564827891552,0.2952321770484373
worlds/l/car_launch.json,0.1,5,936,0.18008224666118622,0.04754224047064781,0.023211978375911713,0.17669162154197693,0.1844482719898224,0.4173344075679779,0.5117609488715074,0.8711034607448915,0.2640029283957993
worlds/l/car_launch.json,0.1,6,924,0.21436555683612823,0.07168401032686234,0.05372624471783638,0.22181719541549683,0.19532164931297302,0.47512301802635193,0.25051284836245546,0.7493709086907678,0.3344007842717997
worlds/l/car_launch.json,0.1,7,909,0.22361421585083008,0.053525831550359726,0.11282945424318314,0.3140769302845001,0.21012236177921295,0.5377057194709778,-1.107943977237003,0.495428079946178,0.23936685486072165
worlds/l/car_launch.json,0.2,1,1008,0.05210619047284126,0.04356427490711212,0.021567000076174736,0.04393456503748894,0.04148006811738014,0.3866518437862396,0.504938389950023,0.5860952435696509,0.8360671642233882
worlds/l/car_launch.json,0.2,2,984,0.1129416972398758,0.07925337553024292,0.19519510865211487,0.31248876452445984,0.08107469230890274,0.5411103367805481,-1.4629248577258243,-0.7282820554532825,0.7017193602281133
worlds/l/car_launch.json,0.2,3,960,0.14558495581150055,0.07206317782402039,0.052690841257572174,0.16533944010734558,0.11886546015739441,0.6137832403182983,0.26882434485134443,0.6380749579249463,0.494990553263799
worlds/l/car_launch.json,0.2,4,952,0.17083938419818878,0.10728847235441208,0.10469432175159454,0.1933932602405548,0.13161763548851013,0.6623357534408569,0.024179210924433092,0.3871768957552558,0.6280078382274428
worlds/l/car_launch.json,0.2,5,936,0.22327695786952972,0.14580871164798737,0.10120328515768051,0.21330076456069946,0.1844482719898224,0.7371351718902588,0.3059174310379592,0.5467365458426843,0.6530396734139922
worlds/l/car_launch.json,0.2,6,924,0.2520101070404053,0.14960648119449615,0.20429910719394684,0.38905981183052063,0.19532164931297302,0.8248869180679321,-0.3655765817280834,0.18932177128439076,0.5936527028676253
worlds/l/car_launch.json,0.2,7,912,0.24957627058029175,0.1265493631362915,0.24673080444335938,0.44152647256851196,0.20943208038806915,0.9150754809379578,-0.9496803328645322,0.011401188623887837,0.507056872202035
worlds/l/car_launch.json,0.4,1,1008,0.10493068397045135,0.09291691333055496,0.054808761924505234,0.06966887414455414,0.04148006811738014,0.6909202933311462,0.4101314824189083,0.4776669716558841,0.8855075542700218
worlds/l/car_launch.json,0.4,2,984,0.16175206005573273,0.15794254839420319,0.4528159499168396,0.6193538904190063,0.08107469230890274,0.928652286529541,-1.8669662134782858,-1.7994447165669416,0.9764484504233396
worlds/l/car_launch.json,0.4,3,960,0.23998193442821503,0.1898816078901291,0.18276067078113556,0.25511935353279114,0.11886546015739441,1.0740926265716553,0.037501984463465865,0.23843987999936667,0.7912329248555487
worlds/l/car_launch.json,0.4,4,951,0.33974671363830566,0.3170233368873596,0.34648895263671875,0.42857685685157776,0.13151715695858002,1.1888277530670166,-0.09294462684880656,-0.01984489835445724,0.9331167136023062
worlds/l/car_launch.json,0.4,5,936,0.382811963558197,0.3496316969394684,0.5083476305007935,0.6193036437034607,0.1844482719898224,1.3057399988174438,-0.4539517868392908,-0.3279303650172152,0.913324896352973
worlds/l/car_launch.json,0.4,6,923,0.4443207383155823,0.42362895607948303,0.6001991033554077,0.7450954914093018,0.19159568846225739,1.4247750043869019,-0.4168037730706866,-0.3508239692586925,0.9534305278782582
worlds/l/car_launch.json,0.4,7,911,0.4812266230583191,0.45874273777008057,0.5859735608100891,0.7195310592651367,0.20966166257858276,1.5450764894485474,-0.27734678407874,-0.21766654780252237,0.9532779688177939
