predictor,k,rho_clip,res,rho_chunk,share_pred,top1_pred,share_noise,top1_noise,e,e_pred,e_noise,je,je_pred,je_noise,cos_fix,cos_spur,clip,levels,variant
learned,1,0.5740406845182225,0.5794533363500555,0.1646272302420395,0.007118637085785478,0.0033811391978915825,0.012971248379376814,0.010865469895582971,0.5425720810890198,0.49644501507282257,0.17869842052459717,0.05181760713458061,0.044770579785108566,0.02683156542479992,0.8905097544193268,0.05797961354255676,0.0016486055101267993,12,all
learned,2,0.49107319802163263,0.5380034916555148,0.09854643747218333,0.008142631580422418,0.0035898763282253728,0.013895774483008633,0.010087357347336637,0.788797527551651,0.7575757503509521,0.30438540130853653,0.06921912357211113,0.05836346745491028,0.03860730677843094,0.85972461104393,0.1097501702606678,0.0056741195730865,12,all
learned,3,0.45181245358038186,0.5451228088585243,0.12036155817493,0.009305570767182674,0.004874694497203904,0.01275364552987174,0.009894043315530326,1.014469027519226,0.9805302023887634,0.3936905860900879,0.10618880018591881,0.09351635724306107,0.06783727183938026,0.8481116890907288,0.08723244816064835,0.008824397576972842,12,all
learned,4,0.3976446588654292,0.6096725132947837,0.11398453021449123,0.010303316135993976,0.004204834624983109,0.016087528122904027,0.01179212173205729,1.229327917098999,1.191510796546936,0.48461757600307465,0.10369308665394783,0.08835706487298012,0.06949356198310852,0.8428379893302917,0.06242971681058407,0.0071594202890992165,12,all
learned,5,0.40127094619638215,0.6134726014952261,0.1459086016913687,0.010821129113500146,0.004779963610947881,0.016663377047517317,0.013966627933509845,1.2490431666374207,1.203663408756256,0.5509836077690125,0.1170591413974762,0.10989096760749817,0.10897334665060043,0.7910721898078918,0.07909149304032326,0.006687685148790479,12,all
learned,6,0.32070806687880377,0.6912014727268958,0.06328520406981425,0.01080027032104142,0.005725402369585015,0.015606195349630937,0.010960759028862711,1.318066418170929,1.2695019245147705,0.6022801995277405,0.14928194135427475,0.1026020273566246,0.13457361608743668,0.7704029977321625,0.08507438376545906,0.011261343490332365,12,all
learned,7,0.3030097418849722,0.720452885094478,0.18959035622234366,0.013910417566284323,0.007780339173450575,0.017384467426998295,0.012554759549356493,1.4349182844161987,1.3968256711959839,0.6922556161880493,0.18195151537656784,0.16325680911540985,0.16168291866779327,0.7832367420196533,0.1180616095662117,0.013972508255392313,12,all
learned,8,0.34470400133660145,0.7064599816490564,0.030060409743568994,0.014809749805715864,0.006281041343138345,0.014166990765180128,0.010440247312727047,1.6829621195793152,1.657175064086914,0.8229927122592926,0.21267053484916687,0.16352924704551697,0.17888574302196503,0.7598434090614319,-0.12875207141041756,0.016148046124726534,12,all
learned,9,0.40296282152003937,0.5984157179465162,0.18012644548328444,0.013486237721390027,0.007788636833893239,0.01459706054074508,0.00992923879073894,1.6847696900367737,1.6540338397026062,0.8599196672439575,0.20672722160816193,0.14088891074061394,0.15497278422117233,0.7291714251041412,-0.038073038682341576,0.02215573750436306,12,all
learned,10,0.3177883357349174,0.6944443599978274,0.11570659912858822,0.013197042480103584,0.00800289020950587,0.02012957754238695,0.01190626039506607,1.816590428352356,1.760919451713562,0.9103567004203796,0.20303986221551895,0.15784597396850586,0.16172589361667633,0.720064252614975,-5.786167457699776e-05,0.018831418827176094,12,all
learned,11,0.35335521755425064,0.6473333231178927,0.14592221629579916,0.013591593700879662,0.006961723813973681,0.015209938765453991,0.009367091798097416,1.9879857897758484,1.9292929768562317,0.9528450667858124,0.25699856877326965,0.21844343841075897,0.2039480358362198,0.7505206167697906,0.013277182821184397,0.02553365658968687,12,all
learned,12,0.4205455737165103,0.6038738646313384,0.16169874217726443,0.013846577457477322,0.00697912153725929,0.014740786319363545,0.007758322718621067,2.16059011220932,2.134143114089966,1.0597970485687256,0.2702578157186508,0.21880819648504257,0.26200151443481445,0.722417414188385,0.024658085079863667,0.030733083374798298,12,all
learned,13,0.3297390866254955,0.6873125847795865,0.13254448330414137,0.016638294314372824,0.007209822890321677,0.018509856239714427,0.00967563953155175,2.2632691264152527,2.241409182548523,1.1015716195106506,0.3087017387151718,0.25146882981061935,0.2494567111134529,0.6835595667362213,0.009623106103390455,0.04227852635085583,12,all
learned,14,0.26777360015226137,0.7444828279027695,0.06413753141767181,0.015605821424257349,0.008058951805176063,0.017938299149438938,0.010876991171045106,2.3896909952163696,2.3077893257141113,1.1602665781974792,0.31079354882240295,0.22978755831718445,0.28383368253707886,0.6925461888313293,0.04838265012949705,0.03594804368913174,12,all
learned,15,0.28203512240509837,0.7405424277045933,0.11732286460696578,0.016217793611593898,0.010360859789078778,0.020533578456611558,0.013222001617622978,2.567183017730713,2.4034252166748047,1.206505537033081,0.3995473235845566,0.3384207487106323,0.23476899415254593,0.6949141919612885,0.021565392147749662,0.042998163029551506,12,all
learned,16,0.24080969745324088,0.7675921675256262,0.06187555344288631,0.013981511520062164,0.00906358307211742,0.016370471752153747,0.007877526866090705,2.7897515296936035,2.5966118574142456,1.2865142226219177,0.4402746111154556,0.2885061800479889,0.31794553995132446,0.6184206902980804,-0.1524912267923355,0.048133330419659615,12,all
learned,17,0.2869214878295119,0.7235622740892447,0.129846555169275,0.01421023213904701,0.007950237676786818,0.022183739225798985,0.016997977152202172,2.906179666519165,2.720434546470642,1.3554510474205017,0.40209293365478516,0.30913034081459045,0.31645137071609497,0.6123932898044586,-0.09093497321009636,0.047780971974134445,12,all
learned,18,0.28312485643326274,0.7113043826322195,0.052786738699312497,0.013347367186591286,0.006962917265823796,0.017922441858688676,0.009326652744123233,3.0694756507873535,2.9053961038589478,1.6302068829536438,0.40879519283771515,0.3483741283416748,0.3157183527946472,0.5786813199520111,-0.09267590567469597,0.05140198580920696,12,all
learned,19,0.2706354784313976,0.7265631407308173,0.07782406191129876,0.014448347218552985,0.0068726606921411006,0.01765550764609077,0.010064401658006723,3.299349784851074,3.180474638938904,1.7574912309646606,0.4311523139476776,0.35836098343133926,0.3289349526166916,0.6076790988445282,-0.06404626928269863,0.06173722259700298,12,all
learned,20,0.30010527542235454,0.721144296408653,0.1265030213236637,0.01353499142404923,0.008425886626548758,0.015514495924335153,0.008082659773438373,3.4896399974823,3.345926284790039,1.6959223747253418,0.5295989960432053,0.27000588178634644,0.33834993839263916,0.5956418812274933,-0.04766214266419411,0.06130323372781277,12,all
learned,21,0.2769503114789047,0.7502496767596947,0.1059728830559315,0.011799819006496997,0.00847187890482633,0.017114341315558862,0.01098165821055245,3.639783263206482,3.5166221857070923,1.8158832788467407,0.42237885296344757,0.29729537665843964,0.3646989017724991,0.6014861464500427,-0.036979835480451584,0.048679256811738014,12,all
learned,22,0.25325778671222204,0.7598780421778424,0.0900506044948034,0.014433034054864645,0.007643465409077896,0.01743230426840427,0.012625167391364805,3.7018593549728394,3.6493197679519653,1.963334858417511,0.41510023176670074,0.39292602241039276,0.31706051528453827,0.5776895582675934,-0.03458019718527794,0.053656620904803276,12,all
learned,23,0.180274387379527,0.8237973445927098,-0.015227936047102597,0.013404966019239867,0.00650361726399525,0.013550992433591709,0.008653997529637792,4.011241793632507,3.919230103492737,2.153231918811798,0.6138962209224701,0.35713669657707214,0.37385812401771545,0.5418733656406403,-0.0372788505628705,0.056512607261538506,12,all
learned,24,0.28223508561850086,0.7362494955374779,-0.09249849641906682,0.0144492024992504,0.006945041206764944,0.01791301687581224,0.011992645878529197,4.08486533164978,3.9817270040512085,2.322229743003845,0.5591255724430084,0.4825829416513443,0.42622606456279755,0.5568209886550903,-0.15631698071956635,0.0705544464290142,12,all
learned,25,0.23844220892225415,0.7668075088961848,0.07784268977639125,0.013734405581951468,0.0075164411918381925,0.024769614112070334,0.017540648617681356,4.149548292160034,4.122303605079651,2.4754446148872375,0.6810709238052368,0.3918953090906143,0.46738046407699585,0.5951594412326813,-0.09149540960788727,0.07943590357899666,12,all
learned,26,0.24914260023885804,0.7813478743612086,0.11999395533493584,0.01499324824371636,0.007523319247455326,0.02026485483519079,0.012669502897190748,4.134145736694336,4.240976810455322,2.605875849723816,0.5694506168365479,0.38887354731559753,0.4598342627286911,0.5650404691696167,-0.08106915652751923,0.09322819858789444,12,all
learned,27,0.2260051631157377,0.8154243662515068,0.06385243073168523,0.015178246903800548,0.005874299856770406,0.021417744774180514,0.014484855134298494,4.26882266998291,4.433229446411133,2.6978771090507507,0.5389736890792847,0.44889387488365173,0.48348677158355713,0.5617769658565521,-0.029473578557372093,0.06186127848923206,12,all
learned,28,0.19721526723611982,0.8024565589266435,0.06296171227266989,0.016227325622225366,0.00763442523787997,0.017193173963518195,0.01049053731369659,4.295274257659912,4.527263164520264,3.6215872764587402,0.6088870167732239,0.4798491895198822,0.5074799060821533,0.5167958736419678,-0.03021148033440113,0.07404181361198425,11,all
learned,29,0.1648885706754345,0.8596716309373644,0.08258382587903446,0.012561016814760677,0.008647982422066167,0.017195480137445422,0.011459049828747821,4.386610984802246,4.523336410522461,3.687021017074585,0.8696664571762085,0.4638235569000244,0.4816809296607971,0.4727272689342499,-0.024128645658493042,0.08387096971273422,11,all
learned,30,0.20574766903033398,0.8067993295507965,-0.08788698305719689,0.014344960768653804,0.007686596776957355,0.015649558568906593,0.008163131087130012,4.286620378494263,4.376286268234253,3.1790465116500854,0.7956470549106598,0.49278052151203156,0.6908338665962219,0.46369168162345886,-0.035730586387217045,0.08747289329767227,10,all
learned,31,0.1607207881144479,0.8309587302327492,-0.08216190953607327,0.013094997065122828,0.006289011936237983,0.01573976809502295,0.00833955679280449,4.441089630126953,4.531351327896118,3.357536554336548,0.8528629243373871,0.6167031526565552,0.52655228972435,0.5028596967458725,-0.014985011424869299,0.1004755087196827,10,all
oracle,1,0.7287701545505547,0.27348643847615606,0.09436481647173744,,,0.01301155108283937,0.011042147425583841,0.17869842052459717,0.0,0.17869842052459717,0.026583692990243435,0.0,0.02658369205892086,0.9509473443031311,0.0,0.0,12,all
oracle,2,0.5467779232563231,0.46278844929123875,0.0856081184412047,,,0.014938489144321143,0.010607300604606969,0.30438540130853653,0.0,0.30438540130853653,0.05936113931238651,0.0,0.059361137449741364,0.9438767731189728,0.0,0.0020083236740902066,12,all
oracle,3,0.5321074557333845,0.46277378070259667,0.07764685003348315,,,0.013886955745031515,0.011307458541574727,0.3936905860900879,0.0,0.3936905860900879,0.061277544125914574,0.0,0.061277544125914574,0.9519855976104736,0.0,0.0010125606786459684,12,all
oracle,4,0.608834310395768,0.3831137768587034,0.08191879366491289,,,0.016170732179294066,0.0107620365544245,0.48461757600307465,0.0,0.48461757600307465,0.07800841331481934,0.0,0.07800841331481934,0.9029288589954376,0.0,0.0018797036027535796,12,all
oracle,5,0.5308564356911568,0.46914788577871436,0.15638077117353244,,,0.01884861618076747,0.013836971184836946,0.5509836077690125,0.0,0.5509836077690125,0.09755381941795349,0.0,0.09755381941795349,0.8899605870246887,0.0,0.003889848943799734,12,all
oracle,6,0.42092904841193113,0.569989709330595,0.1094228925423606,,,0.01565742096359271,0.010340354382352774,0.6022801995277405,0.0,0.6022801995277405,0.1177038736641407,0.0,0.1177038662135601,0.8753560483455658,0.0,0.0020245901541784406,12,all
oracle,7,0.4725503828717403,0.5528793588211021,0.18213799823619664,,,0.016822094219638498,0.014968757496675556,0.6922556161880493,0.0,0.6922556161880493,0.14643864333629608,0.0,0.14643865078687668,0.8650438487529755,0.0,0.008445880375802517,12,all
oracle,8,0.3386097447183482,0.6799283033778335,0.3386097447183482,,,0.014452222793383675,0.010465956904455734,0.8229927122592926,0.0,0.8229927122592926,0.19522444903850555,0.0,0.19522444903850555,0.8421487808227539,0.0,0.010129504837095737,12,all
oracle,9,0.4288761125048332,0.5703220336241255,0.339878665882717,,,0.016798241592742968,0.012400107563003181,0.8599196672439575,0.0,0.8599196672439575,0.16769617050886154,0.0,0.16769617050886154,0.8420190215110779,0.0,0.010757762705907226,12,all
oracle,10,0.4379956141212115,0.5569845935702099,0.30044027423211617,,,0.013090728076751094,0.010545466520984034,0.9103567004203796,0.0,0.9103567004203796,0.18435662984848022,0.0,0.18435662984848022,0.7960638999938965,0.0,0.008512285072356462,12,all
oracle,11,0.43983403412408373,0.5601880608702047,0.2729230466571195,,,0.01616390543410743,0.008079521767984175,0.9528450667858124,0.0,0.9528450667858124,0.19683637470006943,0.0,0.19683637470006943,0.8090075850486755,0.0,0.011578019009903073,12,all
oracle,12,0.4634555563843331,0.5360043696774783,0.25599065534069765,,,0.014023189202028379,0.00859818707469968,1.0597970485687256,0.0,1.0597970485687256,0.2646884322166443,0.0,0.2646884322166443,0.8272194266319275,0.0,0.013762621209025383,12,all
oracle,13,0.38201270199703075,0.6311437394659623,0.23999260955058593,,,0.02036691885943305,0.010296233347217396,1.1015716195106506,0.0,1.1015716195106506,0.23827698826789856,0.0,0.23827698826789856,0.7685907781124115,0.0,0.019196778535842896,12,all
oracle,14,0.31301417738564224,0.6860121686009639,0.225880348123695,,,0.01768135406252295,0.010350622165619572,1.1602665781974792,0.0,1.1602665781974792,0.26778508722782135,0.0,0.26778507232666016,0.7401986718177795,0.0,0.017822605557739735,12,all
oracle,15,0.30330880487176587,0.7378084361942836,0.18867489873210308,,,0.018339086730060412,0.012718812949775763,1.206505537033081,0.0,1.206505537033081,0.24638400226831436,0.0,0.24638400226831436,0.7320077121257782,0.0,0.023384354542940855,12,all
oracle,16,0.3093978442014746,0.6944425449764247,0.30939795724907443,,,0.0151729096077503,0.008983175951396331,1.2865142226219177,0.0,1.2865142226219177,0.3423382639884949,0.0,0.34233829379081726,0.7238291800022125,0.0,0.027866851538419724,12,all
oracle,17,0.39269556264963357,0.6241168922116811,0.2968685806602577,,,0.018985948554175083,0.011841900346782577,1.3554510474205017,0.0,1.3554510474205017,0.3088889569044113,0.0,0.3088889718055725,0.7634792923927307,0.0,0.023096950724720955,12,all
oracle,18,0.3281674445832171,0.7171666792028395,0.2505255277130828,,,0.01720826064534551,0.010847771468582863,1.6302068829536438,0.0,1.6302068829536438,0.3264150321483612,0.0,0.3264150321483612,0.6843356192111969,0.0,0.023324639536440372,12,all
oracle,19,0.24338273102018276,0.755981508477009,0.23408348595611972,,,0.016306413258246007,0.008422039314992101,1.7574912309646606,0.0,1.7574912309646606,0.29817499220371246,0.0,0.29817497730255127,0.6698561310768127,0.0,0.02305918186903,12,all
oracle,20,0.3510187381777584,0.6551164013343607,0.26158686040092693,,,0.022454322741044995,0.015453498346734528,1.6959223747253418,0.0,1.6959223747253418,0.41304533183574677,0.0,0.41304533183574677,0.7080418467521667,0.0,0.02990923449397087,12,all
oracle,21,0.36198071162744416,0.6696057973954674,0.28388605341066475,,,0.01999514997270475,0.014158041856445577,1.8158832788467407,0.0,1.8158832788467407,0.5083786696195602,0.0,0.5083786696195602,0.6831135451793671,0.0,0.041904883459210396,12,all
oracle,22,0.29062673510640946,0.733435740719417,0.250677965903225,,,0.018105347772405196,0.015130658976483255,1.963334858417511,0.0,1.963334858417511,0.5530842244625092,0.0,0.5530842244625092,0.6608703434467316,0.0,0.04284013994038105,12,all
oracle,23,0.2464080377436686,0.7962498866235226,0.2349565670904662,,,0.01730758300856521,0.00953289661889219,2.153231918811798,0.0,2.153231918811798,0.6020207405090332,0.0,0.6020208299160004,0.6607447266578674,0.0,0.04329347796738148,12,all
oracle,24,0.25387142975011284,0.7972983208857485,0.25387140839330274,,,0.01896561764258313,0.011912381484481298,2.322229743003845,0.0,2.322229743003845,0.5756925940513611,0.0,0.5756926238536835,0.617045521736145,0.0,0.047250885516405106,12,all
oracle,25,0.2305673911539084,0.7898459632493404,0.28562327877513427,,,0.01766465195243245,0.014504317682954342,2.4754446148872375,0.0,2.4754446148872375,0.5230259746313095,0.0,0.5230259746313095,0.5859091877937317,0.0,0.039622824639081955,12,all
oracle,26,0.31897598699375457,0.7515360000154642,0.22542549590856342,,,0.018426992695441388,0.014529056598727065,2.605875849723816,0.0,2.605875849723816,0.5451066195964813,0.0,0.5451065897941589,0.5686515271663666,0.0,0.04606717638671398,12,all
oracle,27,0.17679605361692524,0.8317483171029381,0.1624193037774201,,,0.022182372165528135,0.016282145878402154,2.6978771090507507,0.0,2.6978771090507507,0.551959753036499,0.0,0.551959753036499,0.5460912883281708,0.0,0.04217379540205002,12,all
oracle,28,0.27864001114262604,0.7354363995092384,0.24160061445449776,,,0.015276732650613285,0.013314915161721829,3.6215872764587402,0.0,3.6215872764587402,0.5918686389923096,0.0,0.5918686389923096,0.5504635572433472,0.0,0.056997742503881454,11,all
oracle,29,0.2727750392043361,0.7651460222665623,0.11677621066666333,,,0.016506731071306357,0.016506731071306357,3.687021017074585,0.0,3.687021017074585,0.43684902787208557,0.0,0.43684902787208557,0.6215208172798157,0.0,0.033256880939006805,11,all
oracle,30,0.20943832868851303,0.7925453360125814,0.2067455670254682,,,0.02094664692222232,0.010404219863102197,3.1790465116500854,0.0,3.1790465116500854,0.55680713057518,0.0,0.5568071007728577,0.5407609939575195,0.0,0.04390720650553703,10,all
oracle,31,0.2014461359699078,0.8856730612568289,0.09352057390462526,,,0.01579987139556635,0.00791307957555867,3.357536554336548,0.0,3.357536554336548,0.6953800320625305,0.0,0.6953800320625305,0.6003042161464691,0.0,0.06427299603819847,10,all
phys0.1,1,0.6529743534228905,0.3470256465771095,0.11004319797605605,0.013411105298150261,0.009527125230435772,0.011637665022108045,0.010673288572161942,0.32628151774406433,0.22645749896764755,0.17869842052459717,0.042597243562340736,0.027784216217696667,0.024905786849558353,0.9339830577373505,0.03640670236200094,0.0004960317746736109,12,all
phys0.1,2,0.6749155969834333,0.37937031768030793,0.062146364897329054,0.009388314382875533,0.006938389425843076,0.013372163401674138,0.01037731116119698,0.5062068700790405,0.39606669545173645,0.30438540130853653,0.07278167642652988,0.04077896103262901,0.05084890499711037,0.8922613859176636,0.033995525911450386,0.002540650311857462,12,all
phys0.1,3,0.43751166207658376,0.5624883379234162,0.11048065287995323,0.011282869882655176,0.007865764006540637,0.014844688975110747,0.010111223178251031,0.6594207882881165,0.5362186133861542,0.3936905860900879,0.10088453814387321,0.07523016259074211,0.06542567163705826,0.8520072102546692,0.005695729050785303,0.002283385838381946,12,all
phys0.1,4,0.5492805140673186,0.4524250373402615,0.04042546363265048,0.015631219308772384,0.00794941547618936,0.015671913125989506,0.010681761685073687,0.7924681305885315,0.640176385641098,0.48461757600307465,0.1380506530404091,0.09440304338932037,0.0784163661301136,0.8631351888179779,0.048776935786008835,0.004620545078068972,12,all
phys0.1,5,0.5479889660260817,0.43935064982725525,0.09276935645051848,0.013878661443011088,0.008033054924463968,0.018092373277319572,0.012390416636538646,0.8112232387065887,0.6977525651454926,0.5509836077690125,0.16064783185720444,0.11401987075805664,0.09940169006586075,0.8229379057884216,0.034060897305607796,0.013216140680015087,12,all
phys0.1,6,0.4412485594623507,0.5794839649916672,0.03634190655694369,0.016145643555448008,0.010922453472279957,0.014248958598165353,0.010413846519361291,0.9232547879219055,0.7958778440952301,0.6022801995277405,0.1839996874332428,0.1466832384467125,0.10675719380378723,0.7731876075267792,0.058979425579309464,0.008362289518117905,12,all
phys0.1,7,0.4115849151385878,0.5929475906414092,0.08957747373303299,0.011067196612532092,0.007196067678687771,0.01589355741190375,0.011223684476122247,1.0575524866580963,0.9503785669803619,0.6922556161880493,0.19722971320152283,0.14821621030569077,0.13621585071086884,0.7631461024284363,0.0656516570597887,0.007127193035557866,12,all
phys0.1,8,0.29824361706779207,0.7119541371500652,-0.027091305663814402,0.013741079383448339,0.010541375164946583,0.015105358463118737,0.010501972812111487,1.1298968195915222,1.015350341796875,0.8229927122592926,0.27827709913253784,0.22887706756591797,0.19214849919080734,0.7103066742420197,-0.09542954713106155,0.018092239275574684,12,all
phys0.1,9,0.3188528373265519,0.6958371170069254,0.06267709939609245,0.01621876467489628,0.012272455208131933,0.01638150737706223,0.010960303310179689,1.2603413462638855,1.1581751108169556,0.8599196672439575,0.2813376486301422,0.215033620595932,0.18423029780387878,0.6863546967506409,-0.03985607996582985,0.01877521350979805,12,all
phys0.1,10,0.4112237472337353,0.6278889471882241,0.043835376601111864,0.020380424519704763,0.011906037324702006,0.01337321308433876,0.010072228751445776,1.4348003268241882,1.240453839302063,0.9103567004203796,0.28342005610466003,0.23078729957342148,0.16402532160282135,0.76606285572052,-0.004800151800736785,0.017277429811656475,12,all
phys0.1,11,0.4564516725128395,0.5745578142179423,0.03954443134595437,0.015242479190945988,0.00992706948195073,0.01765327716302128,0.007686319995220649,1.5920597910881042,1.3312358260154724,0.9528450667858124,0.36430615186691284,0.2827457785606384,0.2002885788679123,0.7450965046882629,0.03901965916156769,0.02960795722901821,12,all
phys0.1,12,0.36649375546119983,0.6424480573711182,0.1108506123925852,0.016803667019691763,0.012067757598004592,0.015687051344043523,0.009564435329657336,1.7802245616912842,1.4737749695777893,1.0597970485687256,0.3549391031265259,0.252297043800354,0.1990131288766861,0.712081253528595,0.07364378124475479,0.03615196142345667,12,all
phys0.1,13,0.260321586364964,0.7632255503846108,0.07652819667045646,0.016378733043427792,0.010379001067421413,0.01965751545349274,0.012798241372561261,1.9446871876716614,1.6653974652290344,1.1015716195106506,0.3673630356788635,0.2754379063844681,0.22588719427585602,0.7129849791526794,0.06443328969180584,0.03580523282289505,12,all
phys0.1,14,0.27497593855335123,0.7232636783984316,0.03672399596076037,0.012998570474003922,0.011625322751270959,0.019689617225605506,0.01405802370635886,2.092239499092102,1.7736439108848572,1.1602665781974792,0.46901367604732513,0.34900234639644623,0.30025799572467804,0.6913192868232727,0.020139772444963455,0.043401384726166725,12,all
phys0.1,15,0.2576283115802016,0.7464972625517783,0.06166726405356482,0.015932218664614913,0.010135964779329073,0.020701117978295935,0.013280367832428234,2.2528603076934814,1.9215627908706665,1.206505537033081,0.45551423728466034,0.33935730159282684,0.24595552682876587,0.6883192360401154,0.05440211296081543,0.045272788032889366,12,all
phys0.1,16,0.3279387563835814,0.6833226844513898,0.002144196543515664,0.015131527722762605,0.009967349538947963,0.01672280433980715,0.007363987355241132,2.5796008110046387,2.2189658880233765,1.2865142226219177,0.46852265298366547,0.3772706985473633,0.29272255301475525,0.6542287468910217,-0.06892701610922813,0.04420492239296436,12,all
phys0.1,17,0.27551638139854273,0.72299743338841,0.10277018739835059,0.01869925035679615,0.012234704565535215,0.01995913522475718,0.011294190549481192,3.0480077266693115,2.8797231912612915,1.3554510474205017,0.4151468425989151,0.29657862335443497,0.2761943191289902,0.6629563868045807,-0.00037485058419406414,0.05108579061925411,12,all
phys0.1,18,0.30826951355933063,0.7193864615518417,0.013585687056657414,0.018447592881550536,0.012466747699808822,0.017680714292949175,0.011006092034933492,3.2837926149368286,3.2454588413238525,1.6302068829536438,0.48969896137714386,0.37502560019493103,0.31293632090091705,0.591696709394455,-0.010032652178779244,0.048781098797917366,12,all
phys0.1,19,0.2705841031028398,0.7363739505330892,0.09674477748719124,0.01728923500429795,0.012492816568944926,0.017785055667979287,0.00944793267669517,3.457428812980652,3.303428888320923,1.7574912309646606,0.4765368551015854,0.3849819004535675,0.2904973477125168,0.6347895562648773,0.012171913869678974,0.057015493512153625,12,all
phys0.1,20,0.25139430286728415,0.7809847909713623,0.02295884539737092,0.0243777585015047,0.011637885132185381,0.019065583755979703,0.012035000777972999,3.4465867280960083,2.9711207151412964,1.6959223747253418,0.5141264796257019,0.4055749773979187,0.3461141884326935,0.5979309678077698,-0.02024766243994236,0.05157616175711155,12,all
phys0.1,21,0.2416364351227681,0.767036148063602,0.044711555115981405,0.02277539484507257,0.013303844290831372,0.02149685217229522,0.013254220106710748,3.7031378746032715,3.2219396829605103,1.8158832788467407,0.5900637805461884,0.4787549078464508,0.3582550287246704,0.6352570354938507,0.008073266595602036,0.06141664274036884,12,all
phys0.1,22,0.22710943069693285,0.7903496688781309,0.07568555619455014,0.02621503113142835,0.016864383345916074,0.01916173825505723,0.016070903835306263,3.8883804082870483,3.333316922187805,1.963334858417511,0.6391739547252655,0.4226236641407013,0.3835471570491791,0.5910927951335907,0.023423120379447937,0.060583822429180145,12,all
phys0.1,23,0.200399757222542,0.8367039240907019,0.0614859536192533,0.021977837607566983,0.012663680359743648,0.01712424137576305,0.009728444529093118,3.8963544368743896,3.4207589626312256,2.153231918811798,0.5689895451068878,0.489610880613327,0.33701305091381073,0.6149740517139435,0.032836198806762695,0.061581071466207504,12,all
phys0.1,24,0.20037888827587463,0.8242471790444611,0.020838467275196726,0.01939081204083466,0.01114673116701095,0.017419623643722022,0.011806635741679648,3.9358067512512207,3.8465259075164795,2.322229743003845,0.6546498239040375,0.45503680408000946,0.3923319876194,0.5750022530555725,-0.09966030716896057,0.05228340998291969,12,all
phys0.1,25,0.2331902163273299,0.802149875381607,0.014973613943323638,0.02017094954268188,0.010334090371227365,0.021523980913669603,0.013079645647268311,4.077922105789185,3.9112762212753296,2.4754446148872375,0.5902584791183472,0.48474521934986115,0.3838806301355362,0.5639784932136536,-0.013206008821725845,0.07506867870688438,12,all
phys0.1,26,0.2707641124994672,0.7293925421369157,0.05129226859085634,0.01885908357719073,0.01124687447250885,0.020256773430719202,0.015983164688121377,4.144690990447998,4.047343015670776,2.605875849723816,0.5980283319950104,0.45519836246967316,0.3918828070163727,0.5625205338001251,0.006348421797156334,0.06411978416144848,12,all
phys0.1,27,0.23702288273209016,0.7729030206215644,0.07076674948731848,0.01898233092431393,0.012077156009163561,0.01738254700337846,0.016185645278443617,4.252991199493408,4.108374118804932,2.6978771090507507,0.6340701580047607,0.4804643541574478,0.4672650247812271,0.5492982268333435,-0.001346845820080489,0.05535964109003544,12,all
phys0.1,28,0.20154348999379734,0.8778527087033422,-0.009521455289349445,0.017009876636424264,0.007823842854493945,0.016962904904156216,0.012172478203824517,4.470638751983643,4.268240928649902,3.6215872764587402,0.7180287837982178,0.45954856276512146,0.6488791108131409,0.5103033185005188,-0.0410686694085598,0.07229965180158615,11,all
phys0.1,29,0.2520546689685851,0.8010369182708656,0.11385637080328426,0.019294779513898245,0.010300252064389925,0.016838025543660724,0.014497556979234915,4.572904586791992,4.477932453155518,3.687021017074585,0.7821632027626038,0.6608624458312988,0.5516501069068909,0.5492652058601379,0.01670805923640728,0.0952380895614624,11,all
phys0.1,30,0.24570247814525048,0.7704684177693865,0.10281764327512133,0.023254157147693078,0.0105325838346347,0.019302365186680114,0.011224871679019883,4.470526218414307,4.414345741271973,3.1790465116500854,0.6906611323356628,0.5246892422437668,0.4545622915029526,0.5703244805335999,0.049884431064128876,0.069078478962183,10,all
phys0.1,31,0.18730146285143634,0.833463861645059,0.017942148828195947,0.017205570507650786,0.008336201789815145,0.017556240020792566,0.010335871620282221,4.581510305404663,4.589664697647095,3.357536554336548,0.7460140287876129,0.4898823946714401,0.5423394441604614,0.5570720136165619,0.06617224402725697,0.07640111073851585,10,all
phys0.2,1,0.5042204019942031,0.48819619154869404,0.0956178644557037,0.010556381112138311,0.006560686339149205,0.011333766759494426,0.011333766759494426,0.49918635189533234,0.43972231447696686,0.17869842052459717,0.059836866334080696,0.04898087494075298,0.023864072747528553,0.9067954421043396,0.056154919788241386,0.0015761009126435965,12,all
phys0.2,2,0.4169777768745787,0.5852365146748326,-0.034128920874663404,0.011482117058812615,0.006693193873184899,0.014348189070705493,0.009245669391585987,0.810977429151535,0.743850439786911,0.30438540130853653,0.10998793691396713,0.09372944012284279,0.04439343698322773,0.8234089314937592,0.055020520463585854,0.007812499767169356,12,all
phys0.2,3,0.4515666304891209,0.5492882646125397,0.020563942645347,0.011350568967126193,0.008703536287097684,0.013213349377260146,0.009243102659918914,0.9557945132255554,0.9091465771198273,0.3936905860900879,0.17867647111415863,0.16263572126626968,0.07239937037229538,0.773026317358017,0.027285254560410976,0.013958579394966364,12,all
phys0.2,4,0.30714427248674697,0.7436535106783311,-0.07261807683293037,0.011739129884023768,0.00827211752303155,0.01487983339966737,0.010538343865178719,1.1385018527507782,1.0726783573627472,0.48461757600307465,0.1977732554078102,0.1713237762451172,0.07543681934475899,0.7935856580734253,0.08662662655115128,0.014985218644142151,12,all
phys0.2,5,0.3707631000280737,0.6326819446946286,-0.04617414717611679,0.01631006237084421,0.011636584383764633,0.016209150392692762,0.012892769276467755,1.2620071172714233,1.2123042345046997,0.5509836077690125,0.21756912767887115,0.21468845754861832,0.07968777045607567,0.7334330081939697,0.042621880769729614,0.01744125410914421,12,all
phys0.2,6,0.35155583920872235,0.6636533971173317,4.4893390117872745e-05,0.014454188260475117,0.010998869914402366,0.014350999924549945,0.009075011730830897,1.4216279983520508,1.3848270177841187,0.6022801995277405,0.2486293986439705,0.2415931075811386,0.10726509615778923,0.706299901008606,0.08350886404514313,0.01973640453070402,12,all
phys0.2,7,0.371270401208383,0.6236395399828856,0.012230784224188107,0.015292131907078177,0.00821003247904301,0.015464376508145625,0.010193978339086002,1.6434460878372192,1.6080695986747742,0.6922556161880493,0.2719908803701401,0.2437683641910553,0.1248057521879673,0.7307909727096558,0.09678803756833076,0.02846804354339838,12,all
phys0.2,8,0.25517625980875386,0.7657801880863178,-0.32725418526027594,0.01972740478604597,0.013722748846195322,0.014601952297321905,0.011633351468177767,1.8328332901000977,1.8207021355628967,0.8229927122592926,0.34977833926677704,0.32131148874759674,0.15427229553461075,0.6860407888889313,-0.06528247334063053,0.03302669618278742,12,all
phys0.2,9,0.1799095175947134,0.8232771340753696,-0.0384112370471954,0.01853995667753337,0.012349705900184428,0.015900908487650373,0.011763745380582337,2.0582607984542847,2.0263139605522156,0.8599196672439575,0.3875288665294647,0.35556380450725555,0.16087604314088821,0.6246050000190735,0.00727598718367517,0.028656328096985817,12,all
phys0.2,10,0.3561001104379438,0.6423742010738822,-0.049647303984605595,0.01902241421848056,0.013694746546102454,0.014186974348204488,0.010350376090360509,2.3587523102760315,2.231449604034424,0.9103567004203796,0.4474657028913498,0.4155769646167755,0.1912890151143074,0.639365553855896,0.03907824773341417,0.037877075374126434,12,all
phys0.2,11,0.30938955737380297,0.7020518686239119,-0.063214389865621,0.01918734750424942,0.011285204719602825,0.016837633134775442,0.008049023837135433,2.4682751893997192,2.3456143140792847,0.9528450667858124,0.48762474954128265,0.3992680460214615,0.18828942626714706,0.6115764677524567,0.030828219838440418,0.045399073511362076,12,all
phys0.2,12,0.2601893068077593,0.7553738596439257,-0.02679402567154887,0.01870594497871967,0.009730311398252839,0.014788277482962166,0.00960387898606129,2.7460654973983765,2.5772218704223633,1.0597970485687256,0.5279723405838013,0.4692169725894928,0.18716256320476532,0.5844739675521851,0.04724046401679516,0.057182736694812775,12,all
phys0.2,13,0.26766683074527015,0.7272761912929067,-0.008860781738775858,0.01910323553747296,0.011326116414506267,0.020055625677100574,0.011702538908916978,3.0625990629196167,2.892103672027588,1.1015716195106506,0.4302865266799927,0.42196762561798096,0.19745243340730667,0.6071934998035431,0.07080423645675182,0.0466147530823946,12,all
phys0.2,14,0.21086384996772095,0.8225071937718209,-0.038454688704705586,0.020412681685795,0.01151878331244571,0.01935915014462082,0.012085341924310116,3.4564476013183594,3.432689070701599,1.1602665781974792,0.5310742259025574,0.46448974311351776,0.20799888670444489,0.571245014667511,0.05865505151450634,0.0558758657425642,12,all
phys0.2,15,0.2558693467132458,0.7383150394807048,0.042176135281614735,0.017772228705871945,0.011030937114807682,0.020106008813203576,0.011884861977748865,3.8311911821365356,3.8171995878219604,1.206505537033081,0.5148838311433792,0.49433065950870514,0.2506873309612274,0.6184788346290588,0.07202951051294804,0.05598703399300575,12,all
phys0.2,16,0.20709718034167435,0.8221051139148352,-0.180091986195817,0.021923495525874907,0.011508360844989062,0.015307797004408532,0.009773319376179878,4.129764795303345,4.094866156578064,1.2865142226219177,0.5723275244235992,0.5476182699203491,0.28988781571388245,0.5656339824199677,-0.07260119915008545,0.05577905289828777,12,all
phys0.2,17,0.20404777894031684,0.821851559511448,-0.08485092936198113,0.017783037928182883,0.009790457593578678,0.017231683061157736,0.011935695145060148,4.360138416290283,4.1964263916015625,1.3554510474205017,0.6472384333610535,0.5807521343231201,0.2876603603363037,0.5828460454940796,-0.004139923810726032,0.050794897601008415,12,all
phys0.2,18,0.25621133679184277,0.7533013284579693,-0.14479119237557014,0.020291791294145257,0.012252775916292421,0.017580118329551263,0.010781165428608103,4.387873411178589,4.295724868774414,1.6302068829536438,0.5661963224411011,0.46859443187713623,0.30762821435928345,0.5786400735378265,0.016478335484862328,0.06345565803349018,12,all
phys0.2,19,0.2511565314477879,0.8037766063614676,0.028569600257892513,0.018293238092094325,0.012399156394708587,0.01651307372342336,0.008864322532030707,4.366236925125122,4.318509578704834,1.7574912309646606,0.5522235631942749,0.5752023905515671,0.2810986042022705,0.5746902823448181,0.02380117028951645,0.0578853040933609,12,all
phys0.2,20,0.2964499617773735,0.7264327223812374,-0.04399769225435923,0.023728352369404723,0.013184018069145306,0.018965255974365755,0.010208353889834751,4.465020656585693,4.363548755645752,1.6959223747253418,0.6210242807865143,0.5755639672279358,0.27409178018569946,0.5656759738922119,-0.03603621944785118,0.05518476665019989,12,all
phys0.2,21,0.1793301058906222,0.8240000792630344,0.009281675979572135,0.017359510129041248,0.010803241286294948,0.022790968765024046,0.01089810737194482,4.453752279281616,4.445944547653198,1.8158832788467407,0.5902623534202576,0.5548019707202911,0.25988946110010147,0.5582953095436096,0.020750319585204124,0.06823959946632385,12,all
phys0.2,22,0.20910790383831224,0.8160435234166281,-0.02459433026889546,0.018689603503923284,0.009791319077299597,0.020711682939595744,0.010935887120530483,4.608839988708496,4.664903163909912,1.963334858417511,0.5873474776744843,0.5565327107906342,0.24357322603464127,0.5745066106319427,0.03553706221282482,0.07139166072010994,12,all
phys0.2,23,0.13168157226663874,0.8846487211829847,-0.018365147793250602,0.01855348732809439,0.010033827182406757,0.018864125245680166,0.011836044095746873,4.729562997817993,4.826964378356934,2.153231918811798,0.6169616878032684,0.5667681097984314,0.35007213056087494,0.5469693243503571,0.0236170906573534,0.07022108510136604,12,all
phys0.2,24,0.20241443506351853,0.8110753538232651,-0.02134599847244112,0.020223388962468968,0.009036410201676216,0.021924534765081983,0.01226579798456688,4.723649501800537,4.751310110092163,2.322229743003845,0.7108853459358215,0.6777678728103638,0.38735896348953247,0.5407180190086365,-0.07721847668290138,0.06565707176923752,12,all
phys0.2,25,0.10784322888966141,0.8915823119087039,-0.0779018895268383,0.0175500557034249,0.01150742996782627,0.018668118900780815,0.011723598032385898,4.798732280731201,4.727327108383179,2.4754446148872375,0.7674917876720428,0.6101207137107849,0.3476293683052063,0.498972550034523,-0.012357756379060447,0.06473692506551743,12,all
phys0.2,26,0.1507136093133683,0.878162543144654,0.03605360871681251,0.017208376313299488,0.00981020517180518,0.020596123919286016,0.01254845905872377,4.750596284866333,4.655207395553589,2.605875849723816,0.70378777384758,0.6029610335826874,0.3754334896802902,0.5438436567783356,0.04140440560877323,0.09195243194699287,12,all
phys0.2,27,0.18604094368478424,0.8334663769769484,-0.02940914361175695,0.015455001068415495,0.00885610369281517,0.01645758140373537,0.011010558404973244,4.734519958496094,4.713327646255493,2.6978771090507507,0.6789597868919373,0.6408193111419678,0.3881259709596634,0.5185340344905853,0.03179743140935898,0.0893014669418335,12,all
phys0.2,28,0.12252610741651526,0.8789057596086279,0.001955041681637404,0.013594468603875474,0.0098974012309488,0.01625832375683606,0.01090880534707147,5.04852819442749,5.074077606201172,3.6215872764587402,0.6487486362457275,0.573535680770874,0.448855459690094,0.4406817853450775,0.0672478899359703,0.07552870362997055,11,all
phys0.2,29,0.1989326751446001,0.8219581016358276,0.0014335795383315642,0.01613273272378114,0.01031267282432529,0.018789123763254333,0.015652261113556713,5.163853645324707,5.23629093170166,3.687021017074585,0.7727677226066589,0.6711552739143372,0.38970115780830383,0.46532896161079407,0.050147414207458496,0.08702792227268219,11,all
phys0.2,30,0.23338447721732225,0.8325244086641287,0.03573969143770339,0.020754957239947767,0.009455070531384887,0.017925959281555215,0.01674242876402484,5.179065227508545,5.1466429233551025,3.1790465116500854,0.6497897207736969,0.5355924069881439,0.3846043795347214,0.5248928964138031,0.060711031779646873,0.06914595142006874,10,all
phys0.2,31,0.10978808761480668,0.9052718998641696,-0.02588112592992109,0.01678621038058667,0.008125065598337394,0.02139938072255182,0.008930359655483226,5.287866115570068,5.302154541015625,3.357536554336548,0.767402172088623,0.6195627152919769,0.4150446355342865,0.49350474774837494,0.013161692768335342,0.07438214868307114,10,all
phys0.3,1,0.4333325811200968,0.5708926836806076,0.00013301835887646885,0.00781108460253686,0.005523386731301967,0.010983355581643987,0.010983355581643987,0.6933657974004745,0.6547495722770691,0.17869842052459717,0.07966189458966255,0.07868026196956635,0.023923221044242382,0.8712406754493713,0.0918455459177494,0.0057043652050197124,12,all
phys0.3,2,0.3665157194122483,0.637003250528036,0.0012045513771704597,0.01195742301192459,0.007218614532782748,0.012488515105631629,0.008793079028408335,1.097912222146988,1.053953856229782,0.30438540130853653,0.15115245431661606,0.14839466661214828,0.041941119357943535,0.7886819541454315,0.09400131925940514,0.007839135825634003,12,all
phys0.3,3,0.3522262954252281,0.7078895411301442,-0.06994221190510608,0.01431298374162075,0.00857505766864791,0.012756686827834492,0.009193175445438559,1.3379814624786377,1.3197291493415833,0.3936905860900879,0.24797813594341278,0.232354074716568,0.0691930539906025,0.7071512639522552,0.08984151855111122,0.023243801668286324,12,all
phys0.3,4,0.3310536999675353,0.7166410418028565,-0.011190503666748064,0.012077560096701676,0.008943230241666076,0.015021441070464528,0.010501654292598273,1.5627319812774658,1.5558977127075195,0.48461757600307465,0.25458812713623047,0.24128086119890213,0.07909561693668365,0.7422962486743927,0.09487371146678925,0.02614791225641966,12,all
phys0.3,5,0.3599698321495669,0.6821782194084239,-0.0557639012248774,0.013851441609383522,0.009910216277585922,0.015311587590073679,0.011967684282434828,1.7394564747810364,1.7153671979904175,0.5509836077690125,0.2915140390396118,0.2719320058822632,0.09622413292527199,0.7137528657913208,0.0806397870182991,0.03624687157571316,12,all
phys0.3,6,0.30477431683455397,0.6991278484564396,-0.1435165372374677,0.017565189792791924,0.011756591720536046,0.01319727402161015,0.01010447188227414,2.0247230529785156,2.0267430543899536,0.6022801995277405,0.3555780500173569,0.33807194232940674,0.09788282588124275,0.6285675764083862,0.102000892162323,0.025746612809598446,12,all
phys0.3,7,0.2885058820499007,0.7130229945179518,-0.03737736088167709,0.016369606254939294,0.008423792619359575,0.0170588987536289,0.012782819972353397,2.287309408187866,2.294405460357666,0.6922556161880493,0.4198103994131088,0.4212809354066849,0.1297311708331108,0.65589839220047,0.11275765672326088,0.04721611738204956,12,all
phys0.3,8,0.25087455563582906,0.761465338578331,-0.49370218906375374,0.01726470304993117,0.012496232513746576,0.013229955406039768,0.010842463083440432,2.7219544649124146,2.6691761016845703,0.8229927122592926,0.48074211180210114,0.4812205582857132,0.15488982200622559,0.6268170475959778,-0.024978868663311005,0.04954906366765499,12,all
phys0.3,9,0.23326067516232296,0.8298712492650637,-0.22410815261339379,0.01783252144787481,0.014058836822250322,0.015120393623146757,0.010924702930305695,2.9262889623641968,2.9231297969818115,0.8599196672439575,0.4297402948141098,0.4136541187763214,0.1465730294585228,0.6029503345489502,0.037412699311971664,0.04952153190970421,12,all
phys0.3,10,0.2502479104210492,0.770289791052035,-0.1759606787911353,0.020247370241082648,0.012177144111420138,0.014839024815100778,0.012027930110705925,3.1615207195281982,3.099387049674988,0.9103567004203796,0.5683851838111877,0.5976853668689728,0.16617919504642487,0.6277878880500793,0.06872764602303505,0.05795479007065296,12,all
phys0.3,11,0.2511406422962372,0.7761735848283413,-0.0962800320039372,0.017053348538106188,0.009945257630473613,0.01660934712737861,0.008861639372040372,3.39475154876709,3.3204829692840576,0.9528450667858124,0.6073634028434753,0.5488713830709457,0.1940331682562828,0.5954359769821167,0.026992683298885822,0.05384586751461029,12,all
phys0.3,12,0.232138755705723,0.7832322329074046,-0.07589309550130696,0.0204558576772962,0.01224615834255035,0.01589653424679352,0.009191618650430049,3.866861939430237,3.882268190383911,1.0597970485687256,0.5417869836091995,0.5406087934970856,0.21529065072536469,0.5444658100605011,0.048748161643743515,0.0585073996335268,12,all
phys0.3,13,0.23867485994395066,0.7793407974539632,-0.02833804229152248,0.01799091783200353,0.011211763038316776,0.020388051461974754,0.012674616333515529,4.2910332679748535,4.362478256225586,1.1015716195106506,0.7314384877681732,0.6175167858600616,0.2778850942850113,0.5768534243106842,0.06907005421817303,0.06651219725608826,12,all
phys0.3,14,0.15429505353895712,0.8691539405002833,-0.062234842922898825,0.018600783425635363,0.011547432931939633,0.019634960721968388,0.011717111078508027,4.612863540649414,4.602744817733765,1.1602665781974792,0.6249223351478577,0.5658837258815765,0.2172042652964592,0.5431160032749176,0.05997624062001705,0.051017679274082184,12,all
phys0.3,15,0.17057874428924236,0.8212757346782802,-0.03529968884807133,0.018207062401858577,0.00945362198261751,0.01815038506136105,0.010959827039325683,4.664333343505859,4.850001811981201,1.206505537033081,0.5269186496734619,0.4747435450553894,0.18260636925697327,0.5391598641872406,0.058689648285508156,0.04767090082168579,12,all
phys0.3,16,0.2457210432651586,0.7747897997301092,-0.2277012168114826,0.021872715822038202,0.012609513505090195,0.017866837315810666,0.00962932292388503,4.810540199279785,4.92351508140564,1.2865142226219177,0.5263113677501678,0.4804956912994385,0.20987122505903244,0.5573600232601166,-0.033266618847846985,0.05698762647807598,12,all
phys0.3,17,0.19411348373002074,0.8327950006353004,-0.2958300061544743,0.02169869637715537,0.012141393280081347,0.019376156323831918,0.010520826159152723,4.863256931304932,4.930108308792114,1.3554510474205017,0.530381053686142,0.49714013934135437,0.26335005462169647,0.5396464169025421,0.013294570613652468,0.07402824610471725,12,all
phys0.3,18,0.29485616553229244,0.7654265169754124,-0.17898609469308402,0.021994331707055663,0.012024513043000715,0.017582671871048533,0.00979028678104648,4.926393270492554,5.085540056228638,1.6302068829536438,0.6558864712715149,0.6213034391403198,0.24712535738945007,0.5336818099021912,0.014665172435343266,0.07901398092508316,12,all
phys0.3,19,0.19466303776816934,0.8444776971412155,-0.14247225560486632,0.022097692754640415,0.014453286491934947,0.018197632636116755,0.008344515086884313,4.934532880783081,5.0491414070129395,1.7574912309646606,0.6911671459674835,0.6830726563930511,0.21918757259845734,0.5528847277164459,0.014859141781926155,0.07366098091006279,12,all
phys0.3,20,0.1515294610837602,0.857893204515531,-0.11062395727243202,0.019580636105379988,0.0118740153546917,0.019648330897350824,0.011133002424115454,5.060686826705933,5.183436632156372,1.6959223747253418,0.6840124428272247,0.6656801998615265,0.2131233662366867,0.5197885632514954,0.0009588829707354307,0.06061262637376785,12,all
phys0.3,21,0.19453649827206587,0.8190176942858428,-0.021771130734397848,0.021430344934887595,0.012729057084645367,0.016562421710706758,0.012841462350260756,5.0551207065582275,5.185579061508179,1.8158832788467407,0.6098005473613739,0.5989030003547668,0.24779412895441055,0.5352301001548767,-0.017964033409953117,0.07527481764554977,12,all
phys0.3,22,0.25305916487410035,0.7727887519326238,-0.004932926317606223,0.01957623174998989,0.010863765190248311,0.018043799692659533,0.015005333748452917,5.118380069732666,5.231734275817871,1.963334858417511,0.8544166684150696,0.7852450609207153,0.29677440226078033,0.5440008342266083,0.07993334904313087,0.07717742770910263,12,all
phys0.3,23,0.1883266615639898,0.8383879127439242,-0.0642011335457836,0.02015567883605733,0.008996308877584415,0.01731095892254244,0.009919218718824497,5.314401388168335,5.209112167358398,2.153231918811798,0.7237492501735687,0.7162985801696777,0.27286992967128754,0.5437865257263184,0.021169799380004406,0.08190416172146797,12,all
phys0.3,24,0.14360045683925443,0.8929552380765864,-0.09545119804338276,0.01859369814802414,0.008937146409461763,0.015714250776069135,0.012262756162262075,5.4289305210113525,5.323220729827881,2.322229743003845,0.7590871453285217,0.7530323266983032,0.3066544905304909,0.46734826266765594,-0.04035817796830088,0.08248964324593544,12,all
phys0.3,25,0.20041411545479432,0.8124532524830286,-0.021939782788719442,0.01851322844821992,0.008871786385016798,0.020238938667802898,0.010232364228621775,5.550600051879883,5.41045069694519,2.4754446148872375,0.8847528100013733,0.8291405439376831,0.28500571846961975,0.5079518258571625,0.01640497799962759,0.08774079009890556,12,all
phys0.3,26,0.14041398599326615,0.8564139144439101,0.0029253430107147316,0.017716787845687598,0.00968265595817389,0.02175141980086512,0.01242180445228221,5.765522718429565,5.552152872085571,2.605875849723816,0.7883966267108917,0.7412221729755402,0.31180787086486816,0.47296595573425293,0.028651485219597816,0.08855472132563591,12,all
phys0.3,27,0.0854132892522661,0.9247411046162224,0.009350174794920174,0.02033767464223623,0.01130093946126344,0.020760900064625682,0.015995333739795524,6.049139976501465,5.835790157318115,2.6978771090507507,0.7339439988136292,0.7749111950397491,0.2986588031053543,0.447466179728508,0.024037066381424665,0.0866440199315548,12,all
phys0.3,28,0.17277644349659926,0.8294958225914121,-0.0561522829182044,0.01901901706847228,0.009835650491812705,0.017397066875800442,0.012557989584286885,6.587827682495117,6.440460681915283,3.6215872764587402,0.8329361081123352,0.7259137630462646,0.39732298254966736,0.4315245449542999,0.059108905494213104,0.0952380895614624,11,all
phys0.3,29,0.16947442706492344,0.8483035272886786,-0.0705274009946335,0.01897873742733934,0.0095531023884293,0.016067139943205192,0.011446573367852982,6.897472858428955,6.8070149421691895,3.687021017074585,0.6805578470230103,0.5769084095954895,0.36979347467422485,0.4747767448425293,0.056148797273635864,0.07741935551166534,11,all
phys0.3,30,0.09679701576783972,0.9186067127808881,-0.09676563747449085,0.018987805426543956,0.009465276227793739,0.016371295262435664,0.01054031318654931,7.291731834411621,7.299361944198608,3.1790465116500854,0.7593680620193481,0.6692580282688141,0.2750300392508507,0.47201794385910034,0.07040616869926453,0.08394531160593033,10,all
phys0.3,31,0.05996509416764911,0.938647567904671,-0.1759658776872265,0.018129305770899135,0.010215396499832125,0.018646610835164584,0.010593155814142913,7.685159921646118,7.770164251327515,3.357536554336548,0.8768569827079773,0.8105491399765015,0.3814164102077484,0.45578858256340027,0.03742801956832409,0.07330667972564697,10,all
learned,1,0.5740406845182225,0.5794533363500555,0.1646272302420395,0.007118637085785478,0.0034622817667112216,0.012971248379376814,0.010865469895582971,0.5245783627033234,0.49644501507282257,0.17126458883285522,0.04697431065142155,0.04120744206011295,0.026298479177057743,0.864600658416748,0.0418938584625721,0.0016486055101267993,10,survivors
learned,2,0.49107319802163263,0.5380034916555148,0.14555318216911278,0.008142631580422418,0.0035898763282253728,0.013895774483008633,0.010468550762282525,0.788797527551651,0.7575757503509521,0.23637093603610992,0.06408671475946903,0.048839226365089417,0.03564196638762951,0.8589079976081848,0.1395348310470581,0.006554344668984413,10,survivors
learned,3,0.45181245358038186,0.5451228088585243,0.10259769028338411,0.009007564527315711,0.004202629168924761,0.013417112842245737,0.010192065924700532,1.014469027519226,0.9805302023887634,0.27487891912460327,0.10277950391173363,0.0704130232334137,0.056246351450681686,0.8481116890907288,0.10016967728734016,0.006545569311128929,10,survivors
learned,4,0.40063257860426005,0.5878255182783625,0.16503362683105616,0.007669339991440663,0.0041605357856119435,0.016087528122904027,0.014257742608489866,1.3364813923835754,1.2820923328399658,0.3485846072435379,0.09479520842432976,0.07708195969462395,0.06949356198310852,0.7976738214492798,0.06242971681058407,0.0071594202890992165,10,survivors
learned,5,0.4079986640951652,0.5912998744710495,0.1459086016913687,0.00925048167616713,0.004302987033186515,0.017728635039331947,0.015002787629935389,1.4572186470031738,1.39419287443161,0.3762017637491226,0.10471368581056595,0.07468347623944283,0.08662525191903114,0.7316983044147491,0.07909149304032326,0.006687685148790479,10,survivors
learned,6,0.3009598034722191,0.7112224211243472,0.04526583821614061,0.008866887933458738,0.004507723516215127,0.01322247290616154,0.010960759028862711,1.6319926977157593,1.5384379625320435,0.42819808423519135,0.14214158803224564,0.06853432767093182,0.14141397923231125,0.7121395766735077,0.08507438376545906,0.010122950654476881,10,survivors
learned,7,0.2887617840340894,0.7492365602673077,0.20710048697552214,0.012094571616420833,0.005573043659766976,0.014517381367863402,0.009951936311580927,1.795187771320343,1.7040725350379944,0.4906195402145386,0.1618540659546852,0.12903929501771927,0.16198230534791946,0.6646724343299866,0.13797638565301895,0.013972508255392313,10,survivors
learned,8,0.31430595147922746,0.7426755633957843,0.027114193858257918,0.012927150830072917,0.005453403812283876,0.012143945796730997,0.010440247312727047,2.0960012078285217,2.0145211815834045,0.5785576850175858,0.22416440397500992,0.09753000363707542,0.18171189725399017,0.6895938813686371,-0.116358682513237,0.016958435531705618,10,survivors
learned,9,0.40296282152003937,0.5984157179465162,0.21661029571174245,0.014367301380369436,0.006972400084945228,0.013301489399097637,0.008701045372667087,2.164274275302887,2.0645099878311157,0.6023793369531631,0.18087805807590485,0.10654718801379204,0.16534651815891266,0.662370502948761,-0.038073038682341576,0.024291562847793102,10,survivors
learned,10,0.3177883357349174,0.6944443599978274,0.15613836787424712,0.013197042480103584,0.008644560370775083,0.021255349718890718,0.012810737507632314,2.197834312915802,2.116538882255554,0.6496025323867798,0.20956287533044815,0.14368971437215805,0.1965797021985054,0.6384983062744141,0.008662613574415445,0.022883412428200245,10,survivors
learned,11,0.31659796178423616,0.6880368321842361,0.14592221629579916,0.014210724693000595,0.006961723813973681,0.012569774663780696,0.007427738447593823,2.43065869808197,2.333683967590332,0.7586950957775116,0.2431662380695343,0.18048419803380966,0.2330009639263153,0.6843022406101227,0.03567807096987963,0.034544868394732475,10,survivors
learned,12,0.45691476109039564,0.5585024734975743,0.16575766886061916,0.015554544400240976,0.00697912153725929,0.013172132150151655,0.006465030022976267,2.572861075401306,2.5254989862442017,0.8872484862804413,0.2702578157186508,0.19047369062900543,0.26200151443481445,0.6595850884914398,0.04596397653222084,0.030733083374798298,10,survivors
learned,13,0.35548681268602267,0.6697637397608032,0.13254448330414137,0.01788787058815202,0.007209822890321677,0.014272049053993471,0.009436407744969323,2.7490439414978027,2.677280068397522,0.9468295276165009,0.27683310210704803,0.21980466693639755,0.2494567111134529,0.6245356798171997,0.022789754439145327,0.043843282386660576,10,survivors
learned,14,0.26777360015226137,0.7444828279027695,0.09008352173866618,0.015605821424257349,0.008058951805176063,0.017938299149438938,0.010876991171045106,2.838536858558655,2.726025342941284,1.080438494682312,0.31079354882240295,0.22743842005729675,0.28383368253707886,0.6542618870735168,0.08213156461715698,0.03594804368913174,10,survivors
learned,15,0.28203512240509837,0.7405424277045933,0.1465730348602871,0.015234726865949705,0.010331794142820986,0.01816636765529656,0.013222001617622978,2.9536306858062744,2.8627625703811646,1.1516209244728088,0.37148866057395935,0.2315838411450386,0.23476899415254593,0.6082113087177277,0.021565392147749662,0.042998163029551506,10,survivors
learned,16,0.2769718707573421,0.7397471687542985,0.12470544062217681,0.016427639114645107,0.00906358307211742,0.01310561570790196,0.007228940608463816,3.0856053829193115,2.9940147399902344,1.225853145122528,0.5962351411581039,0.24049856513738632,0.3589247465133667,0.5786795616149902,-0.13305506482720375,0.048133330419659615,10,survivors
learned,17,0.25319670937848776,0.7677772898476126,0.06551165598684033,0.014184830625195918,0.007477661474932318,0.022183739225798985,0.017324657621424357,3.1926960945129395,3.048422932624817,1.2869271636009216,0.47786547243595123,0.2964949682354927,0.33882735669612885,0.5554471611976624,-0.09093497321009636,0.04854629002511501,10,survivors
learned,18,0.28312485643326274,0.7113043826322195,0.13411403402230232,0.011472026182495166,0.006556985841252699,0.014064555531802726,0.007366711992427052,3.4230202436447144,3.2817325592041016,1.6239534616470337,0.5111616253852844,0.28071701526641846,0.3602256327867508,0.5728281438350677,-0.06982477381825447,0.05140198580920696,10,survivors
learned,19,0.2706354784313976,0.7265631407308173,0.07782406191129876,0.01492834939243634,0.0068726606921411006,0.016142210807012478,0.008022622372988616,3.581933379173279,3.413334608078003,1.7130655646324158,0.4783812314271927,0.35836098343133926,0.3642035126686096,0.5760110318660736,-0.06404626928269863,0.06173722259700298,10,survivors
learned,20,0.30010527542235454,0.721144296408653,0.15458092242155352,0.015160872459487173,0.008425886626548758,0.015093418793777777,0.006541835329651182,3.696204423904419,3.572969675064087,1.6959223747253418,0.7156445980072021,0.2306913435459137,0.4451543688774109,0.5751166641712189,-0.04188893735408783,0.06130323372781277,10,survivors
learned,21,0.30462372940758703,0.7113330747846917,0.16478628912564464,0.013830334056361335,0.00847187890482633,0.016144614699202912,0.0076064701370918576,3.893910050392151,3.772646188735962,1.8158832788467407,0.520795613527298,0.2658110782504082,0.44786006212234497,0.5812673270702362,-0.02776801399886608,0.06057118810713291,10,survivors
learned,22,0.25325778671222204,0.7598780421778424,0.1335060217553074,0.014433034054864645,0.007643465409077896,0.01743230426840427,0.010105641996028931,3.9252469539642334,3.9140197038650513,1.963334858417511,0.5580189824104309,0.3600139915943146,0.3895718902349472,0.559628039598465,-0.03458019718527794,0.06165712885558605,10,survivors
learned,23,0.20828218352504113,0.8133199697722091,0.011597273210286252,0.014179585864458276,0.00650361726399525,0.013550992433591709,0.006857240402525557,4.0366562604904175,3.919230103492737,2.153231918811798,0.7379654049873352,0.31755830347537994,0.4958716928958893,0.5336215198040009,-0.0372788505628705,0.058256881311535835,10,survivors
learned,24,0.30855447950269915,0.721640601425352,-0.07609138458784642,0.015312417500866097,0.006945041206764944,0.01791301687581224,0.01088968626528719,4.08486533164978,3.9817270040512085,2.322229743003845,0.5602867305278778,0.419286385178566,0.4256599545478821,0.5328532755374908,-0.11540960147976875,0.0705544464290142,10,survivors
learned,25,0.21701132979715432,0.813086566998332,0.05384964012960791,0.014686805370081366,0.00755176285102104,0.026398112627896292,0.020629662214244473,4.149548292160034,4.122303605079651,2.4754446148872375,0.8785288333892822,0.3918953090906143,0.5179538279771805,0.5454545319080353,-0.08741968870162964,0.08224369212985039,10,survivors
learned,26,0.2519234063174291,0.7813478743612086,0.11999395533493584,0.017633692419167027,0.007523319247455326,0.016945238975134714,0.010027198800750411,4.134145736694336,4.240976810455322,2.605875849723816,0.5959818959236145,0.38887354731559753,0.4598342627286911,0.556490421295166,-0.07636129483580589,0.09322819858789444,10,survivors
learned,27,0.2260051631157377,0.8154243662515068,-0.007352366213408679,0.01610862682915059,0.005509116803454554,0.0211791542980693,0.011194454148676952,4.26882266998291,4.433229446411133,2.6978771090507507,0.6797840297222137,0.5171706229448318,0.48348677158355713,0.5233706533908844,-0.029473578557372093,0.08574799448251724,10,survivors
learned,28,0.19153812700780964,0.8229596989683154,-0.04223660638645138,0.016409266606412815,0.008699724999702715,0.017558099186917232,0.01096902317490187,4.11125922203064,4.306957006454468,2.9077154397964478,0.7507916986942291,0.431510791182518,0.4882023185491562,0.531268835067749,-0.04538405407220125,0.07792999595403671,10,survivors
learned,29,0.17475320655016563,0.8548516063229874,0.021131713511520045,0.014550631722189225,0.008020783153945964,0.018817839729863586,0.009891366443384104,4.207509756088257,4.297627210617065,3.0354864597320557,0.8728442192077637,0.5647384524345398,0.6263874620199203,0.48887671530246735,-0.005915939807891846,0.08074547350406647,10,survivors
learned,30,0.20574766903033398,0.8067993295507965,-0.08788698305719689,0.014344960768653804,0.007686596776957355,0.015649558568906593,0.008163131087130012,4.286620378494263,4.376286268234253,3.1790465116500854,0.7956470549106598,0.49278052151203156,0.6908338665962219,0.46369168162345886,-0.035730586387217045,0.08747289329767227,10,survivors
learned,31,0.1607207881144479,0.8309587302327492,-0.08216190953607327,0.013094997065122828,0.006289011936237983,0.01573976809502295,0.00833955679280449,4.441089630126953,4.531351327896118,3.357536554336548,0.8528629243373871,0.6167031526565552,0.52655228972435,0.5028596967458725,-0.014985011424869299,0.1004755087196827,10,survivors
oracle,1,0.717570515047516,0.30143815979805705,0.09436481647173744,,,0.01301155108283937,0.011042147425583841,0.17126458883285522,0.0,0.17126458883285522,0.026583692990243435,0.0,0.02658369205892086,0.9249067306518555,0.0,0.00024801588733680546,10,survivors
oracle,2,0.5467779232563231,0.46278844929123875,0.06626522220083086,,,0.014938489144321143,0.012542517535019566,0.23637093603610992,0.0,0.23637093603610992,0.05936113931238651,0.0,0.059361137449741364,0.9292058050632477,0.0,0.002262388705275953,10,survivors
oracle,3,0.5086740495784245,0.4862071868575565,0.07232124435090898,,,0.013886955745031515,0.011455231143163491,0.27487891912460327,0.0,0.27487891912460327,0.04665807634592056,0.0,0.04665807634592056,0.942386269569397,0.0,0.0010125606786459684,10,survivors
oracle,4,0.608834310395768,0.3831137768587034,0.10275598998012403,,,0.016170732179294066,0.01282237170326392,0.3485846072435379,0.0,0.3485846072435379,0.07022910937666893,0.0,0.07022910937666893,0.9029288589954376,0.0,0.0017559321131557226,10,survivors
oracle,5,0.5276465956942044,0.47522028680076,0.1435869258074271,,,0.01884861618076747,0.015444397725930582,0.3762017637491226,0.0,0.3762017637491226,0.0891556665301323,0.0,0.0891556665301323,0.8578086495399475,0.0,0.002967435051687062,10,survivors
oracle,6,0.42092904841193113,0.569989709330595,0.1094228925423606,,,0.01292782889419398,0.010340354382352774,0.42819808423519135,0.0,0.42819808423519135,0.12812954932451248,0.0,0.12812954187393188,0.8653086423873901,0.0,0.0020245901541784406,10,survivors
oracle,7,0.4430100749531308,0.5528793588211021,0.15914491478464343,,,0.016822094219638498,0.016822094219638498,0.4906195402145386,0.0,0.4906195402145386,0.14436843991279602,0.0,0.14436844736337662,0.8525884747505188,0.0,0.005217175930738449,10,survivors
oracle,8,0.3386097447183482,0.6799283033778335,0.3386097447183482,,,0.012596009180466355,0.0073135678919625715,0.5785576850175858,0.0,0.5785576850175858,0.19522444903850555,0.0,0.19522444903850555,0.829319030046463,0.0,0.00872747739776969,10,survivors
oracle,9,0.4260146354606061,0.5772208776401975,0.339878665882717,,,0.014506080566426223,0.012377656088625465,0.6023793369531631,0.0,0.6023793369531631,0.17921610921621323,0.0,0.17921610921621323,0.7884369194507599,0.0,0.011700091185048223,10,survivors
oracle,10,0.3999566641345385,0.5977596999708804,0.30577802954592986,,,0.011913925214352868,0.010064751558540766,0.6496025323867798,0.0,0.6496025323867798,0.18435662984848022,0.0,0.18435662984848022,0.7754115462303162,0.0,0.008076406084001064,10,survivors
oracle,11,0.41470992988510885,0.5807226218177438,0.25252284719721985,,,0.010870850221134477,0.006275426246203256,0.7586950957775116,0.0,0.7586950957775116,0.19683637470006943,0.0,0.19683637470006943,0.7719053030014038,0.0,0.011578019009903073,10,survivors
oracle,12,0.41086931192940995,0.6374143708281345,0.235032817463473,,,0.011547609132904249,0.007271042658452614,0.8872484862804413,0.0,0.8872484862804413,0.2646884322166443,0.0,0.2646884322166443,0.7911258935928345,0.0,0.011664163786917925,10,survivors
oracle,13,0.38201270199703075,0.6311437394659623,0.22661419500932034,,,0.017819614541583963,0.010145074033339908,0.9468295276165009,0.0,0.9468295276165009,0.23827698826789856,0.0,0.23827698826789856,0.752149224281311,0.0,0.019196778535842896,10,survivors
oracle,14,0.31301417738564224,0.6860121686009639,0.225880348123695,,,0.013532426697575602,0.008925221553711882,1.080438494682312,0.0,1.080438494682312,0.2938051074743271,0.0,0.2938051074743271,0.7081276476383209,0.0,0.01753507647663355,10,survivors
oracle,15,0.27997567629718484,0.7547988192572133,0.18867489873210308,,,0.013961885409280141,0.010138510733045008,1.1516209244728088,0.0,1.1516209244728088,0.24638400226831436,0.0,0.24638400226831436,0.7188234031200409,0.0,0.025145077612251043,10,survivors
oracle,16,0.3093978442014746,0.6944425449764247,0.30939795724907443,,,0.01210276539287006,0.007541718855825889,1.225853145122528,0.0,1.225853145122528,0.3184569776058197,0.0,0.3184569925069809,0.6719096302986145,0.0,0.025681384839117527,10,survivors
oracle,17,0.33135981030949113,0.6758964777910256,0.2968685806602577,,,0.018985948554175083,0.009958235967665742,1.2869271636009216,0.0,1.2869271636009216,0.3686682730913162,0.0,0.3686682879924774,0.6871378421783447,0.0,0.023096950724720955,10,survivors
oracle,18,0.29111583990616213,0.7520031561073948,0.2505255277130828,,,0.014294186821561356,0.008376155131547445,1.6239534616470337,0.0,1.6239534616470337,0.3855893164873123,0.0,0.3855893462896347,0.6224967241287231,0.0,0.023324639536440372,10,survivors
oracle,19,0.24338273102018276,0.755981508477009,0.23408348595611972,,,0.012604119866423426,0.007381333257982749,1.7130655646324158,0.0,1.7130655646324158,0.29817499220371246,0.0,0.29817497730255127,0.6698561310768127,0.0,0.02305918186903,10,survivors
oracle,20,0.36167209916773874,0.6438938320093566,0.3202120826402561,,,0.019886742712691002,0.009742280616814095,1.6959223747253418,0.0,1.6959223747253418,0.41304533183574677,0.0,0.41304533183574677,0.6449737846851349,0.0,0.02990923449397087,10,survivors
oracle,21,0.34579713070937373,0.6768635890781454,0.2559242796629419,,,0.01508431540251153,0.009353235705935053,1.8158832788467407,0.0,1.8158832788467407,0.5083786696195602,0.0,0.5083786696195602,0.6530876159667969,0.0,0.041904883459210396,10,survivors
oracle,22,0.30363070346419524,0.706451857303539,0.2649237369628829,,,0.01364110778593404,0.009265882801016277,1.963334858417511,0.0,1.963334858417511,0.5722745358943939,0.0,0.5722745358943939,0.6356676518917084,0.0,0.04284013994038105,10,survivors
oracle,23,0.2105360779889926,0.7962498866235226,0.22057973358227917,,,0.014695130851866063,0.007440880941984723,2.153231918811798,0.0,2.153231918811798,0.6020207405090332,0.0,0.6020208299160004,0.5933787524700165,0.0,0.04329347796738148,10,survivors
oracle,24,0.2917429493482093,0.7465657444591145,0.29174291146273107,,,0.013907497565050903,0.008217003444947921,2.322229743003845,0.0,2.322229743003845,0.5756925940513611,0.0,0.5756926238536835,0.5702193379402161,0.0,0.047250885516405106,10,survivors
oracle,25,0.1926066211539184,0.8164976407124093,0.23887927833971917,,,0.014672629237186107,0.009336336193418955,2.4754446148872375,0.0,2.4754446148872375,0.5417213588953018,0.0,0.5417213290929794,0.5543299317359924,0.0,0.039622824639081955,10,survivors
oracle,26,0.30686324196775333,0.7691266886047006,0.21186037108089778,,,0.017084281138271852,0.01103103430466744,2.605875849723816,0.0,2.605875849723816,0.5451066195964813,0.0,0.5451065897941589,0.5477023124694824,0.0,0.04606717638671398,10,survivors
oracle,27,0.247269399802526,0.7518434590087393,0.1789881936747415,,,0.015669371984198138,0.012034758550460243,2.6978771090507507,0.0,2.6978771090507507,0.551959753036499,0.0,0.551959753036499,0.5460912883281708,0.0,0.04217379540205002,10,survivors
oracle,28,0.27971981684206154,0.7213880392368726,0.23086031220698877,,,0.015010195581691733,0.011305612281045638,2.9077154397964478,0.0,2.9077154397964478,0.5150148272514343,0.0,0.5150148421525955,0.6055164039134979,0.0,0.054631276056170464,10,survivors
oracle,29,0.2896766452327272,0.7447119122666914,0.11644126760481055,,,0.016398968308553058,0.012357909534280204,3.0354864597320557,0.0,3.0354864597320557,0.4333573132753372,0.0,0.433357298374176,0.5473977625370026,0.0,0.031954110600054264,10,survivors
oracle,30,0.20943832868851303,0.7925453360125814,0.2067455670254682,,,0.02094664692222232,0.010404219863102197,3.1790465116500854,0.0,3.1790465116500854,0.55680713057518,0.0,0.5568071007728577,0.5407609939575195,0.0,0.04390720650553703,10,survivors
oracle,31,0.2014461359699078,0.8856730612568289,0.09352057390462526,,,0.01579987139556635,0.00791307957555867,3.357536554336548,0.0,3.357536554336548,0.6953800320625305,0.0,0.6953800320625305,0.6003042161464691,0.0,0.06427299603819847,10,survivors
phys0.1,1,0.6529743534228905,0.3470256465771095,0.11004319797605605,0.013411105298150261,0.009527125230435772,0.011637665022108045,0.010673288572161942,0.22339527308940887,0.12018550932407379,0.17126458883285522,0.038320040330290794,0.022750554606318474,0.02373467944562435,0.9243068993091583,0.025969624519348145,0.0005840373924002051,10,survivors
phys0.1,2,0.6749155969834333,0.37937031768030793,0.05514073605926201,0.010336703286957561,0.008032534870279141,0.013372163401674138,0.012134255618632676,0.3196523189544678,0.22299590706825256,0.23637093603610992,0.07278167642652988,0.04077896103262901,0.05084890499711037,0.8743364810943604,0.02963783498853445,0.005008710781112313,10,survivors
phys0.1,3,0.43751166207658376,0.5624883379234162,0.05623547028254583,0.011282869882655176,0.008607407646792298,0.014844688975110747,0.01054162010096121,0.3879319876432419,0.33080513775348663,0.27487891912460327,0.10088453814387321,0.07523016259074211,0.051735175773501396,0.8499928414821625,0.005695729050785303,0.0012503280013334006,10,survivors
phys0.1,4,0.5038062273459556,0.49905779950649914,0.03570749395976819,0.015631219308772384,0.00794941547618936,0.015671913125989506,0.011052705914850329,0.5229850858449936,0.4545421749353409,0.3485846072435379,0.11743214726448059,0.08852475136518478,0.061545317992568016,0.8377433121204376,0.06941484659910202,0.004620545078068972,10,survivors
phys0.1,5,0.47432051473071674,0.5103398157190852,0.09041286492534928,0.014080495683914227,0.007958602034253203,0.018092373277319572,0.013721104972308489,0.6236305236816406,0.5446076095104218,0.3762017637491226,0.16064783185720444,0.11401987075805664,0.08807608857750893,0.7844510674476624,0.040192266926169395,0.015101916622370481,10,survivors
phys0.1,6,0.4412485594623507,0.5794839649916672,0.031370874452164965,0.013984502088992413,0.008644745416978353,0.012826051708594095,0.009813997039691606,0.7384075820446014,0.6290513277053833,0.42819808423519135,0.20303824543952942,0.15625160932540894,0.11097810789942741,0.7571025192737579,0.07200148701667786,0.0076292091980576515,10,survivors
phys0.1,7,0.3877075868294317,0.6110800893830036,0.03981942678420847,0.009121803487018795,0.006552622646418174,0.015562594444356748,0.009330147666993065,0.9313077628612518,0.7967979907989502,0.4906195402145386,0.21177536994218826,0.1683049127459526,0.11548494175076485,0.7487183511257172,0.0656516570597887,0.007127193035557866,10,survivors
phys0.1,8,0.25402649935939076,0.7675070365754315,-0.06703157023672113,0.013741079383448339,0.01123631785596913,0.012292076283739847,0.009297119597916303,1.0894730687141418,0.9515812695026398,0.5785576850175858,0.29024556279182434,0.22887706756591797,0.1571669727563858,0.704086035490036,-0.07360481843352318,0.018092239275574684,10,survivors
phys0.1,9,0.3188528373265519,0.6958371170069254,0.023404404473799212,0.017345151869892002,0.012272455208131933,0.012989875771732934,0.009432300947324251,1.2470963597297668,1.1050560176372528,0.6023793369531631,0.2954699993133545,0.2393394559621811,0.1606280729174614,0.674630731344223,-0.017283633933402598,0.02148616500198841,10,survivors
phys0.1,10,0.3753155773682031,0.6278889471882241,0.043835376601111864,0.018294509700491866,0.01151867968065173,0.01199012749429577,0.010072228751445776,1.3881089091300964,1.2815216779708862,0.6496025323867798,0.30734941363334656,0.25618231296539307,0.16685666143894196,0.7007120251655579,-0.004800151800736785,0.01872507482767105,10,survivors
phys0.1,11,0.37295966273010034,0.6856860230740451,0.024067297659914444,0.01499092258346469,0.00992706948195073,0.010901893742385435,0.005632291084346,1.5920597910881042,1.476552665233612,0.7586950957775116,0.36430615186691284,0.2876911908388138,0.2002885788679123,0.6722360849380493,0.04176216572523117,0.02960795722901821,10,survivors
phys0.1,12,0.3438015658029261,0.6425473047572408,0.1108506123925852,0.01602910862213369,0.011108252252781786,0.014072365197699747,0.007328822101713648,1.8542144298553467,1.7250231504440308,0.8872484862804413,0.37004174292087555,0.3045932948589325,0.19507785886526108,0.6463573575019836,0.0688751358538866,0.03797487821429968,10,survivors
phys0.1,13,0.260321586364964,0.7632255503846108,0.04995278325711722,0.015183298144111885,0.010379001067421413,0.016608550742867597,0.01020635593113499,2.1709468960762024,2.089398682117462,0.9468295276165009,0.3673630356788635,0.29891233146190643,0.22235966473817825,0.6765977740287781,0.06620067171752453,0.03580523282289505,10,survivors
phys0.1,14,0.22974721044365642,0.7700476285492099,0.02171180285628771,0.01209438691865165,0.011625322751270959,0.01610435715932957,0.013877914953190035,2.4149917364120483,2.359550714492798,1.080438494682312,0.46901367604732513,0.37706971168518066,0.30025799572467804,0.6867074072360992,0.019244782626628876,0.04867117665708065,10,survivors
phys0.1,15,0.2576283115802016,0.7464972625517783,0.0542115128775163,0.015932218664614913,0.011582672724162076,0.018226505587510322,0.010438548845986642,2.5628535747528076,2.430301308631897,1.1516209244728088,0.45551423728466034,0.35796937346458435,0.24595552682876587,0.652522474527359,0.06633072718977928,0.045272788032889366,10,survivors
phys0.1,16,0.3279387563835814,0.6833226844513898,0.002144196543515664,0.016613710758977513,0.009967349538947963,0.01243529543733199,0.0062116804579718165,2.8377963304519653,2.7468243837356567,1.225853145122528,0.46852265298366547,0.38833412528038025,0.2654064819216728,0.6440846621990204,-0.06319964304566383,0.04420492239296436,10,survivors
phys0.1,17,0.24062633703482844,0.7583146719809271,0.01475720014368237,0.01869925035679615,0.012432529083869544,0.01995913522475718,0.00906539892324941,3.0480077266693115,2.8797231912612915,1.2869271636009216,0.4725371152162552,0.3896932601928711,0.27649669349193573,0.613286554813385,-0.00037485058419406414,0.05877816118299961,10,survivors
phys0.1,18,0.23892900082284652,0.7907794001741322,-0.01693042898613062,0.018447592881550536,0.01091478032679909,0.013787986212548085,0.008338815791179698,3.2837926149368286,3.2454588413238525,1.6239534616470337,0.5227983146905899,0.3752650171518326,0.31293632090091705,0.584999144077301,-0.034307061694562435,0.048781098797917366,10,survivors
phys0.1,19,0.2705841031028398,0.7363739505330892,0.057480153202335404,0.01728923500429795,0.011235445853031227,0.015547325691602514,0.008602575835801507,3.457428812980652,3.303428888320923,1.7130655646324158,0.5063503980636597,0.4385315477848053,0.2904973477125168,0.5935913324356079,-0.02153478702530265,0.057015493512153625,10,survivors
phys0.1,20,0.2180428532108682,0.7996883360680849,-0.020466317600085437,0.01971861923654326,0.011244774881134019,0.015983195991093043,0.008965207878061071,3.624964475631714,3.4456043243408203,1.6959223747253418,0.5197261273860931,0.4528978615999222,0.3461141884326935,0.5677701830863953,-0.03162785712629557,0.05157616175711155,10,survivors
phys0.1,21,0.2240321588641716,0.7906931959451575,0.04206825862092206,0.024538736011889883,0.013303844290831372,0.015199587506671991,0.01027881101940653,3.7312538623809814,3.5796180963516235,1.8158832788467407,0.5900637805461884,0.5256316661834717,0.3582550287246704,0.5913011729717255,0.008073266595602036,0.06141664274036884,10,survivors
phys0.1,22,0.22710943069693285,0.7903496688781309,0.05103842920848528,0.02899372904307336,0.013521393460943876,0.01629909624402829,0.011303900559048693,3.9083850383758545,3.81706440448761,1.963334858417511,0.6696942150592804,0.5346930772066116,0.38552267849445343,0.589273989200592,0.023423120379447937,0.060583822429180145,10,survivors
phys0.1,23,0.2570710654279369,0.7687104867416407,0.0614859536192533,0.021058780497766202,0.011258683585636763,0.016240119493174405,0.008113694720688942,3.8963544368743896,3.744277238845825,2.153231918811798,0.5689895451068878,0.489610880613327,0.33701305091381073,0.5766685009002686,0.032836198806762695,0.061581071466207504,10,survivors
phys0.1,24,0.1851183049503336,0.860371046741923,0.0028074913330534135,0.018931347012225902,0.010648400656391156,0.015334609395281343,0.008920534838436831,3.9358067512512207,3.8465259075164795,2.322229743003845,0.6546498239040375,0.45503680408000946,0.3923319876194,0.5750022530555725,-0.06896939873695374,0.05228340998291969,10,survivors
phys0.1,25,0.21705859245095876,0.8192495642556563,-0.002324553353147907,0.02017094954268188,0.009406595594625804,0.021523980913669603,0.009866763310880957,4.077922105789185,3.9276225566864014,2.4754446148872375,0.5902584791183472,0.48474521934986115,0.3838806301355362,0.5517677068710327,-0.013206008821725845,0.07506867870688438,10,survivors
phys0.1,26,0.2707641124994672,0.7424596428893928,0.05129226859085634,0.01725728946035565,0.008871718026321786,0.017949804388105495,0.01093180653483453,4.144690990447998,4.047343015670776,2.605875849723816,0.5980283319950104,0.45519836246967316,0.3918828070163727,0.5589900016784668,0.013453930616378784,0.06411978416144848,10,survivors
phys0.1,27,0.19105758404548234,0.8310897481556692,0.07076674948731848,0.018324558088114222,0.009558682934744604,0.016950701178673776,0.011796833488027821,4.252991199493408,4.108374118804932,2.6978771090507507,0.6340701580047607,0.4804643541574478,0.4672650247812271,0.5465852320194244,-0.0009672025917097926,0.05535964109003544,10,survivors
phys0.1,28,0.16395313095586772,0.888925503473952,-0.014515310966574324,0.016975011589994406,0.007488355541330995,0.015256321940028513,0.009821918285414004,4.409663200378418,4.236748456954956,2.9077154397964478,0.6250819563865662,0.45643334090709686,0.5609006285667419,0.5059715211391449,-0.03379615116864443,0.05877426080405712,10,survivors
phys0.1,29,0.21599516354167797,0.8272400487197933,0.09669606997826491,0.018564072234159283,0.009990806702823814,0.01582999109620411,0.010341627331727488,4.426408767700195,4.324525594711304,3.0354864597320557,0.7699766159057617,0.5645513534545898,0.5448192954063416,0.5386804044246674,0.025434776209294796,0.07920267432928085,10,survivors
phys0.1,30,0.24570247814525048,0.7704684177693865,0.10281764327512133,0.023254157147693078,0.0105325838346347,0.019302365186680114,0.011224871679019883,4.470526218414307,4.414345741271973,3.1790465116500854,0.6906611323356628,0.5246892422437668,0.4545622915029526,0.5703244805335999,0.049884431064128876,0.069078478962183,10,survivors
phys0.1,31,0.18730146285143634,0.833463861645059,0.017942148828195947,0.017205570507650786,0.008336201789815145,0.017556240020792566,0.010335871620282221,4.581510305404663,4.589664697647095,3.357536554336548,0.7460140287876129,0.4898823946714401,0.5423394441604614,0.5570720136165619,0.06617224402725697,0.07640111073851585,10,survivors
phys0.2,1,0.5042204019942031,0.48819619154869404,0.0956178644557037,0.010556381112138311,0.006560686339149205,0.011333766759494426,0.011333766759494426,0.30946262180805206,0.23836567252874374,0.17126458883285522,0.054482510313391685,0.044416921213269234,0.02276911772787571,0.8951183557510376,0.05301247350871563,0.0015761009126435965,10,survivors
phys0.2,2,0.4169777768745787,0.5852365146748326,-0.034128920874663404,0.013000299249205087,0.009392652770619968,0.014348189070705493,0.01090565875542154,0.46743927896022797,0.4360945373773575,0.23637093603610992,0.14263438433408737,0.12044177204370499,0.04033523518592119,0.7842682600021362,0.055020520463585854,0.011408194666728377,10,survivors
phys0.2,3,0.4291901364219695,0.590217472008491,-0.0389998224850473,0.011350568967126193,0.008730869812706925,0.013213349377260146,0.00945237698440932,0.6499596536159515,0.6238850951194763,0.27487891912460327,0.17867647111415863,0.16263572126626968,0.05907742492854595,0.745805412530899,0.02501235157251358,0.014216843526810408,10,survivors
phys0.2,4,0.28549510514909143,0.7436535106783311,-0.07597256564253657,0.011739129884023768,0.00827211752303155,0.01487983339966737,0.011522527011995612,0.8831849694252014,0.8575840890407562,0.3485846072435379,0.1845778301358223,0.17041097581386566,0.06290162168443203,0.7741232514381409,0.08662662655115128,0.011511299759149551,10,survivors
phys0.2,5,0.3534516306098857,0.6326819446946286,-0.046260990437226424,0.016803042809169333,0.011636584383764633,0.016209150392692762,0.013178278323807248,1.0808476209640503,1.0343643128871918,0.3762017637491226,0.22394341975450516,0.21647080779075623,0.0722213163971901,0.7040412425994873,0.04667953960597515,0.019820564426481724,10,survivors
phys0.2,6,0.33885766881321533,0.6772153855048061,-0.03939997228579917,0.013512400192117142,0.010052102488967839,0.012056044529114948,0.008688510114726251,1.285914421081543,1.2208486795425415,0.42819808423519135,0.2938428223133087,0.2829141765832901,0.09679249674081802,0.6809891760349274,0.09017965197563171,0.022998766973614693,10,survivors
phys0.2,7,0.33006165703984025,0.6874063633264891,-0.022192233209517576,0.01417625156040453,0.00821003247904301,0.014003288282666332,0.010193978339086002,1.5612217783927917,1.5646033883094788,0.4906195402145386,0.3130369931459427,0.3013060390949249,0.10107322782278061,0.6881305873394012,0.09530812129378319,0.02846804354339838,10,survivors
phys0.2,8,0.2502427629367297,0.7755528101012472,-0.5207355259183335,0.017797169416001818,0.012573875236358157,0.01188001065774157,0.011633351468177767,1.8328332901000977,1.8207021355628967,0.5785576850175858,0.33684445917606354,0.319523423910141,0.11815828457474709,0.6493467688560486,-0.043789466843008995,0.03302669618278742,10,survivors
phys0.2,9,0.1799095175947134,0.8232771340753696,-0.038684508250316885,0.014462440799252413,0.01102559004711583,0.014591301652391635,0.011763745380582337,2.0582607984542847,2.0263139605522156,0.6023793369531631,0.3661205917596817,0.35556380450725555,0.13577714934945107,0.6033344566822052,0.01232255669310689,0.028656328096985817,10,survivors
phys0.2,10,0.28854916925112317,0.7370034842698036,-0.14557063216226118,0.016262586300106047,0.010960619497653392,0.01187496652299427,0.010093911911104208,2.3690118193626404,2.3700238466262817,0.6496025323867798,0.46533480286598206,0.4384721368551254,0.16525254398584366,0.5714364349842072,0.029275652021169662,0.037877075374126434,10,survivors
phys0.2,11,0.30938955737380297,0.7020518686239119,-0.12754171721840968,0.01918734750424942,0.011285204719602825,0.01159696548678514,0.005639104607071363,2.628214478492737,2.6135443449020386,0.7586950957775116,0.5036083906888962,0.43180137872695923,0.18828942626714706,0.5923467874526978,0.059099726378917694,0.045399073511362076,10,survivors
phys0.2,12,0.2601893068077593,0.7553738596439257,-0.01391520070747615,0.018039435467155505,0.009374377209858642,0.014377074693177512,0.007685445226670937,3.0009249448776245,2.909396767616272,0.8872484862804413,0.5279723405838013,0.5468945801258087,0.16047266870737076,0.5762273371219635,0.04724046401679516,0.057182736694812775,10,survivors
phys0.2,13,0.26766683074527015,0.7272761912929067,-0.008860781738775858,0.018249928073112043,0.011326116414506267,0.018776568544654808,0.010852268501724325,3.3323410749435425,3.2844135761260986,0.9468295276165009,0.4302865266799927,0.42196762561798096,0.14499162137508392,0.5693768560886383,0.09635953977704048,0.0466147530823946,10,survivors
phys0.2,14,0.1869428425201411,0.8225071937718209,-0.04986168784961187,0.020412681685795,0.01151878331244571,0.01863433321965581,0.011190587461179183,3.4564476013183594,3.432689070701599,1.080438494682312,0.5881094336509705,0.6126505732536316,0.1943749487400055,0.5602217316627502,0.06380052864551544,0.0558758657425642,10,survivors
phys0.2,15,0.2736299551968358,0.7313100339382939,0.04907939593327493,0.017023280302937618,0.009809025997768504,0.017104765707198433,0.00997338834892256,3.8311911821365356,3.8171995878219604,1.1516209244728088,0.5148838311433792,0.49433065950870514,0.20075372606515884,0.5769031047821045,0.083715058863163,0.05881436727941036,10,survivors
phys0.2,16,0.1878742621642439,0.838800414753633,-0.180091986195817,0.021923495525874907,0.009158492649987611,0.01358188348533244,0.008030966624079924,4.129764795303345,4.094866156578064,1.225853145122528,0.5505344420671463,0.5738261044025421,0.2137078046798706,0.5284299552440643,-0.0714900903403759,0.05577905289828777,10,survivors
phys0.2,17,0.16894228085928564,0.8419693488166948,-0.13666392493625723,0.017783037928182883,0.008775225479564552,0.017231683061157736,0.009763852096839346,4.360138416290283,4.1964263916015625,1.2869271636009216,0.6472384333610535,0.5807521343231201,0.24581123143434525,0.5461939871311188,-0.016916225664317608,0.050794897601008415,10,survivors
phys0.2,18,0.25621133679184277,0.7533013284579693,-0.15931924919373508,0.020291791294145257,0.010153560411885646,0.015543136045203963,0.007588680978832108,4.387873411178589,4.295724868774414,1.6239534616470337,0.5363385230302811,0.46859443187713623,0.22873903065919876,0.5589992105960846,0.012404057430103421,0.06345565803349018,10,survivors
phys0.2,19,0.2511565314477879,0.8037766063614676,-0.012956168961122394,0.017077370025338857,0.009030641777871976,0.014123707111313142,0.0070133285292422005,4.366236925125122,4.318509578704834,1.7130655646324158,0.5522235631942749,0.5752023905515671,0.2551549971103668,0.554198145866394,0.01133543299511075,0.0578853040933609,10,survivors
phys0.2,20,0.2399922760245337,0.7858320815715385,-0.07519043474264431,0.02220225941699292,0.010656544313152976,0.015362211841145683,0.008508923644753268,4.465020656585693,4.470882177352905,1.6959223747253418,0.5294622182846069,0.4945250600576401,0.225609689950943,0.5405261516571045,-0.046116216108202934,0.05518476665019989,10,survivors
phys0.2,21,0.1793301058906222,0.8240000792630344,0.009281675979572135,0.017359510129041248,0.008584602702577375,0.017193240452982844,0.008077810869156828,4.453752279281616,4.445944547653198,1.8158832788467407,0.5468763709068298,0.4664449691772461,0.24794957786798477,0.5269284546375275,0.016794110415503383,0.06823959946632385,10,survivors
phys0.2,22,0.15026360448225934,0.88030697165229,-0.02459433026889546,0.01799742124364146,0.009093975008610635,0.017862409002360215,0.008901837588638346,4.608839988708496,4.686883926391602,1.963334858417511,0.5873474776744843,0.5187040418386459,0.24116603285074234,0.5309563726186752,0.03553706221282482,0.07139166072010994,10,survivors
phys0.2,23,0.13168157226663874,0.8846487211829847,-0.018365147793250602,0.016927835480942538,0.009234398008569377,0.01698456818970935,0.011836044095746873,4.729562997817993,4.826964378356934,2.153231918811798,0.5417631268501282,0.49569185078144073,0.3131067752838135,0.5165080279111862,0.0236170906573534,0.07022108510136604,10,survivors
phys0.2,24,0.18226684839619628,0.819452094709227,-0.02134599847244112,0.015253572993235421,0.0072064687723147275,0.014939136506775651,0.011469089915656844,4.723649501800537,4.751310110092163,2.322229743003845,0.6826337575912476,0.5894623100757599,0.2991058677434921,0.5252684950828552,-0.07515751756727695,0.06098911538720131,10,survivors
phys0.2,25,0.10784322888966141,0.8915823119087039,-0.0779018895268383,0.0175500557034249,0.009803202967719249,0.01673974701536064,0.010203661211352685,4.798732280731201,4.727327108383179,2.4754446148872375,0.7674917876720428,0.617368072271347,0.3476293683052063,0.4767438769340515,-0.012357756379060447,0.06473692506551743,10,survivors
phys0.2,26,0.14213175184615706,0.878162543144654,-0.016619013445428377,0.017208376313299488,0.008641338770258841,0.017358994994422318,0.009876512306964522,4.750596284866333,4.655207395553589,2.605875849723816,0.70378777384758,0.6254359185695648,0.3754334896802902,0.5204595029354095,0.04140440560877323,0.09195243194699287,10,survivors
phys0.2,27,0.18604094368478424,0.8334663769769484,-0.02940914361175695,0.014790716075179625,0.008063048783592878,0.01537898683738281,0.008873210997590681,4.734519958496094,4.713327646255493,2.6978771090507507,0.6789597868919373,0.6408193111419678,0.3809032738208771,0.49989044666290283,0.009210022166371346,0.0893014669418335,10,survivors
phys0.2,28,0.11949043988265906,0.8872007385132143,-0.02138071385024687,0.01670283516934915,0.009342242230933516,0.01834978864940298,0.01126337033253374,4.745964527130127,4.746469974517822,2.9077154397964478,0.7199028432369232,0.5981138050556183,0.4549710601568222,0.43863582611083984,0.0550793893635273,0.07190656289458275,10,survivors
phys0.2,29,0.17660014112348277,0.8289152327139382,0.0013522899488188633,0.015685510729659624,0.009600632840293222,0.02140409535304053,0.013419137542360323,5.0180511474609375,4.981631278991699,3.0354864597320557,0.7547414004802704,0.6593311429023743,0.381314218044281,0.457216739654541,0.04463448189198971,0.08221808820962906,10,survivors
phys0.2,30,0.23338447721732225,0.8325244086641287,0.03573969143770339,0.020754957239947767,0.009455070531384887,0.017925959281555215,0.01674242876402484,5.179065227508545,5.1466429233551025,3.1790465116500854,0.6497897207736969,0.5355924069881439,0.3846043795347214,0.5248928964138031,0.060711031779646873,0.06914595142006874,10,survivors
phys0.2,31,0.10978808761480668,0.9052718998641696,-0.02588112592992109,0.01678621038058667,0.008125065598337394,0.02139938072255182,0.008930359655483226,5.287866115570068,5.302154541015625,3.357536554336548,0.767402172088623,0.6195627152919769,0.4150446355342865,0.49350474774837494,0.013161692768335342,0.07438214868307114,10,survivors
phys0.3,1,0.40976109860645293,0.5908360697774049,0.00013301835887646885,0.00781108460253686,0.005523386731301967,0.010983355581643987,0.010983355581643987,0.41829387843608856,0.363031804561615,0.17126458883285522,0.0653336588293314,0.0638848040252924,0.022388839162886143,0.8320610225200653,0.08521651849150658,0.004216270055621862,10,survivors
phys0.3,2,0.3665157194122483,0.637003250528036,-0.002308251457951105,0.011995434518945462,0.008485731238636603,0.012488515105631629,0.010231079487019906,0.6762165129184723,0.6590136885643005,0.23637093603610992,0.15115245431661606,0.14839466661214828,0.04179787635803223,0.7652057409286499,0.09400131925940514,0.008472542278468609,10,survivors
phys0.3,3,0.33317645152095554,0.7638443428622355,-0.1031816793000846,0.01431298374162075,0.010645881962305283,0.012756686827834492,0.009193175445438559,0.956361323595047,0.9469243884086609,0.27487891912460327,0.24797813594341278,0.232354074716568,0.05913740210235119,0.6930929124355316,0.08984151855111122,0.023658718913793564,10,survivors
phys0.3,4,0.3310536999675353,0.7166410418028565,-0.011190503666748064,0.012077560096701676,0.008943230241666076,0.015021441070464528,0.011252628160725281,1.265202820301056,1.2757934927940369,0.3485846072435379,0.24953806400299072,0.24128086119890213,0.07033103704452515,0.7279415726661682,0.08027157559990883,0.02278175950050354,10,survivors
phys0.3,5,0.3372765628605221,0.6821782194084239,-0.0557639012248774,0.013851441609383522,0.009910216277585922,0.015311587590073679,0.012444439195481417,1.5813490748405457,1.5754584074020386,0.3762017637491226,0.2797837406396866,0.2719320058822632,0.06976746954023838,0.7039031386375427,0.10300879925489426,0.03238911274820566,10,survivors
phys0.3,6,0.293300339874916,0.7094325989948123,-0.24925724036736263,0.01615268778867364,0.010084723327179836,0.012117972396070178,0.00988620018811304,1.8543346524238586,1.8324307203292847,0.42819808423519135,0.3842213600873947,0.3754872530698776,0.0889286957681179,0.5940078794956207,0.10810888558626175,0.030354908667504787,10,survivors
phys0.3,7,0.2571139693800523,0.7516471416878292,-0.06241148196362423,0.015494778764082985,0.007346860262854055,0.01668965383179043,0.009989738584810165,2.1895142197608948,2.2304914593696594,0.4906195402145386,0.3532513231039047,0.35330553352832794,0.10792165994644165,0.6468655169010162,0.09399896115064621,0.04398901201784611,10,survivors
phys0.3,8,0.20400629586777685,0.8311876847169648,-0.7582638340161197,0.017123161443383925,0.011454365272678672,0.012780556704530809,0.01089387380902633,2.7538094520568848,2.7603044509887695,0.5785576850175858,0.4765917956829071,0.4812205582857132,0.13511013239622116,0.5831846296787262,-0.024978868663311005,0.04954906366765499,10,survivors
phys0.3,9,0.23993294411148197,0.8456526750495829,-0.3669708969137381,0.01583854271079311,0.012691353811864503,0.0129392318838977,0.009865192900459811,2.9262889623641968,2.9231297969818115,0.6023793369531631,0.4511749744415283,0.43353167176246643,0.11980725079774857,0.5820229351520538,0.05006122589111328,0.05236928164958954,10,survivors
phys0.3,10,0.22434551531450486,0.7918889631230096,-0.1693440793000639,0.01630512347090876,0.009380273689960819,0.014118894517754341,0.012027930110705925,3.2764068841934204,3.2802836894989014,0.6496025323867798,0.4604701101779938,0.4919280558824539,0.12859321758151054,0.5733376741409302,0.04977140575647354,0.05311676859855652,10,survivors
phys0.3,11,0.24290325960634218,0.7822810664700557,-0.0962800320039372,0.013869604392051614,0.00916563159332327,0.012538973203420739,0.0068394414514093265,3.5894644260406494,3.6265146732330322,0.7586950957775116,0.5906023979187012,0.5134219974279404,0.16741956770420074,0.5692524313926697,0.06405378691852093,0.05384586751461029,10,survivors
phys0.3,12,0.23023878753565785,0.7951156333592084,-0.11927632237648489,0.01897896967449443,0.0122068830714449,0.01482804646714123,0.007682730732304635,3.866861939430237,3.882268190383911,0.8872484862804413,0.5417869836091995,0.5406087934970856,0.18935666233301163,0.5361362099647522,0.048748161643743515,0.0585073996335268,10,survivors
phys0.3,13,0.23867485994395066,0.7793407974539632,-0.03432033917324151,0.01759606154277364,0.008778801607154293,0.018445976021462453,0.01029502011541231,4.2910332679748535,4.362478256225586,0.9468295276165009,0.7314384877681732,0.6175167858600616,0.20476790517568588,0.5750671029090881,0.06907005421817303,0.07338308542966843,10,survivors
phys0.3,14,0.13494254423682628,0.890892544208742,-0.062234842922898825,0.01840327831170306,0.009808962354452614,0.017000225354998986,0.011384516829623142,4.612863540649414,4.602744817733765,1.080438494682312,0.7188737392425537,0.6385767459869385,0.198292575776577,0.5242666602134705,0.07815144211053848,0.051017679274082184,10,survivors
phys0.3,15,0.17057874428924236,0.8212757346782802,0.03229953774383498,0.016876873427815527,0.008909594884747962,0.01815038506136105,0.010176998076812892,4.664333343505859,4.850001811981201,1.1516209244728088,0.43254993855953217,0.41921931505203247,0.11656687781214714,0.517819344997406,0.06610807217657566,0.037274619564414024,10,survivors
phys0.3,16,0.23203990117175938,0.7890691223560126,-0.2277012168114826,0.021872715822038202,0.012609513505090195,0.017866837315810666,0.008233051480790112,4.810540199279785,4.92351508140564,1.225853145122528,0.5263113677501678,0.48336663842201233,0.1941450834274292,0.5340107679367065,-0.019843436777591705,0.054037634283304214,10,survivors
phys0.3,17,0.19411348373002074,0.8450006007478126,-0.34675334751931153,0.02193828946417134,0.01235315082772807,0.019376156323831918,0.008712617307534344,4.863256931304932,4.930108308792114,1.2869271636009216,0.530381053686142,0.49714013934135437,0.19890312105417252,0.5058538764715195,-0.011945339385420084,0.07402824610471725,10,survivors
phys0.3,18,0.2533330763048901,0.8009251282866254,-0.17898609469308402,0.021994331707055663,0.010778858069058303,0.015841619623736092,0.007888136553554265,4.926393270492554,5.085540056228638,1.6239534616470337,0.4723815619945526,0.46373848617076874,0.18417935818433762,0.49897490441799164,-0.003117470070719719,0.07901398092508316,10,survivors
phys0.3,19,0.19339337798639422,0.8732654161714797,-0.14247225560486632,0.020781160091663763,0.011567165236525557,0.015259619376365375,0.006674348466959932,4.934532880783081,5.0491414070129395,1.7130655646324158,0.674982488155365,0.6625809073448181,0.17225389182567596,0.5444855690002441,-0.00261234724894166,0.06294148601591587,10,survivors
phys0.3,20,0.1515294610837602,0.857893204515531,-0.11062395727243202,0.019580636105379988,0.009754751088198316,0.016806102764312433,0.00831638470555578,5.060686826705933,5.183436632156372,1.6959223747253418,0.4933609664440155,0.4976363629102707,0.1591969057917595,0.49831579625606537,0.03300687903538346,0.05569780617952347,10,survivors
phys0.3,21,0.19453649827206587,0.8190176942858428,-0.021250345864016973,0.02120517848919668,0.010146521787859518,0.016562421710706758,0.010925412042697324,5.0551207065582275,5.185579061508179,1.8158832788467407,0.5643686354160309,0.559279054403305,0.20649922639131546,0.5139163434505463,-0.017964033409953117,0.07185989245772362,10,survivors
phys0.3,22,0.25305916487410035,0.7727887519326238,-0.004932926317606223,0.018355219718552845,0.009525776112907381,0.017488835319257406,0.015910153655610493,5.118380069732666,5.231734275817871,1.963334858417511,0.8457480669021606,0.7148958444595337,0.27921202778816223,0.5062604248523712,0.05731835961341858,0.07219395413994789,10,survivors
phys0.3,23,0.1404173145152809,0.8677588112150822,-0.0642011335457836,0.02015567883605733,0.008752186935611807,0.01731095892254244,0.010277275213701819,5.314401388168335,5.209112167358398,2.153231918811798,0.6630570292472839,0.6470559537410736,0.27286992967128754,0.5045604109764099,0.021169799380004406,0.07517339289188385,10,survivors
phys0.3,24,0.11747693542509935,0.9056703382199573,-0.09545119804338276,0.01859369814802414,0.008431452612327237,0.015124973032368032,0.009776441779865346,5.4289305210113525,5.323220729827881,2.322229743003845,0.7271616160869598,0.6915232241153717,0.2413443997502327,0.46459370851516724,-0.04035817796830088,0.0757930763065815,10,survivors
phys0.3,25,0.1512162216251769,0.8536034098002288,-0.021939782788719442,0.01808634213526296,0.006959173238021367,0.016632981853923826,0.009242526803501589,5.550600051879883,5.41045069694519,2.4754446148872375,0.7152056694030762,0.6528792977333069,0.27178776264190674,0.48018603026866913,0.037347120232880116,0.08774079009890556,10,survivors
phys0.3,26,0.1557475308844653,0.8488718337332715,0.004284507836206319,0.017716787845687598,0.007657062452804671,0.02175141980086512,0.007931573018161326,5.765522718429565,5.552152872085571,2.605875849723816,0.736413449048996,0.6917574405670166,0.27922505885362625,0.47296595573425293,0.028651485219597816,0.08855472132563591,10,survivors
phys0.3,27,0.0854132892522661,0.9247411046162224,0.009350174794920174,0.02033767464223623,0.00965743557234284,0.020760900064625682,0.015995333739795524,6.049139976501465,5.835790157318115,2.6978771090507507,0.7273127436637878,0.7356703281402588,0.25835631787776947,0.43798860907554626,0.00875477702356875,0.0866440199315548,10,survivors
phys0.3,28,0.17010719595127222,0.8353155524008253,-0.06047541913099408,0.019263090717082175,0.00945680926666518,0.017900441211236722,0.009874071357313564,6.3792665004730225,6.314392566680908,2.9077154397964478,0.8626269698143005,0.8161090016365051,0.4026387631893158,0.41932055354118347,0.05871051922440529,0.1023065447807312,10,survivors
phys0.3,29,0.1446164026797777,0.8830120044103109,-0.11672363432011545,0.01954194037348445,0.009169546144985479,0.018076652358590555,0.01083195676730608,6.786639928817749,6.788448333740234,3.0354864597320557,0.7862265706062317,0.6930118799209595,0.31843648850917816,0.4577872157096863,0.03261985303834081,0.09001445397734642,10,survivors
phys0.3,30,0.09679701576783972,0.9186067127808881,-0.09676563747449085,0.018987805426543956,0.009465276227793739,0.016371295262435664,0.01054031318654931,7.291731834411621,7.299361944198608,3.1790465116500854,0.7593680620193481,0.6692580282688141,0.2750300392508507,0.47201794385910034,0.07040616869926453,0.08394531160593033,10,survivors
phys0.3,31,0.05996509416764911,0.938647567904671,-0.1759658776872265,0.018129305770899135,0.010215396499832125,0.018646610835164584,0.010593155814142913,7.685159921646118,7.770164251327515,3.357536554336548,0.8768569827079773,0.8105491399765015,0.3814164102077484,0.45578858256340027,0.03742801956832409,0.07330667972564697,10,survivors
