bin,e_lo,e_hi,row,levels,res,rho_clip,predictor
0,0.0,0.1646703064441681,pred,12,0.001659798203036189,,oracle
0,0.0,0.1646703064441681,reflex,12,0.0003396735992282629,0.8851359225809574,oracle
0,0.0,0.1646703064441681,chunk_j,12,0.0886349081993103,0.03595447540283203,oracle
0,0.0,0.1646703064441681,shared,12,0.0024073394015431404,-0.008731842041015625,oracle
0,0.0,0.1646703064441681,T1,12,0.0015497857239097357,0.12868362665176392,oracle
0,0.0,0.1646703064441681,T2,12,0.0012015580432489514,0.35723018646240234,oracle
0,0.0,0.1646703064441681,T3,12,0.0007068054983392358,0.7162493467330933,oracle
0,0.0,0.1646703064441681,W1,12,0.07411586493253708,0.0036687254905700684,oracle
0,0.0,0.1646703064441681,W2,12,0.0484805591404438,0.029858142137527466,oracle
0,0.0,0.1646703064441681,W3,12,0.017087401822209358,0.12299177050590515,oracle
0,0.0,0.1646703064441681,M1,12,0.30767637491226196,0.005236327648162842,oracle
0,0.0,0.1646703064441681,M2,12,0.060946449637413025,0.041490256786346436,oracle
0,0.0,0.1646703064441681,M3,12,0.012529918923974037,0.17912527918815613,oracle
1,0.1646703064441681,0.3620149254798889,pred,12,0.02087094821035862,,oracle
1,0.1646703064441681,0.3620149254798889,reflex,12,0.005547957494854927,0.7369303554296494,oracle
1,0.1646703064441681,0.3620149254798889,chunk_j,12,0.12949424982070923,0.09491723775863647,oracle
1,0.1646703064441681,0.3620149254798889,shared,12,0.022717436775565147,0.03025880455970764,oracle
1,0.1646703064441681,0.3620149254798889,T1,12,0.01692044362425804,0.1757153570652008,oracle
1,0.1646703064441681,0.3620149254798889,T2,12,0.013468462973833084,0.43445025384426117,oracle
1,0.1646703064441681,0.3620149254798889,T3,12,0.008831185288727283,0.5955242067575455,oracle
1,0.1646703064441681,0.3620149254798889,W1,12,0.12616807222366333,0.023033738136291504,oracle
1,0.1646703064441681,0.3620149254798889,W2,12,0.08257028460502625,0.10070806741714478,oracle
1,0.1646703064441681,0.3620149254798889,W3,12,0.03559032827615738,0.25169503688812256,oracle
1,0.1646703064441681,0.3620149254798889,M1,12,0.2878721356391907,0.0352708101272583,oracle
1,0.1646703064441681,0.3620149254798889,M2,12,0.06188127398490906,0.13200411200523376,oracle
1,0.1646703064441681,0.3620149254798889,M3,12,0.016943003982305527,0.38391047716140747,oracle
2,0.3620149254798889,0.6287125468254091,pred,12,0.054348185658454895,,oracle
2,0.3620149254798889,0.6287125468254091,reflex,12,0.018992137163877487,0.6076228767633438,oracle
2,0.3620149254798889,0.6287125468254091,chunk_j,12,0.14241892099380493,0.13227668404579163,oracle
2,0.3620149254798889,0.6287125468254091,shared,12,0.045873116701841354,0.05504980683326721,oracle
2,0.3620149254798889,0.6287125468254091,T1,12,0.04255887120962143,0.14061099290847778,oracle
2,0.3620149254798889,0.6287125468254091,T2,12,0.03652730956673622,0.3337353467941284,oracle
2,0.3620149254798889,0.6287125468254091,T3,12,0.026874184608459473,0.5465092658996582,oracle
2,0.3620149254798889,0.6287125468254091,W1,12,0.12938335537910461,0.05392161011695862,oracle
2,0.3620149254798889,0.6287125468254091,W2,12,0.08346483111381531,0.18544748425483704,oracle
2,0.3620149254798889,0.6287125468254091,W3,12,0.044582877308130264,0.34056898951530457,oracle
2,0.3620149254798889,0.6287125468254091,M1,12,0.3120829463005066,0.05939164757728577,oracle
2,0.3620149254798889,0.6287125468254091,M2,12,0.07163601368665695,0.2629810571670532,oracle
2,0.3620149254798889,0.6287125468254091,M3,12,0.032846610993146896,0.4721684157848358,oracle
3,0.6287125468254091,1.0134487152099614,pred,12,0.08588144928216934,,oracle
3,0.6287125468254091,1.0134487152099614,reflex,12,0.028745129704475403,0.5869967192411423,oracle
3,0.6287125468254091,1.0134487152099614,chunk_j,12,0.16382402181625366,0.11445185542106628,oracle
3,0.6287125468254091,1.0134487152099614,shared,12,0.08393299579620361,-0.05791956186294556,oracle
3,0.6287125468254091,1.0134487152099614,T1,12,0.07146822661161423,0.15235936641693115,oracle
3,0.6287125468254091,1.0134487152099614,T2,12,0.05082683265209198,0.3905692994594574,oracle
3,0.6287125468254091,1.0134487152099614,T3,12,0.03646794706583023,0.5029388964176178,oracle
3,0.6287125468254091,1.0134487152099614,W1,12,0.16433843970298767,0.030365347862243652,oracle
3,0.6287125468254091,1.0134487152099614,W2,12,0.11328238248825073,0.13247531652450562,oracle
3,0.6287125468254091,1.0134487152099614,W3,12,0.05703504756093025,0.453262060880661,oracle
3,0.6287125468254091,1.0134487152099614,M1,12,0.3190562427043915,0.0710470974445343,oracle
3,0.6287125468254091,1.0134487152099614,M2,12,0.08752638101577759,0.26610633730888367,oracle
3,0.6287125468254091,1.0134487152099614,M3,12,0.03576471284031868,0.45388495922088623,oracle
4,1.0134487152099614,1.5638152360916138,pred,11,0.1143801137804985,,oracle
4,1.0134487152099614,1.5638152360916138,reflex,11,0.04465542361140251,0.48135924339294434,oracle
4,1.0134487152099614,1.5638152360916138,chunk_j,11,0.17623621225357056,0.15898257493972778,oracle
4,1.0134487152099614,1.5638152360916138,shared,11,0.12046275287866592,-0.009239792823791504,oracle
4,1.0134487152099614,1.5638152360916138,T1,11,0.0967397391796112,0.10537052154541016,oracle
4,1.0134487152099614,1.5638152360916138,T2,11,0.07504914700984955,0.24763017892837524,oracle
4,1.0134487152099614,1.5638152360916138,T3,11,0.05855174362659454,0.36952537298202515,oracle
4,1.0134487152099614,1.5638152360916138,W1,11,0.15723630785942078,0.0358433723449707,oracle
4,1.0134487152099614,1.5638152360916138,W2,11,0.14473876357078552,0.10814887285232544,oracle
4,1.0134487152099614,1.5638152360916138,W3,11,0.08411671221256256,0.2748225927352905,oracle
4,1.0134487152099614,1.5638152360916138,M1,11,0.2728002965450287,0.08432495594024658,oracle
4,1.0134487152099614,1.5638152360916138,M2,11,0.08106432110071182,0.28736597299575806,oracle
4,1.0134487152099614,1.5638152360916138,M3,11,0.061681170016527176,0.43143904209136963,oracle
5,1.5638152360916138,2.316591930389405,pred,8,0.2034936249256134,,oracle
5,1.5638152360916138,2.316591930389405,reflex,8,0.10256265103816986,0.4765559732913971,oracle
5,1.5638152360916138,2.316591930389405,chunk_j,8,0.2587862014770508,0.13385051488876343,oracle
5,1.5638152360916138,2.316591930389405,shared,8,0.1802859902381897,-0.06095916032791138,oracle
5,1.5638152360916138,2.316591930389405,T1,8,0.1666610836982727,0.1297496259212494,oracle
5,1.5638152360916138,2.316591930389405,T2,8,0.1295490860939026,0.32878220081329346,oracle
5,1.5638152360916138,2.316591930389405,T3,8,0.10796138644218445,0.43661853671073914,oracle
5,1.5638152360916138,2.316591930389405,W1,8,0.2527676224708557,0.038309454917907715,oracle
5,1.5638152360916138,2.316591930389405,W2,8,0.1612958312034607,0.14937201142311096,oracle
5,1.5638152360916138,2.316591930389405,W3,8,0.11413523554801941,0.3657205402851105,oracle
5,1.5638152360916138,2.316591930389405,M1,8,0.3700839877128601,0.15675458312034607,oracle
5,1.5638152360916138,2.316591930389405,M2,8,0.11872127652168274,0.34232717752456665,oracle
5,1.5638152360916138,2.316591930389405,M3,8,0.10393598675727844,0.4556044042110443,oracle
6,2.316591930389405,3.2895487308502207,pred,7,0.358193963766098,,oracle
6,2.316591930389405,3.2895487308502207,reflex,7,0.22078321874141693,0.36796361207962036,oracle
6,2.316591930389405,3.2895487308502207,chunk_j,7,0.34100741147994995,0.17592954635620117,oracle
6,2.316591930389405,3.2895487308502207,shared,7,0.39453473687171936,0.12241679430007935,oracle
6,2.316591930389405,3.2895487308502207,T1,7,0.32376277446746826,0.11960446834564209,oracle
6,2.316591930389405,3.2895487308502207,T2,7,0.2601262331008911,0.3033081293106079,oracle
6,2.316591930389405,3.2895487308502207,T3,7,0.23008432984352112,0.3580845594406128,oracle
6,2.316591930389405,3.2895487308502207,W1,7,0.35335442423820496,0.02455878257751465,oracle
6,2.316591930389405,3.2895487308502207,W2,7,0.25498631596565247,0.15262097120285034,oracle
6,2.316591930389405,3.2895487308502207,W3,7,0.22122354805469513,0.34514957666397095,oracle
6,2.316591930389405,3.2895487308502207,M1,7,0.4829440414905548,0.1267467737197876,oracle
6,2.316591930389405,3.2895487308502207,M2,7,0.26540952920913696,0.3049442172050476,oracle
6,2.316591930389405,3.2895487308502207,M3,7,0.23127976059913635,0.33429890871047974,oracle
7,3.2895487308502207,4.601943588256838,pred,6,0.5307623147964478,,oracle
7,3.2895487308502207,4.601943588256838,reflex,6,0.38178324699401855,0.32074183225631714,oracle
7,3.2895487308502207,4.601943588256838,chunk_j,6,0.4776191711425781,0.14967316389083862,oracle
7,3.2895487308502207,4.601943588256838,shared,6,0.5410192012786865,-0.02486109733581543,oracle
7,3.2895487308502207,4.601943588256838,T1,6,0.4696672558784485,0.08352005481719971,oracle
7,3.2895487308502207,4.601943588256838,T2,6,0.3939196765422821,0.23177272081375122,oracle
7,3.2895487308502207,4.601943588256838,T3,6,0.3718615174293518,0.2681375741958618,oracle
7,3.2895487308502207,4.601943588256838,W1,6,0.49075013399124146,0.06338408589363098,oracle
7,3.2895487308502207,4.601943588256838,W2,6,0.4329226613044739,0.08231475949287415,oracle
7,3.2895487308502207,4.601943588256838,W3,6,0.3753443956375122,0.2018851935863495,oracle
7,3.2895487308502207,4.601943588256838,M1,6,0.6046959161758423,0.1795712411403656,oracle
7,3.2895487308502207,4.601943588256838,M2,6,0.3455408811569214,0.3234272301197052,oracle
7,3.2895487308502207,4.601943588256838,M3,6,0.34657466411590576,0.3197227716445923,oracle
8,4.601943588256838,7.036930656433105,pred,4,0.28454825282096863,,oracle
8,4.601943588256838,7.036930656433105,reflex,4,0.20782113075256348,0.2360008955001831,oracle
8,4.601943588256838,7.036930656433105,chunk_j,4,0.23197247087955475,-0.10699459910392761,oracle
8,4.601943588256838,7.036930656433105,shared,4,0.3046718239784241,-0.667061984539032,oracle
8,4.601943588256838,7.036930656433105,T1,4,0.2434595823287964,0.08636060357093811,oracle
8,4.601943588256838,7.036930656433105,T2,4,0.22582665085792542,0.17113065719604492,oracle
8,4.601943588256838,7.036930656433105,T3,4,0.23576730489730835,0.20440351963043213,oracle
8,4.601943588256838,7.036930656433105,W1,4,0.18493685126304626,0.060470521450042725,oracle
8,4.601943588256838,7.036930656433105,W2,4,0.16482535004615784,0.12426239252090454,oracle
8,4.601943588256838,7.036930656433105,W3,4,0.20361873507499695,0.1450672447681427,oracle
8,4.601943588256838,7.036930656433105,M1,4,0.5636508464813232,0.03770720958709717,oracle
8,4.601943588256838,7.036930656433105,M2,4,0.24928516149520874,0.1343361735343933,oracle
8,4.601943588256838,7.036930656433105,M3,4,0.20977815985679626,0.19016700983047485,oracle
9,7.036930656433105,inf,pred,3,0.5630672574043274,,oracle
9,7.036930656433105,inf,reflex,3,0.6051763892173767,-0.07478535175323486,oracle
9,7.036930656433105,inf,chunk_j,3,0.46077948808670044,-0.16860532760620117,oracle
9,7.036930656433105,inf,shared,3,0.6244287490844727,-0.11886000633239746,oracle
9,7.036930656433105,inf,T1,3,0.4889075458049774,0.03885143995285034,oracle
9,7.036930656433105,inf,T2,3,0.5332356095314026,0.05298060178756714,oracle
9,7.036930656433105,inf,T3,3,0.5610541105270386,0.003575265407562256,oracle
9,7.036930656433105,inf,W1,3,0.21325993537902832,0.1997675895690918,oracle
9,7.036930656433105,inf,W2,3,0.3093068301677704,0.025263667106628418,oracle
9,7.036930656433105,inf,W3,3,0.4240162670612335,-0.062131404876708984,oracle
9,7.036930656433105,inf,M1,3,0.889063835144043,-0.15747451782226562,oracle
9,7.036930656433105,inf,M2,3,0.6637640595436096,-0.11148858070373535,oracle
9,7.036930656433105,inf,M3,3,0.6335852146148682,-0.10983848571777344,oracle
0,0.0,0.1646703064441681,pred,8,0.0011721091577783227,,learned
0,0.0,0.1646703064441681,reflex,8,0.00021625898079946637,0.8115466684103012,learned
0,0.0,0.1646703064441681,chunk_j,8,0.01182398572564125,0.06863820552825928,learned
0,0.0,0.1646703064441681,shared,8,0.003233296563848853,-0.09593343734741211,learned
0,0.0,0.1646703064441681,T1,8,0.0010094025637954473,0.20840469002723694,learned
0,0.0,0.1646703064441681,T2,8,0.0005228051450103521,0.5709874331951141,learned
0,0.0,0.1646703064441681,T3,8,0.0001943116367328912,0.825238324701786,learned
0,0.0,0.1646703064441681,W1,8,0.010670156218111515,0.005910128355026245,learned
0,0.0,0.1646703064441681,W2,8,0.005446679890155792,0.0650593638420105,learned
0,0.0,0.1646703064441681,W3,8,0.0017754698637872934,0.20283347368240356,learned
0,0.0,0.1646703064441681,M1,8,0.08663700520992279,0.007892370223999023,learned
0,0.0,0.1646703064441681,M2,8,0.01691744104027748,0.046920329332351685,learned
0,0.0,0.1646703064441681,M3,8,0.00357199739664793,0.154922217130661,learned
1,0.1646703064441681,0.3620149254798889,pred,11,0.013142547570168972,,learned
1,0.1646703064441681,0.3620149254798889,reflex,11,0.004701760597527027,0.6889753043651581,learned
1,0.1646703064441681,0.3620149254798889,chunk_j,11,0.04396495968103409,0.0979565978050232,learned
1,0.1646703064441681,0.3620149254798889,shared,11,0.016495510935783386,-0.04151654243469238,learned
1,0.1646703064441681,0.3620149254798889,T1,11,0.011681227944791317,0.12810355424880981,learned
1,0.1646703064441681,0.3620149254798889,T2,11,0.009161015972495079,0.36231958866119385,learned
1,0.1646703064441681,0.3620149254798889,T3,11,0.005145409144461155,0.6218012869358063,learned
1,0.1646703064441681,0.3620149254798889,W1,11,0.040614672005176544,0.01671355962753296,learned
1,0.1646703064441681,0.3620149254798889,W2,11,0.02626713365316391,0.12600648403167725,learned
1,0.1646703064441681,0.3620149254798889,W3,11,0.011782308109104633,0.3227587938308716,learned
1,0.1646703064441681,0.3620149254798889,M1,11,0.1995733380317688,0.03184616565704346,learned
1,0.1646703064441681,0.3620149254798889,M2,11,0.057470161467790604,0.1303991675376892,learned
1,0.1646703064441681,0.3620149254798889,M3,11,0.015140778385102749,0.38537150621414185,learned
2,0.3620149254798889,0.6287125468254091,pred,12,0.045662686228752136,,learned
2,0.3620149254798889,0.6287125468254091,reflex,12,0.010051291435956955,0.5868461430072784,learned
2,0.3620149254798889,0.6287125468254091,chunk_j,12,0.11511780321598053,0.16395556926727295,learned
2,0.3620149254798889,0.6287125468254091,shared,12,0.045880042016506195,0.016955316066741943,learned
2,0.3620149254798889,0.6287125468254091,T1,12,0.03464929386973381,0.1619236171245575,learned
2,0.3620149254798889,0.6287125468254091,T2,12,0.028449181467294693,0.40470707416534424,learned
2,0.3620149254798889,0.6287125468254091,T3,12,0.01822362095117569,0.5958314836025238,learned
2,0.3620149254798889,0.6287125468254091,W1,12,0.11516951024532318,0.04331386089324951,learned
2,0.3620149254798889,0.6287125468254091,W2,12,0.07403520494699478,0.18913570046424866,learned
2,0.3620149254798889,0.6287125468254091,W3,12,0.03218476474285126,0.35856786370277405,learned
2,0.3620149254798889,0.6287125468254091,M1,12,0.3019546866416931,0.06342485547065735,learned
2,0.3620149254798889,0.6287125468254091,M2,12,0.06671546399593353,0.27665483951568604,learned
2,0.3620149254798889,0.6287125468254091,M3,12,0.025555294007062912,0.4894208014011383,learned
3,0.6287125468254091,1.0134487152099614,pred,12,0.09651963412761688,,learned
3,0.6287125468254091,1.0134487152099614,reflex,12,0.04799947887659073,0.4728635549545288,learned
3,0.6287125468254091,1.0134487152099614,chunk_j,12,0.11707614362239838,0.15639087557792664,learned
3,0.6287125468254091,1.0134487152099614,shared,12,0.10473893582820892,-0.05838441848754883,learned
3,0.6287125468254091,1.0134487152099614,T1,12,0.07477283477783203,0.16308659315109253,learned
3,0.6287125468254091,1.0134487152099614,T2,12,0.05606015771627426,0.3006593883037567,learned
3,0.6287125468254091,1.0134487152099614,T3,12,0.05276356637477875,0.43145960569381714,learned
3,0.6287125468254091,1.0134487152099614,W1,12,0.11757400631904602,0.059514254331588745,learned
3,0.6287125468254091,1.0134487152099614,W2,12,0.07037519663572311,0.19997099041938782,learned
3,0.6287125468254091,1.0134487152099614,W3,12,0.05292409285902977,0.3637221157550812,learned
3,0.6287125468254091,1.0134487152099614,M1,12,0.33603575825691223,0.0929068922996521,learned
3,0.6287125468254091,1.0134487152099614,M2,12,0.11066050082445145,0.2780212163925171,learned
3,0.6287125468254091,1.0134487152099614,M3,12,0.05682290345430374,0.43398037552833557,learned
4,1.0134487152099614,1.5638152360916138,pred,12,0.18501624464988708,,learned
4,1.0134487152099614,1.5638152360916138,reflex,12,0.09315134584903717,0.42061617970466614,learned
4,1.0134487152099614,1.5638152360916138,chunk_j,12,0.1697213351726532,0.14249885082244873,learned
4,1.0134487152099614,1.5638152360916138,shared,12,0.1817692369222641,-0.012277781963348389,learned
4,1.0134487152099614,1.5638152360916138,T1,12,0.16365444660186768,0.10219332575798035,learned
4,1.0134487152099614,1.5638152360916138,T2,12,0.121005579829216,0.2854180335998535,learned
4,1.0134487152099614,1.5638152360916138,T3,12,0.09633426368236542,0.38336440920829773,learned
4,1.0134487152099614,1.5638152360916138,W1,12,0.17147591710090637,0.07227197289466858,learned
4,1.0134487152099614,1.5638152360916138,W2,12,0.1206836849451065,0.20092275738716125,learned
4,1.0134487152099614,1.5638152360916138,W3,12,0.09015224874019623,0.39367473125457764,learned
4,1.0134487152099614,1.5638152360916138,M1,12,0.33852118253707886,0.12460380792617798,learned
4,1.0134487152099614,1.5638152360916138,M2,12,0.14083635807037354,0.2774481177330017,learned
4,1.0134487152099614,1.5638152360916138,M3,12,0.09283390641212463,0.41638320684432983,learned
5,1.5638152360916138,2.316591930389405,pred,12,0.1922292858362198,,learned
5,1.5638152360916138,2.316591930389405,reflex,12,0.11071547865867615,0.42416417598724365,learned
5,1.5638152360916138,2.316591930389405,chunk_j,12,0.17076414823532104,0.03004908561706543,learned
5,1.5638152360916138,2.316591930389405,shared,12,0.1850186288356781,-0.02565741539001465,learned
5,1.5638152360916138,2.316591930389405,T1,12,0.16386227309703827,0.1437404453754425,learned
5,1.5638152360916138,2.316591930389405,T2,12,0.12539932131767273,0.3181334137916565,learned
5,1.5638152360916138,2.316591930389405,T3,12,0.11122114956378937,0.42589980363845825,learned
5,1.5638152360916138,2.316591930389405,W1,12,0.13195930421352386,0.07375943660736084,learned
5,1.5638152360916138,2.316591930389405,W2,12,0.12430934607982635,0.1870664358139038,learned
5,1.5638152360916138,2.316591930389405,W3,12,0.09460653364658356,0.3740030825138092,learned
5,1.5638152360916138,2.316591930389405,M1,12,0.3137642443180084,0.15574663877487183,learned
5,1.5638152360916138,2.316591930389405,M2,12,0.14223411679267883,0.2822205722332001,learned
5,1.5638152360916138,2.316591930389405,M3,12,0.11198705434799194,0.3298940360546112,learned
6,2.316591930389405,3.2895487308502207,pred,12,0.19299320876598358,,learned
6,2.316591930389405,3.2895487308502207,reflex,12,0.17451635003089905,0.3657883405685425,learned
6,2.316591930389405,3.2895487308502207,chunk_j,12,0.16071981191635132,0.1319543421268463,learned
6,2.316591930389405,3.2895487308502207,shared,12,0.23444178700447083,-0.06962466239929199,learned
6,2.316591930389405,3.2895487308502207,T1,12,0.17119674384593964,0.14697840809822083,learned
6,2.316591930389405,3.2895487308502207,T2,12,0.17539548873901367,0.2705940008163452,learned
6,2.316591930389405,3.2895487308502207,T3,12,0.17388522624969482,0.3160342872142792,learned
6,2.316591930389405,3.2895487308502207,W1,12,0.13496774435043335,0.10098132491111755,learned
6,2.316591930389405,3.2895487308502207,W2,12,0.1400546431541443,0.15263640880584717,learned
6,2.316591930389405,3.2895487308502207,W3,12,0.14140638709068298,0.37497222423553467,learned
6,2.316591930389405,3.2895487308502207,M1,12,0.38187968730926514,0.164424866437912,learned
6,2.316591930389405,3.2895487308502207,M2,12,0.21111661195755005,0.34550729393959045,learned
6,2.316591930389405,3.2895487308502207,M3,12,0.17131584882736206,0.38692978024482727,learned
7,3.2895487308502207,4.601943588256838,pred,12,0.36932626366615295,,learned
7,3.2895487308502207,4.601943588256838,reflex,12,0.24064303934574127,0.3133939802646637,learned
7,3.2895487308502207,4.601943588256838,chunk_j,12,0.2290651798248291,0.15060296654701233,learned
7,3.2895487308502207,4.601943588256838,shared,12,0.33456864953041077,-0.05152404308319092,learned
7,3.2895487308502207,4.601943588256838,T1,12,0.2650398313999176,0.10712060332298279,learned
7,3.2895487308502207,4.601943588256838,T2,12,0.2253192961215973,0.21362242102622986,learned
7,3.2895487308502207,4.601943588256838,T3,12,0.22602683305740356,0.28611329197883606,learned
7,3.2895487308502207,4.601943588256838,W1,12,0.20335178077220917,0.1192183792591095,learned
7,3.2895487308502207,4.601943588256838,W2,12,0.16519591212272644,0.23726028203964233,learned
7,3.2895487308502207,4.601943588256838,W3,12,0.22189967334270477,0.18649372458457947,learned
7,3.2895487308502207,4.601943588256838,M1,12,0.457827091217041,0.16932478547096252,learned
7,3.2895487308502207,4.601943588256838,M2,12,0.27676767110824585,0.31219005584716797,learned
7,3.2895487308502207,4.601943588256838,M3,12,0.2540498375892639,0.3028540313243866,learned
8,4.601943588256838,7.036930656433105,pred,11,0.32515668869018555,,learned
8,4.601943588256838,7.036930656433105,reflex,11,0.3025954067707062,0.09693479537963867,learned
8,4.601943588256838,7.036930656433105,chunk_j,11,0.31202057003974915,-0.21617186069488525,learned
8,4.601943588256838,7.036930656433105,shared,11,0.33921727538108826,0.08406722545623779,learned
8,4.601943588256838,7.036930656433105,T1,11,0.28916749358177185,0.1051870584487915,learned
8,4.601943588256838,7.036930656433105,T2,11,0.2784600853919983,0.1436125636100769,learned
8,4.601943588256838,7.036930656433105,T3,11,0.2857280969619751,0.13445186614990234,learned
8,4.601943588256838,7.036930656433105,W1,11,0.1679420918226242,0.042611122131347656,learned
8,4.601943588256838,7.036930656433105,W2,11,0.23813948035240173,0.08146393299102783,learned
8,4.601943588256838,7.036930656433105,W3,11,0.25928258895874023,0.18197309970855713,learned
8,4.601943588256838,7.036930656433105,M1,11,0.6262961030006409,0.07424688339233398,learned
8,4.601943588256838,7.036930656433105,M2,11,0.33024314045906067,0.06531226634979248,learned
8,4.601943588256838,7.036930656433105,M3,11,0.32063594460487366,0.07169234752655029,learned
9,7.036930656433105,inf,pred,8,0.663448691368103,,learned
9,7.036930656433105,inf,reflex,8,0.4347341060638428,0.2409130334854126,learned
9,7.036930656433105,inf,chunk_j,8,0.36103323101997375,-0.009864449501037598,learned
9,7.036930656433105,inf,shared,8,0.5359054803848267,0.1381779909133911,learned
9,7.036930656433105,inf,T1,8,0.5795701742172241,0.13518396019935608,learned
9,7.036930656433105,inf,T2,8,0.41586747765541077,0.2847370505332947,learned
9,7.036930656433105,inf,T3,8,0.37666749954223633,0.28163403272628784,learned
9,7.036930656433105,inf,W1,8,0.18978382647037506,0.14919394254684448,learned
9,7.036930656433105,inf,W2,8,0.21364174783229828,0.32557395100593567,learned
9,7.036930656433105,inf,W3,8,0.2910701632499695,0.2057342231273651,learned
9,7.036930656433105,inf,M1,8,0.7562612295150757,0.16447558999061584,learned
9,7.036930656433105,inf,M2,8,0.4585765600204468,0.22796478867530823,learned
9,7.036930656433105,inf,M3,8,0.4363304674625397,0.2937547266483307,learned
