predictor,row,k,res,levels,R,levels_in_median
oracle,reflex,1,0.0021354362292646616,12,1.0,12
learned,reflex,1,0.017645023379569275,12,1.0,12
oracle,chunk_j,1,0.06159779317463515,12,-6.505780825099908,12
learned,chunk_j,1,0.052538521093194665,12,-1.8269383583438286,12
oracle,shared,1,0.01128717644358395,12,-0.13988735432712096,12
learned,shared,1,0.032288199627242206,12,-0.7194129938414169,12
oracle,T1,1,0.009088910064206115,12,0.12849835546312735,12
learned,T1,1,0.025813345851546127,12,0.18612936122317336,12
oracle,T2,1,0.005831177540990787,12,0.4364833519475329,12
learned,T2,1,0.0201556716266095,12,0.6054813148892428,12
oracle,T3,1,0.003003885080030536,12,0.7950818758994833,12
learned,T3,1,0.01814434125211918,12,0.9152040664593746,12
oracle,W1,1,0.058506216906486795,12,-4.558100519008109,12
learned,W1,1,0.05595604206080783,12,-1.868901888838293,12
oracle,W2,1,0.03742723562922179,12,-2.483975677660669,12
learned,W2,1,0.03890176771604345,12,-0.7268738442032926,12
oracle,W3,1,0.01681663326769728,12,-0.6734754135132786,12
learned,W3,1,0.02105713721458105,12,0.4578464693315075,12
oracle,M1,1,0.3339091725452876,12,-34.999114110923145,12
learned,M1,1,0.3419612819095611,12,-14.494725679891125,12
oracle,M2,1,0.06467220542189833,12,-9.791632700185236,12
learned,M2,1,0.07855211430747701,12,-2.6383412780075277,12
oracle,M3,1,0.013238147137657044,12,-1.0919855894881962,12
learned,M3,1,0.023206044916173327,12,0.4364371784200748,12
oracle,reflex,2,0.004876361292295562,12,1.0,12
learned,reflex,2,0.031044450273200463,12,1.0,12
oracle,chunk_j,2,0.0876095757350184,12,-6.838906424252073,12
learned,chunk_j,2,0.08140731272706447,12,-2.3319714823234827,12
oracle,shared,2,0.02581652383568566,12,-0.24904713957263724,12
learned,shared,2,0.06887591305732045,12,-0.4591765008020068,12
oracle,T1,2,0.020098455451465172,12,0.20724236051382794,12
learned,T1,2,0.056781510415531984,12,0.2691001323202335,12
oracle,T2,2,0.012232036298100936,12,0.5336681590469884,12
learned,T2,2,0.04313994971082541,12,0.6612854721927384,12
oracle,T3,2,0.007127397651429114,12,0.8665748493788903,12
learned,T3,2,0.03443744116153451,12,0.9051558945658205,12
oracle,W1,2,0.08892125098286155,12,-6.834625162609063,12
learned,W1,2,0.08468477415111195,12,-2.176906155554078,12
oracle,W2,2,0.05278405022926698,12,-3.956443725058694,12
learned,W2,2,0.054981227830930665,12,-0.2611139965881452,12
oracle,W3,2,0.029188701447235628,12,-0.9011241831861325,12
learned,W3,2,0.03682681884071197,12,0.46169320447246,12
oracle,M1,2,0.28475358969135484,12,-18.196514224111755,12
learned,M1,2,0.30177464697324174,12,-8.309085091546638,12
oracle,M2,2,0.06537728400391712,12,-3.1275872470992043,12
learned,M2,2,0.08116932690233278,12,-1.5519930249003693,12
oracle,M3,2,0.017952567383505993,12,0.2005359821474373,12
learned,M3,2,0.03537072025448273,12,0.6310031436394309,12
oracle,reflex,3,0.010471984804978357,12,1.0,12
learned,reflex,3,0.039465812794635846,12,1.0,12
oracle,chunk_j,3,0.1022665231607156,12,-6.381480835406172,12
learned,chunk_j,3,0.08918035800479708,12,-1.4293863509157165,12
oracle,shared,3,0.029769350792852818,12,-0.21294431356540144,12
learned,shared,3,0.07792699324455721,12,-0.3118024899054608,12
oracle,T1,3,0.024149841544912655,12,0.2558031374623382,12
learned,T1,3,0.0632165069219213,12,0.2634485955843333,12
oracle,T2,3,0.016539832626173236,12,0.671746803896498,12
learned,T2,3,0.047991726670285256,12,0.6922840131531447,12
oracle,T3,3,0.012275912299336895,12,0.891109817414335,12
learned,T3,3,0.04177078208813581,12,0.8894849603337969,12
oracle,W1,3,0.09769075163988583,12,-6.054748969735781,12
learned,W1,3,0.08919850015081573,12,-1.279699929454519,12
oracle,W2,3,0.054008590258763055,12,-2.7251553753307625,12
learned,W2,3,0.05883822123502201,12,-0.1370672221623095,12
oracle,W3,3,0.024362150240448344,12,-0.290219387863919,12
learned,W3,3,0.036876452919996625,12,0.654729184786728,12
oracle,M1,3,0.29200129426992744,12,-17.100523839279337,12
learned,M1,3,0.3071989839590782,12,-8.03953998816343,12
oracle,M2,3,0.06685871438030558,12,-2.7290636621121505,12
learned,M2,3,0.0769685381402834,12,-0.4741879739696425,12
oracle,M3,3,0.020279328299896905,12,0.4226964944353373,12
learned,M3,3,0.038824201792088855,12,0.8553980785152786,12
oracle,reflex,4,0.014972852502412452,12,1.0,12
learned,reflex,4,0.03290339023272994,12,1.0,12
oracle,chunk_j,4,0.1206769545413055,12,-5.177455694091309,12
learned,chunk_j,4,0.1037453548987356,12,-1.3965648687342662,12
oracle,shared,4,0.03891927216371363,12,-0.27541566702743003,12
learned,shared,4,0.078778649674076,12,-0.25986356708301617,12
oracle,T1,4,0.03322312025480512,12,0.26445763446155546,12
learned,T1,4,0.061666714232937264,12,0.30045788803998513,12
oracle,T2,4,0.02308290771131303,12,0.671855807664452,12
learned,T2,4,0.0420458291478197,12,0.7667942137054853,12
oracle,T3,4,0.017315740870859304,12,0.9195738295400475,12
learned,T3,4,0.03445065542465306,12,0.962055595410197,12
oracle,W1,4,0.10867331419298487,12,-5.013893868829959,12
learned,W1,4,0.09717447065174986,12,-1.5863714811926601,12
oracle,W2,4,0.06510407670099695,12,-2.718737682429894,12
learned,W2,4,0.06807377256589939,12,-0.3520916941925353,12
oracle,W3,4,0.030471732364793735,12,-0.24622827073537082,12
learned,W3,4,0.042634630877160296,12,0.5533042220915065,12
oracle,M1,4,0.2925376994987127,12,-10.664593945623071,12
learned,M1,4,0.3030535085186035,12,-5.64628482255187,12
oracle,M2,4,0.0732814080122086,12,-1.2314060441982673,12
learned,M2,4,0.08252659217760996,12,0.030274715503382874,12
oracle,M3,4,0.019431745017709043,12,0.6964524260392827,12
learned,M3,4,0.034405407670752425,12,0.9012681139724499,12
oracle,reflex,5,0.01904320524286702,12,1.0,12
learned,reflex,5,0.051636187790910094,12,1.0,12
oracle,chunk_j,5,0.1319722572834099,12,-4.058323203796901,12
learned,chunk_j,5,0.1153132954775096,12,-1.1647486549774282,12
oracle,shared,5,0.01904320524286702,12,1.0,12
learned,shared,5,0.051636187790910094,12,1.0,12
oracle,T1,5,0.03958498597061949,12,0.2720582128964851,12
learned,T1,5,0.08570173606741223,12,0.2829051443708879,12
oracle,T2,5,0.02866224490400213,12,0.6754823960468928,12
learned,T2,5,0.06164879421963053,12,0.7501241343707776,12
oracle,T3,5,0.02164909568974876,12,0.8886105598911973,12
learned,T3,5,0.051931550675259036,12,0.9651263257273953,12
oracle,W1,5,0.12182020433991586,12,-3.8895006609368616,12
learned,W1,5,0.11118222123524336,12,-1.3831551226755434,12
oracle,W2,5,0.07195322255564437,12,-2.4743737943000763,12
learned,W2,5,0.07044836345445617,12,-0.6658452917179105,12
oracle,W3,5,0.03965348920404558,12,-0.10541394404799681,12
learned,W3,5,0.05824320484292862,12,0.5490019114280148,12
oracle,M1,5,0.3492263354984377,12,-9.227701059314125,12
learned,M1,5,0.3542951643801431,12,-2.9655199857096957,12
oracle,M2,5,0.08044590300847423,12,-0.8341987802343622,12
learned,M2,5,0.09863115457305052,12,0.4304443772298676,12
oracle,M3,5,0.024428288353562564,12,0.6509676818859385,12
learned,M3,5,0.05097374848146527,12,1.025320898488054,12
oracle,reflex,6,0.024267272828205025,12,1.0,12
learned,reflex,6,0.06602307823121772,12,1.0,11
oracle,chunk_j,6,0.15899534640620325,12,-3.319735011596922,12
learned,chunk_j,6,0.1285830079267796,12,-0.3280677689036984,11
oracle,shared,6,0.06040488602371068,12,-0.13522939044879806,12
learned,shared,6,0.13216969916077187,12,-0.10708348531480756,11
oracle,T1,6,0.04609290049607137,12,0.32073809080326704,12
learned,T1,6,0.10478224338076908,12,0.3207079672323371,11
oracle,T2,6,0.03445143820577786,12,0.7079647545827101,12
learned,T2,6,0.07860193554678385,12,0.7643303923506932,11
oracle,T3,6,0.02682066944445219,12,0.920469824469246,12
learned,T3,6,0.06839493719148265,12,0.9524387684112043,11
oracle,W1,6,0.14136952824416482,12,-3.214301743479172,12
learned,W1,6,0.1344780371696923,12,-0.6449918142614105,11
oracle,W2,6,0.07912680595625865,12,-1.4483042434906168,12
learned,W2,6,0.08752631580366373,12,-0.12138924638523926,11
oracle,W3,6,0.03829701927873859,12,0.2844021467347777,12
learned,W3,6,0.0608042034158111,12,0.7734270951422019,11
oracle,M1,6,0.28999944892931473,12,-7.900429301370701,12
learned,M1,6,0.3144899271566808,12,-4.089445814425923,11
oracle,M2,6,0.07922705853954656,12,-0.7053340308322668,12
learned,M2,6,0.09677302818091474,12,0.25291444065204216,11
oracle,M3,6,0.0314196032608431,12,0.7106879888716133,12
learned,M3,6,0.06330942863126612,12,0.9209160717703496,11
oracle,reflex,7,0.02960004657667063,12,1.0,12
learned,reflex,7,0.08530552378503795,12,1.0,11
oracle,chunk_j,7,0.21470448980402718,12,-3.9827026854350525,12
learned,chunk_j,7,0.18435565924143013,12,-0.8233188973359292,11
oracle,shared,7,0.06915127598599233,12,-0.2080982946348341,12
learned,shared,7,0.16185792657048198,12,-0.18872117691611184,11
oracle,T1,7,0.05651532458257606,12,0.34040818074680734,12
learned,T1,7,0.13499455384175138,12,0.3117151636320444,11
oracle,T2,7,0.04273622964977933,12,0.6910831387873003,12
learned,T2,7,0.10546832825057964,12,0.7152977254897931,11
oracle,T3,7,0.032555900120093205,12,0.9082749966408856,12
learned,T3,7,0.08809039378328543,12,0.9386601432295681,11
oracle,W1,7,0.1968238898898353,12,-3.81125072801309,12
learned,W1,7,0.18658030283471594,12,-1.0888859782754774,11
oracle,W2,7,0.12266354994545083,12,-1.8941945883338773,12
learned,W2,7,0.12373193450995376,12,0.12089202109623849,11
oracle,W3,7,0.061274144208030304,12,0.2113911848381534,12
learned,W3,7,0.07928899583029136,12,0.9368661337951211,11
oracle,M1,7,0.30301521333273396,12,-6.621179662965696,12
learned,M1,7,0.30241564504794627,12,-1.9304627914702694,11
oracle,M2,7,0.09390840099351272,12,-0.45904517718651555,12
learned,M2,7,0.11837024756047577,12,0.4439087780844043,11
oracle,M3,7,0.03723572234827827,12,0.770977548747706,12
learned,M3,7,0.08432984436487592,12,0.9721829697352937,11
