level,predictor,row,res,R,gain,beats_pred
worlds_l_car_launch,oracle,reflex,0.01803071024553782,1.0,0.6450448001499371,True
worlds_l_car_launch,learned,reflex,0.04334326794900863,1.0,0.5872555303763541,True
worlds_l_cartpole_thrust,oracle,reflex,0.006281679530960296,1.0,0.5657326074981154,True
worlds_l_cartpole_thrust,learned,reflex,0.0021888303085112236,1.0,0.6094435078772222,True
worlds_l_catapult,oracle,reflex,0.008548584915938545,1.0,0.43644038893240983,True
worlds_l_catapult,learned,reflex,0.022778373897867542,1.0,0.3171697363548551,True
worlds_l_catcher_v3,oracle,reflex,0.009729397548409463,1.0,0.7035378829589206,True
worlds_l_catcher_v3,learned,reflex,0.04088752367584031,1.0,0.515224791332433,True
worlds_l_chain_lander,oracle,reflex,0.001726639081846993,1.0,0.478551189186374,True
worlds_l_chain_lander,learned,reflex,0.0066660629576991174,1.0,0.28875970588239697,True
worlds_l_grasp_easy,oracle,reflex,0.05105248184646017,1.0,0.43493108022661714,True
worlds_l_grasp_easy,learned,reflex,0.09588895178144904,1.0,0.3945246375012863,True
worlds_l_h17_unicycle,oracle,reflex,0.07629638744234403,1.0,0.37160671035505355,True
worlds_l_h17_unicycle,learned,reflex,0.06985632073105832,1.0,0.3820282519895194,True
worlds_l_hard_lunar_lander,oracle,reflex,0.010085269459632366,1.0,0.40638840248062136,True
worlds_l_hard_lunar_lander,learned,reflex,0.025112341651692235,1.0,0.236882897404202,True
worlds_l_mjc_half_cheetah,oracle,reflex,0.02591002378051278,1.0,0.6398603738081199,True
worlds_l_mjc_half_cheetah,learned,reflex,0.08454015209834875,1.0,0.5449427725232112,True
worlds_l_mjc_swimmer,oracle,reflex,0.027878403260018857,1.0,0.5933710111758707,True
worlds_l_mjc_swimmer,learned,reflex,0.06350035153446136,1.0,0.5352032838739827,True
worlds_l_mjc_walker,oracle,reflex,0.04475927832620724,1.0,0.572677320773985,True
worlds_l_mjc_walker,learned,reflex,0.2043780188554508,1.0,0.4370023685435828,True
worlds_l_trampoline,oracle,reflex,0.0014439077665650574,1.0,0.7237549181017966,True
worlds_l_trampoline,learned,reflex,0.0191168708260238,1.0,0.5225864840230403,True
worlds_l_car_launch,oracle,chunk_j,0.12894161306448187,-2.384893977971568,0.6450448001499371,False
worlds_l_car_launch,learned,chunk_j,0.09278903350690101,0.19820821883164616,0.5872555303763541,True
worlds_l_cartpole_thrust,oracle,chunk_j,0.018743778169482566,-0.5228650435654775,0.5657326074981154,False
worlds_l_cartpole_thrust,learned,chunk_j,0.007871874381358954,-0.6638697904077364,0.6094435078772222,False
worlds_l_catapult,oracle,chunk_j,0.07873541366673632,-9.601719676253666,0.43644038893240983,False
worlds_l_catapult,learned,chunk_j,0.06970290716836784,-3.435047384193944,0.3171697363548551,False
worlds_l_catcher_v3,oracle,chunk_j,0.11792494436401944,-3.686030974092856,0.7035378829589206,False
worlds_l_catcher_v3,learned,chunk_j,0.11524430246601906,-0.7110921889860592,0.515224791332433,False
worlds_l_chain_lander,oracle,chunk_j,0.016336877211084906,-8.220171713198443,0.478551189186374,False
worlds_l_chain_lander,learned,chunk_j,0.011042997412329423,-0.6172620439648078,0.28875970588239697,False
worlds_l_grasp_easy,oracle,chunk_j,0.26761739128952433,-4.51127657198719,0.43493108022661714,False
worlds_l_grasp_easy,learned,chunk_j,0.2562017316878981,-1.5657947984575264,0.3945246375012863,False
worlds_l_h17_unicycle,oracle,chunk_j,0.20754572535380852,-1.9089826918365882,0.37160671035505355,False
worlds_l_h17_unicycle,learned,chunk_j,0.20692672079863988,-2.1740306179175777,0.3820282519895194,False
worlds_l_hard_lunar_lander,oracle,chunk_j,0.04594535315196911,-4.193795721416924,0.40638840248062136,False
worlds_l_hard_lunar_lander,learned,chunk_j,0.04972482125060401,-2.1573711642002427,0.236882897404202,False
worlds_l_mjc_half_cheetah,oracle,chunk_j,0.4082060612375684,-7.30458011272117,0.6398603738081199,False
worlds_l_mjc_half_cheetah,learned,chunk_j,0.3277994651597461,-1.4028218395116263,0.5449427725232112,False
worlds_l_mjc_swimmer,oracle,chunk_j,0.23475494719054968,-4.085285821077986,0.5933710111758707,False
worlds_l_mjc_swimmer,learned,chunk_j,0.18490898131411504,-0.6604190587425601,0.5352032838739827,False
worlds_l_mjc_walker,oracle,chunk_j,0.8629216706488934,-12.639623906601084,0.572677320773985,False
worlds_l_mjc_walker,learned,chunk_j,0.6870267161055683,-2.0424239432801814,0.4370023685435828,False
worlds_l_trampoline,oracle,chunk_j,0.05528654843264197,-13.232786209882875,0.7237549181017966,False
worlds_l_trampoline,learned,chunk_j,0.052490837157786165,-0.5948783213081578,0.5225864840230403,False
worlds_l_car_launch,oracle,shared,0.04377134502406568,0.21442060756426898,0.6450448001499371,True
worlds_l_car_launch,learned,shared,0.09005372600413852,0.24256281724746612,0.5872555303763541,True
worlds_l_cartpole_thrust,oracle,shared,0.010644704650773525,0.4668395242336558,0.5657326074981154,True
worlds_l_cartpole_thrust,learned,shared,0.003385462271615533,0.6496525896819466,0.6094435078772222,True
worlds_l_catapult,oracle,shared,0.015679181510170614,-0.07707653361726022,0.43644038893240983,False
worlds_l_catapult,learned,shared,0.03585171693966815,-0.2356200865328225,0.3171697363548551,False
worlds_l_catcher_v3,oracle,shared,0.02660376689609299,0.2691582994049841,0.7035378829589206,True
worlds_l_catcher_v3,learned,shared,0.07433935502257175,0.23020915838501219,0.515224791332433,True
worlds_l_chain_lander,oracle,shared,0.004919761225862323,-1.0151029852224178,0.478551189186374,False
worlds_l_chain_lander,learned,shared,0.010775416379556873,-0.5183917838606956,0.28875970588239697,False
worlds_l_grasp_easy,oracle,shared,0.10193055124213977,-0.2947762987524375,0.43493108022661714,False
worlds_l_grasp_easy,learned,shared,0.1654471142681794,-0.11327351196120487,0.3945246375012863,False
worlds_l_h17_unicycle,oracle,shared,0.11234799460256743,0.2009597693153675,0.37160671035505355,True
worlds_l_h17_unicycle,learned,shared,0.11171042372113066,0.03081770892573172,0.3820282519895194,True
worlds_l_hard_lunar_lander,oracle,shared,0.015669123450877776,0.19126242934717977,0.40638840248062136,True
worlds_l_hard_lunar_lander,learned,shared,0.03756907781733208,-0.5979917590741459,0.236882897404202,False
worlds_l_mjc_half_cheetah,oracle,shared,0.08727595378030799,-0.33304620488561987,0.6398603738081199,False
worlds_l_mjc_half_cheetah,learned,shared,0.20573083349021085,-0.19707489233994605,0.5449427725232112,False
worlds_l_mjc_swimmer,oracle,shared,0.0713637852853951,-0.06892542013879836,0.5933710111758707,False
worlds_l_mjc_swimmer,learned,shared,0.14434501208932737,-0.10565464272596892,0.5352032838739827,False
worlds_l_mjc_walker,oracle,shared,0.10994729157824551,-0.08675244953773133,0.572677320773985,False
worlds_l_mjc_walker,learned,shared,0.38888780631333575,-0.16307574915197776,0.4370023685435828,False
worlds_l_trampoline,oracle,shared,0.004606812840899954,0.16391634644463451,0.7237549181017966,True
worlds_l_trampoline,learned,shared,0.037706027983769354,0.11165956519639195,0.5225864840230403,True
worlds_l_car_launch,oracle,T1,0.03891215398204511,0.36271844012991883,0.6450448001499371,True
worlds_l_car_launch,learned,T1,0.0793031755017435,0.41688923202940487,0.5872555303763541,True
worlds_l_cartpole_thrust,oracle,T1,0.005669143094763503,1.0748517848920573,0.5657326074981154,True
worlds_l_cartpole_thrust,learned,T1,0.0017819645659064862,1.1191213035116596,0.6094435078772222,True
worlds_l_catapult,oracle,T1,0.01378856109701207,0.2085016580642092,0.43644038893240983,True
worlds_l_catapult,learned,T1,0.03097930142359155,0.22489368277229524,0.3171697363548551,True
worlds_l_catcher_v3,oracle,T1,0.024096884986321232,0.3777332511782177,0.7035378829589206,True
worlds_l_catcher_v3,learned,T1,0.06560830076502534,0.4311274739007781,0.515224791332433,True
worlds_l_chain_lander,oracle,T1,0.0019619221237470517,0.8515185017292142,0.478551189186374,True
worlds_l_chain_lander,learned,T1,0.006993134041713131,0.8791483730594344,0.28875970588239697,True
worlds_l_grasp_easy,oracle,T1,0.08410952540131814,0.15874409131389558,0.43493108022661714,True
worlds_l_grasp_easy,learned,T1,0.14601867287022294,0.19767732994986015,0.3945246375012863,True
worlds_l_h17_unicycle,oracle,T1,0.11106090172551127,0.22948662485400786,0.37160671035505355,True
worlds_l_h17_unicycle,learned,T1,0.1035828827895411,0.21902073271879388,0.3820282519895194,True
worlds_l_hard_lunar_lander,oracle,T1,0.012959409676205923,0.5837238616712409,0.40638840248062136,True
worlds_l_hard_lunar_lander,learned,T1,0.02601111713810955,0.8847020759326689,0.236882897404202,True
worlds_l_mjc_half_cheetah,oracle,T1,0.06555440230851516,0.13880897198202857,0.6398603738081199,True
worlds_l_mjc_half_cheetah,learned,T1,0.16880646539842406,0.16764979977787803,0.5449427725232112,True
worlds_l_mjc_swimmer,oracle,T1,0.05743475668792634,0.2734676336231758,0.5933710111758707,True
worlds_l_mjc_swimmer,learned,T1,0.11599266690234702,0.28210011897384113,0.5352032838739827,True
worlds_l_mjc_walker,oracle,T1,0.10066543466528337,0.06798582569425607,0.572677320773985,True
worlds_l_mjc_walker,learned,T1,0.3508031440986732,0.07699469722815938,0.4370023685435828,True
worlds_l_trampoline,oracle,T1,0.004568645691873347,0.17400546662180819,0.7237549181017966,True
worlds_l_trampoline,learned,T1,0.03380355104143462,0.29815150963187215,0.5225864840230403,True
worlds_l_car_launch,oracle,T2,0.027693346195645764,0.7051056532084647,0.6450448001499371,True
worlds_l_car_launch,learned,T2,0.05655468916954643,0.7857691385164609,0.5872555303763541,True
worlds_l_cartpole_thrust,oracle,T2,0.0054075618008020965,1.1068169474364367,0.5657326074981154,True
worlds_l_cartpole_thrust,learned,T2,0.0017496619665886555,1.1285787911657457,0.6094435078772222,True
worlds_l_catapult,oracle,T2,0.011083816249960254,0.6170533361297184,0.43644038893240983,True
worlds_l_catapult,learned,T2,0.026204176544078014,0.6762120791429992,0.3171697363548551,True
worlds_l_catcher_v3,oracle,T2,0.016699537696382986,0.6981179578228286,0.7035378829589206,True
worlds_l_catcher_v3,learned,T2,0.04813727882538628,0.8331692199381819,0.515224791332433,True
worlds_l_chain_lander,oracle,T2,0.0015861001644494398,1.0886907481815316,0.478551189186374,True
worlds_l_chain_lander,learned,T2,0.006060856833449614,1.223621556061534,0.28875970588239697,True
worlds_l_grasp_easy,oracle,T2,0.0714768607455814,0.48022788542430017,0.43493108022661714,True
worlds_l_grasp_easy,learned,T2,0.12294887664211783,0.566907800521757,0.3945246375012863,True
worlds_l_h17_unicycle,oracle,T2,0.09545705780590082,0.5753269362076964,0.37160671035505355,True
worlds_l_h17_unicycle,learned,T2,0.08918817051748172,0.5523476761369469,0.3820282519895194,True
worlds_l_hard_lunar_lander,oracle,T2,0.011642688440181657,0.7744312002439914,0.40638840248062136,True
worlds_l_hard_lunar_lander,learned,T2,0.025296882432162056,0.976326491748512,0.236882897404202,True
worlds_l_mjc_half_cheetah,oracle,T2,0.04747159735991587,0.5316200075272833,0.6398603738081199,True
worlds_l_mjc_half_cheetah,learned,T2,0.12721506141754518,0.5784736755979295,0.5449427725232112,True
worlds_l_mjc_swimmer,oracle,T2,0.04006372697560869,0.7004694068316297,0.5933710111758707,True
worlds_l_mjc_swimmer,learned,T2,0.08383758103167245,0.7218622471855806,0.5352032838739827,True
worlds_l_mjc_walker,oracle,T2,0.08450310219061767,0.33742883416847086,0.572677320773985,True
worlds_l_mjc_walker,learned,T2,0.30583612399772775,0.3604487692945362,0.4370023685435828,True
worlds_l_trampoline,oracle,T2,0.0031736443564375646,0.5427607045547782,0.7237549181017966,True
worlds_l_trampoline,learned,T2,0.02533794948923178,0.7027064929450595,0.5225864840230403,True
worlds_l_car_launch,oracle,T3,0.02124938158414732,0.9017692494225366,0.6450448001499371,True
worlds_l_car_launch,learned,T3,0.04736016612068426,0.9348636651996254,0.5872555303763541,True
worlds_l_cartpole_thrust,oracle,T3,0.005739571591258853,1.0662454418920024,0.5657326074981154,True
worlds_l_cartpole_thrust,learned,T3,0.0018439972904366506,1.1009594918066334,0.6094435078772222,True
worlds_l_catapult,oracle,T3,0.009210719212481375,0.8999846221161443,0.43644038893240983,True
worlds_l_catapult,learned,T3,0.023290718771547956,0.9515759958927499,0.3171697363548551,True
worlds_l_catcher_v3,oracle,T3,0.011544208195807563,0.9213991780982057,0.7035378829589206,True
worlds_l_catcher_v3,learned,T3,0.0409115742044723,0.9994465511772732,0.515224791332433,True
worlds_l_chain_lander,oracle,T3,0.0015150039960753242,1.133557838968231,0.478551189186374,True
worlds_l_chain_lander,learned,T3,0.005777766861780076,1.3282223150982346,0.28875970588239697,True
worlds_l_grasp_easy,oracle,T3,0.058857213823717565,0.801380396263105,0.43493108022661714,True
worlds_l_grasp_easy,learned,T3,0.10697197203423567,0.8226170381900078,0.3945246375012863,True
worlds_l_h17_unicycle,oracle,T3,0.08289666845732069,0.8537127612272121,0.37160671035505355,True
worlds_l_h17_unicycle,learned,T3,0.07709775040354673,0.8323159523380487,0.3820282519895194,True
worlds_l_hard_lunar_lander,oracle,T3,0.010748528644689281,0.9039368466874147,0.40638840248062136,True
worlds_l_hard_lunar_lander,learned,T3,0.02491563267203607,1.025234485522259,0.236882897404202,True
worlds_l_mjc_half_cheetah,oracle,T3,0.032699216754864216,0.8525190129323307,0.6398603738081199,True
worlds_l_mjc_half_cheetah,learned,T3,0.0968010644699333,0.8788914280484468,0.5449427725232112,True
worlds_l_mjc_swimmer,oracle,T3,0.030065451787064643,0.9462395946234963,0.5933710111758707,True
worlds_l_mjc_swimmer,learned,T3,0.06645349218936925,0.9596120058725983,0.5352032838739827,True
worlds_l_mjc_walker,oracle,T3,0.06141851925354209,0.7222730072287594,0.572677320773985,True
worlds_l_mjc_walker,learned,T3,0.2471215789705652,0.7305617285280507,0.4370023685435828,True
worlds_l_trampoline,oracle,T3,0.002023029852250861,0.8469146250440008,0.7237549181017966,True
worlds_l_trampoline,learned,T3,0.020902782521481908,0.9146546796822868,0.5225864840230403,True
worlds_l_car_launch,oracle,W1,0.11499080578756134,-1.9591287705908513,0.6450448001499371,False
worlds_l_car_launch,learned,W1,0.09755334893096906,0.12095207956854097,0.5872555303763541,True
worlds_l_cartpole_thrust,oracle,W1,0.009222294992001721,0.6406575953150073,0.5657326074981154,True
worlds_l_cartpole_thrust,learned,W1,0.0039109555288579624,0.4957997698584839,0.6094435078772222,True
worlds_l_catapult,oracle,W1,0.07141538695268779,-8.496029725214973,0.43644038893240983,False
worlds_l_catapult,learned,W1,0.06651696305982198,-3.133929565859088,0.3171697363548551,False
worlds_l_catcher_v3,oracle,W1,0.11415730772885539,-3.5228517815000746,0.7035378829589206,False
worlds_l_catcher_v3,learned,W1,0.1139094791136661,-0.6803753417927133,0.515224791332433,False
worlds_l_chain_lander,oracle,W1,0.01299158405807783,-6.109037245103285,0.478551189186374,False
worlds_l_chain_lander,learned,W1,0.009961015527101248,-0.2174735039774498,0.28875970588239697,False
worlds_l_grasp_easy,oracle,W1,0.2820821276432199,-4.879384049745733,0.43493108022661714,False
worlds_l_grasp_easy,learned,W1,0.27677197369294054,-1.8950200790019085,0.3945246375012863,False
worlds_l_h17_unicycle,oracle,W1,0.20949468968814833,-1.9521791270020419,0.37160671035505355,False
worlds_l_h17_unicycle,learned,W1,0.21273421752552557,-2.3085102168353817,0.3820282519895194,False
worlds_l_hard_lunar_lander,oracle,W1,0.04261493772240364,-3.71143495625467,0.40638840248062136,False
worlds_l_hard_lunar_lander,learned,W1,0.040917684636926695,-1.027562236520058,0.236882897404202,False
worlds_l_mjc_half_cheetah,oracle,W1,0.3994947713890602,-7.115345599820425,0.6398603738081199,False
worlds_l_mjc_half_cheetah,learned,W1,0.3621541691318847,-1.7421643787770258,0.5449427725232112,False
worlds_l_mjc_swimmer,oracle,W1,0.21731612967723063,-3.6566177384043543,0.5933710111758707,False
worlds_l_mjc_swimmer,learned,W1,0.2021211290319566,-0.895817301556646,0.5352032838739827,False
worlds_l_mjc_walker,oracle,W1,0.9123245331363179,-13.463221361777487,0.572677320773985,False
worlds_l_mjc_walker,learned,W1,0.8483279682929378,-3.0592023879998056,0.4370023685435828,False
worlds_l_trampoline,oracle,W1,0.04828043142829542,-11.380786303289977,0.7237549181017966,False
worlds_l_trampoline,learned,W1,0.046309059479015834,-0.299462933487311,0.5225864840230403,False
worlds_l_car_launch,oracle,W2,0.05581715037661618,-0.15320577506672248,0.6450448001499371,False
worlds_l_car_launch,learned,W2,0.05408151572663873,0.825873081039214,0.5872555303763541,True
worlds_l_cartpole_thrust,oracle,W2,0.006697569550571253,0.9491783534054592,0.5657326074981154,True
worlds_l_cartpole_thrust,learned,W2,0.0026361697636379804,0.8690288873529891,0.6094435078772222,True
worlds_l_catapult,oracle,W2,0.042620096817310486,-4.146501481168291,0.43644038893240983,False
worlds_l_catapult,learned,W2,0.04057033533779912,-0.6815978027735592,0.3171697363548551,False
worlds_l_catcher_v3,oracle,W2,0.08020925962206246,-2.052536138939133,0.7035378829589206,False
worlds_l_catcher_v3,learned,W2,0.08615375448449701,-0.04166284798452047,0.515224791332433,False
worlds_l_chain_lander,oracle,W2,0.007303542802918632,-2.519450503229956,0.478551189186374,False
worlds_l_chain_lander,learned,W2,0.006958070262248301,0.8921043175073645,0.28875970588239697,True
worlds_l_grasp_easy,oracle,W2,0.2509126748715584,-4.086164708422656,0.43493108022661714,False
worlds_l_grasp_easy,learned,W2,0.25793155354299363,-1.5934804759228685,0.3945246375012863,False
worlds_l_h17_unicycle,oracle,W2,0.1530834078152786,-0.7018913525738921,0.37160671035505355,False
worlds_l_h17_unicycle,learned,W2,0.1540529183405075,-0.9496738800289165,0.3820282519895194,False
worlds_l_hard_lunar_lander,oracle,W2,0.028770103561844687,-1.7062182076332921,0.40638840248062136,False
worlds_l_hard_lunar_lander,learned,W2,0.03358858975944018,-0.08736144395599753,0.236882897404202,False
worlds_l_mjc_half_cheetah,oracle,W2,0.27538108222790264,-4.419235847858926,0.6398603738081199,False
worlds_l_mjc_half_cheetah,learned,W2,0.25844848422708694,-0.7177995500073829,0.5449427725232112,False
worlds_l_mjc_swimmer,oracle,W2,0.1324713425293455,-1.5710260861172576,0.5933710111758707,False
worlds_l_mjc_swimmer,learned,W2,0.12872757668100998,0.10793385957172213,0.5352032838739827,True
worlds_l_mjc_walker,oracle,W2,0.779302360386276,-11.245602433585667,0.572677320773985,False
worlds_l_mjc_walker,learned,W2,0.726584434907804,-2.2917799479916123,0.4370023685435828,False
worlds_l_trampoline,oracle,W2,0.030042510761661513,-6.559766707114248,0.7237549181017966,False
worlds_l_trampoline,learned,W2,0.03058535266473138,0.4519430839880887,0.5225864840230403,True
worlds_l_car_launch,oracle,W3,0.028277972672470744,0.6872634159669372,0.6450448001499371,True
worlds_l_car_launch,learned,W3,0.04073017328100242,1.0423728463819448,0.5872555303763541,True
worlds_l_cartpole_thrust,oracle,W3,0.005899397287651689,1.0467147855266457,0.5657326074981154,True
worlds_l_cartpole_thrust,learned,W3,0.0024820187202161947,0.9141609083300527,0.6094435078772222,True
worlds_l_catapult,oracle,W3,0.019746010885204685,-0.6913710639820477,0.43644038893240983,False
worlds_l_catapult,learned,W3,0.025450474639268996,0.7474478150876903,0.3171697363548551,True
worlds_l_catcher_v3,oracle,W3,0.038353650828937984,-0.23973806159906946,0.7035378829589206,False
worlds_l_catcher_v3,learned,W3,0.05129649461276271,0.7604696013552524,0.515224791332433,True
worlds_l_chain_lander,oracle,W3,0.003271212595813679,0.025256611394190893,0.478551189186374,True
worlds_l_chain_lander,learned,W3,0.005609404094565883,1.3904317714779955,0.28875970588239697,True
worlds_l_grasp_easy,oracle,W3,0.17805536287243118,-2.2320471703996425,0.43493108022661714,False
worlds_l_grasp_easy,learned,W3,0.19975923898619957,-0.6624366615048458,0.3945246375012863,False
worlds_l_h17_unicycle,oracle,W3,0.10457201801112366,0.3733048773104648,0.37160671035505355,True
worlds_l_h17_unicycle,learned,W3,0.10152087780392868,0.2667689479089855,0.3820282519895194,True
worlds_l_hard_lunar_lander,oracle,W3,0.016386120887668162,0.08741609559574479,0.40638840248062136,True
worlds_l_hard_lunar_lander,learned,W3,0.026015604944959532,0.8841263650668988,0.236882897404202,True
worlds_l_mjc_half_cheetah,oracle,W3,0.12633814321671902,-1.181590395170109,0.6398603738081199,False
worlds_l_mjc_half_cheetah,learned,W3,0.14069378798676851,0.44533600386093375,0.5449427725232112,True
worlds_l_mjc_swimmer,oracle,W3,0.05493305071823342,0.3349627149623997,0.5933710111758707,True
worlds_l_mjc_swimmer,learned,W3,0.06987714898659005,0.9127890987446932,0.5352032838739827,True
worlds_l_mjc_walker,oracle,W3,0.4317613853695087,-5.451730415214346,0.572677320773985,False
worlds_l_mjc_walker,learned,W3,0.4584500814550251,-0.6015684512890035,0.4370023685435828,False
worlds_l_trampoline,oracle,W3,0.01438263399692492,-2.420228316939522,0.7237549181017966,False
worlds_l_trampoline,learned,W3,0.022405982291927723,0.8428196240989241,0.5225864840230403,True
worlds_l_car_launch,oracle,M1,0.08689154700181673,-1.1015664441476305,0.6450448001499371,False
worlds_l_car_launch,learned,M1,0.08845403583937954,0.26850272154559823,0.5872555303763541,True
worlds_l_cartpole_thrust,oracle,M1,0.03285123160150732,-2.246791992670882,0.5657326074981154,False
worlds_l_cartpole_thrust,learned,M1,0.02428501712484379,-5.469275489619545,0.6094435078772222,False
worlds_l_catapult,oracle,M1,0.1200094543940557,-15.836163053813213,0.43644038893240983,False
worlds_l_catapult,learned,M1,0.12342115693710667,-8.512199281410503,0.3171697363548551,False
worlds_l_catcher_v3,oracle,M1,0.4160727420649073,-16.59903761811824,0.7035378829589206,False
worlds_l_catcher_v3,learned,M1,0.4255599861506272,-7.85205164301145,0.515224791332433,False
worlds_l_chain_lander,oracle,M1,0.030675751308225235,-17.26909207850006,0.478551189186374,False
worlds_l_chain_lander,learned,M1,0.026128253359633667,-6.191211601573661,0.28875970588239697,False
worlds_l_grasp_easy,oracle,M1,0.6451632299849243,-14.11929451452581,0.43493108022661714,False
worlds_l_grasp_easy,learned,M1,0.623154856687898,-7.438853826890349,0.3945246375012863,False
worlds_l_h17_unicycle,oracle,M1,0.2955513475346862,-3.859520772883329,0.37160671035505355,False
worlds_l_h17_unicycle,learned,M1,0.3004295815358677,-4.339202257429235,0.3820282519895194,False
worlds_l_hard_lunar_lander,oracle,M1,0.48255656801585445,-67.43038711195211,0.40638840248062136,False
worlds_l_hard_lunar_lander,learned,M1,0.48830158030573007,-58.41946400876997,0.236882897404202,False
worlds_l_mjc_half_cheetah,oracle,M1,0.565267441552309,-10.716409395897692,0.6398603738081199,False
worlds_l_mjc_half_cheetah,learned,M1,0.5630100900252797,-3.7261418357718914,0.5449427725232112,False
worlds_l_mjc_swimmer,oracle,M1,0.31726227384049493,-6.113419752438078,0.5933710111758707,False
worlds_l_mjc_swimmer,learned,M1,0.337210425093836,-2.743337055468333,0.5352032838739827,False
worlds_l_mjc_walker,oracle,M1,0.7673021363860245,-11.045546132178643,0.572677320773985,False
worlds_l_mjc_walker,learned,M1,0.8082659506568638,-2.806667485561354,0.4370023685435828,False
worlds_l_trampoline,oracle,M1,0.20763913241101423,-53.5057321401441,0.7237549181017966,False
worlds_l_trampoline,learned,M1,0.2154782400671549,-8.383736048388617,0.5225864840230403,False
worlds_l_car_launch,oracle,M2,0.026434738602715648,0.7435171452589178,0.6450448001499371,True
worlds_l_car_launch,learned,M2,0.03948661314915223,1.0625378955394649,0.5872555303763541,True
worlds_l_cartpole_thrust,oracle,M2,0.01660664477129032,-0.2617079271001247,0.5657326074981154,False
worlds_l_cartpole_thrust,learned,M2,0.011009130919243488,-1.5823892161297939,0.6094435078772222,False
worlds_l_catapult,oracle,M2,0.029845659084224416,-2.2169228083835266,0.43644038893240983,False
worlds_l_catapult,learned,M2,0.04083120597843505,-0.7062538530681011,0.3171697363548551,False
worlds_l_catcher_v3,oracle,M2,0.0795249913187927,-2.0228999611288145,0.7035378829589206,False
worlds_l_catcher_v3,learned,M2,0.09843772106104108,-0.32434049487670435,0.515224791332433,False
worlds_l_chain_lander,oracle,M2,0.011235386110701651,-5.000742739980142,0.478551189186374,False
worlds_l_chain_lander,learned,M2,0.012492216094967897,-1.1527433021674391,0.28875970588239697,False
worlds_l_grasp_easy,oracle,M2,0.1649044296868801,-1.8973741610386716,0.43493108022661714,False
worlds_l_grasp_easy,learned,M2,0.18098721967887474,-0.3619918091145046,0.3945246375012863,False
worlds_l_h17_unicycle,oracle,M2,0.08896963936941964,0.7191127125531396,0.37160671035505355,True
worlds_l_h17_unicycle,learned,M2,0.08932264010518706,0.5492338704696034,0.3820282519895194,True
worlds_l_hard_lunar_lander,oracle,M2,0.09847541959238812,-11.80198862650762,0.40638840248062136,False
worlds_l_hard_lunar_lander,learned,M2,0.10789681571572743,-9.61986908725866,0.236882897404202,False
worlds_l_mjc_half_cheetah,oracle,M2,0.1312980695969615,-1.2893343996644,0.6398603738081199,False
worlds_l_mjc_half_cheetah,learned,M2,0.15861830062997526,0.26828456891410823,0.5449427725232112,True
worlds_l_mjc_swimmer,oracle,M2,0.07227528292305131,-0.09133117926766199,0.5933710111758707,False
worlds_l_mjc_swimmer,learned,M2,0.09835945765557708,0.523256919386385,0.5352032838739827,True
worlds_l_mjc_walker,oracle,M2,0.19807922240474093,-1.5560040332280667,0.572677320773985,False
worlds_l_mjc_walker,learned,M2,0.2998171342848934,0.39839006805079163,0.4370023685435828,True
worlds_l_trampoline,oracle,M2,0.03885407045991619,-8.889018092436705,0.7237549181017966,False
worlds_l_trampoline,learned,M2,0.05450570886965592,-0.6911652049687261,0.5225864840230403,False
worlds_l_car_launch,oracle,M3,0.01933421865415015,0.960218178281806,0.6450448001499371,True
worlds_l_car_launch,learned,M3,0.03968153778501193,1.0593770794571138,0.5872555303763541,True
worlds_l_cartpole_thrust,oracle,M3,0.008689371425453226,0.7057807093208822,0.5657326074981154,True
worlds_l_cartpole_thrust,learned,M3,0.005021660860395527,0.17060977951161851,0.6094435078772222,True
worlds_l_catapult,oracle,M3,0.01123715826345483,0.5938910267534976,0.43644038893240983,True
worlds_l_catapult,learned,M3,0.024539160622869483,0.8335801761985213,0.3171697363548551,True
worlds_l_catcher_v3,oracle,M3,0.021039696836697104,0.5101423824632899,0.7035378829589206,True
worlds_l_catcher_v3,learned,M3,0.048214878349095054,0.8313835059649906,0.515224791332433,True
worlds_l_chain_lander,oracle,M3,0.0044143901321123235,-0.6961753796594988,0.478551189186374,False
worlds_l_chain_lander,learned,M3,0.00817152290130225,0.4437377916584781,0.28875970588239697,True
worlds_l_grasp_easy,oracle,M3,0.06741077544471058,0.5837041167122797,0.43493108022661714,True
worlds_l_grasp_easy,learned,M3,0.10424821274548832,0.8662106145686129,0.3945246375012863,True
worlds_l_h17_unicycle,oracle,M3,0.0661407000367007,1.2250885174494945,0.37160671035505355,True
worlds_l_h17_unicycle,learned,M3,0.06308966924031958,1.156689985597131,0.3820282519895194,True
worlds_l_hard_lunar_lander,oracle,M3,0.0248248890689372,-1.1348130115624926,0.40638840248062136,False
worlds_l_hard_lunar_lander,learned,M3,0.03608689727131906,-0.4078526835976948,0.236882897404202,False
worlds_l_mjc_half_cheetah,oracle,M3,0.04393815542092697,0.6083766274785911,0.6398603738081199,True
worlds_l_mjc_half_cheetah,learned,M3,0.09040703830948796,0.9420491567593268,0.5449427725232112,True
worlds_l_mjc_swimmer,oracle,M3,0.03289753895455493,0.8766233276303109,0.5933710111758707,True
worlds_l_mjc_swimmer,learned,M3,0.06334692759581738,1.002098269556737,0.5352032838739827,True
worlds_l_mjc_walker,oracle,M3,0.0796919527827774,0.41763573330876547,0.572677320773985,True
worlds_l_mjc_walker,learned,M3,0.20957944864415745,0.9672122713298217,0.4370023685435828,True
worlds_l_trampoline,oracle,M3,0.0069939392015681955,-0.46709763665617565,0.7237549181017966,False
worlds_l_trampoline,learned,M3,0.02359686579781828,0.7859095682827322,0.5225864840230403,True
