predictor,row,R,levels_in_median,beats_pred,left_out,pass,strict,depth,fe
oracle,reflex,1.0,12,12,,True,True,10,330
oracle,chunk_j,-4.352536146702057,12,0,,False,False,10,330
oracle,shared,0.047495463152918076,12,6,,False,False,10,90
oracle,T1,0.25147712923859183,12,12,,False,False,6,90
oracle,T2,0.6575856469762735,12,12,,False,False,7,150
oracle,T3,0.9008769357693405,12,12,,True,True,8,210
oracle,W1,-4.295409503000201,12,1,,False,False,2,70
oracle,W2,-2.2859933210845442,12,1,,False,False,4,135
oracle,W3,-0.10724072510243929,12,6,,False,False,6,200
oracle,M1,-12.582420323352228,12,0,,False,False,2,70
oracle,M2,-1.7266890971333693,12,2,,False,False,4,135
oracle,M3,0.5887975717328886,12,9,,False,False,6,200
learned,reflex,1.0,12,12,,True,True,10,330
learned,chunk_j,-1.0569570142488427,12,1,,False,False,10,330
learned,shared,-0.1094640773435869,12,5,,False,False,10,90
learned,T1,0.29012581430285667,12,12,,False,False,6,90
learned,T2,0.7122843700653201,12,12,,False,False,7,150
learned,T3,0.9432198305461876,12,12,,True,True,8,210
learned,W1,-0.961689769038352,12,2,,False,False,2,70
learned,W2,-0.064512145970259,12,5,,False,False,4,135
learned,W3,0.8016446127270882,12,10,,True,False,6,200
learned,M1,-5.830243545596603,12,1,,False,False,2,70
learned,M2,-0.3431661519956045,12,5,,False,False,4,135
learned,M3,0.8498953953835671,12,11,,True,False,6,200
