level,predictor,n,pred,reflex,chunk_j,shared,T1,T2,T3,W1,W2,W3,M1,M2,M3,nom_chunk_j,nom_T1,nom_T2,nom_T3,nom_W1,nom_W2,nom_W3,nom_M1,nom_M2,nom_M3
worlds_l_car_launch,oracle,13245,672.8081665039062,238.81675720214844,1707.8316650390625,579.75146484375,515.3914794921875,366.7983703613281,281.44805908203125,1523.05322265625,739.2981567382812,374.541748046875,1150.8785400390625,350.12811279296875,256.08172607421875,2114.7783203125,672.8081665039062,672.8081665039062,672.8081665039062,1663.9122314453125,1043.022705078125,760.2828369140625,1498.608154296875,776.1451416015625,685.73388671875
worlds_l_car_launch,learned,11991,1259.203125,519.7291259765625,1112.63330078125,1079.834228515625,950.9243774414062,678.1472778320312,567.895751953125,1169.76220703125,648.491455078125,488.3955078125,1060.65234375,473.4839782714844,475.8213195800781,1605.9346923828125,1259.2030029296875,1259.2030029296875,1259.2030029296875,1380.336181640625,1139.4345703125,1133.517822265625,1835.76611328125,1281.539306640625,1263.339111328125
worlds_l_cartpole_thrust,oracle,12742,184.31307983398438,80.0411605834961,238.83322143554688,135.63482666015625,72.23622131347656,68.90315246582031,73.13362121582031,117.51048278808594,85.3404312133789,75.17012023925781,418.59039306640625,211.60186767578125,110.719970703125,273.88482666015625,184.31307983398438,184.31307983398438,184.31307983398438,210.7896728515625,195.59320068359375,188.244140625,495.06549072265625,289.3117370605469,201.07650756835938
worlds_l_cartpole_thrust,learned,497,2.7853810787200928,1.0878486633300781,3.9123215675354004,1.68257474899292,0.8856363892555237,0.8695819973945618,0.9164666533470154,1.9437448978424072,1.3101763725280762,1.2335633039474487,12.069653511047363,5.471538066864014,2.495765447616577,6.735496520996094,2.785381317138672,2.785381317138672,2.785381317138672,4.430922508239746,3.677551746368408,3.2431769371032715,13.965314865112305,6.726627349853516,3.824329376220703
worlds_l_catapult,oracle,13759,208.7090301513672,117.61997985839844,1083.320556640625,215.7298583984375,189.71681213378906,152.50222778320312,126.73028564453125,982.6043090820312,586.409912109375,271.68536376953125,1651.2100830078125,410.64642333984375,154.612060546875,1149.689208984375,208.7090301513672,208.7090301513672,208.7090301513672,997.1028442382812,625.7730712890625,345.2044677734375,1709.2276611328125,495.436279296875,247.1046905517578
worlds_l_catapult,learned,12871,429.36065673828125,293.1804504394531,897.1461181640625,461.44744873046875,398.7345886230469,337.2739562988281,299.77484130859375,856.1398315429688,522.1807861328125,327.57305908203125,1588.5537109375,525.5384521484375,315.8435363769531,988.6097412109375,429.360595703125,429.360595703125,429.3606262207031,879.8323364257812,639.2489013671875,442.10772705078125,1713.9757080078125,663.20654296875,453.93524169921875
worlds_l_catcher_v3,oracle,13319,437.10760498046875,129.58584594726562,1570.642333984375,354.3355712890625,320.9464111328125,222.421142578125,153.75730895996094,1520.461181640625,1068.30712890625,510.832275390625,5541.6728515625,1059.193359375,280.22772216796875,1864.1463623046875,437.10760498046875,437.10760498046875,437.10760498046875,1621.901123046875,1263.473388671875,760.5556030273438,5762.70263671875,1344.322021484375,585.615966796875
worlds_l_catcher_v3,learned,12038,1015.32421875,492.2040100097656,1387.3109130859375,894.8971557617188,789.792724609375,579.4765625,492.4935302734375,1371.2423095703125,1037.118896484375,617.5072021484375,5122.89111328125,1184.9932861328125,580.4107055664062,1683.2022705078125,1015.32421875,1015.32421875,1015.32421875,1516.085693359375,1344.7640380859375,1063.40283203125,5709.30908203125,1770.75439453125,1133.251220703125
worlds_l_chain_lander,oracle,13250,43.87385177612305,22.877967834472656,216.463623046875,65.18683624267578,25.995468139648438,21.015827178955078,20.073802947998047,172.13848876953125,96.77194213867188,43.34356689453125,406.4537048339844,148.86886596679688,58.49066925048828,231.68731689453125,43.87384796142578,43.87384796142578,43.87385177612305,192.16552734375,122.62238311767578,69.10050201416016,423.8705139160156,172.81163024902344,82.58277893066406
worlds_l_chain_lander,learned,10873,101.90663146972656,72.4801025390625,120.07051086425781,117.16110229492188,76.03634643554688,65.89969635009766,62.821659088134766,108.30612182617188,75.65509796142578,60.991050720214844,284.0924987792969,135.82786560058594,88.84896850585938,122.41080474853516,101.90663146972656,101.90663146972656,101.90663146972656,126.87789154052734,99.58811950683594,92.83270263671875,317.8507080078125,169.31471252441406,116.30374908447266
worlds_l_grasp_easy,oracle,12603,1138.647705078125,643.4144287109375,3372.781982421875,1284.6307373046875,1060.0323486328125,900.8228759765625,741.7774658203125,3555.0810546875,3162.25244140625,2244.03173828125,8130.9921875,2078.29052734375,849.5780029296875,3802.6025390625,1138.6478271484375,1138.6478271484375,1138.6478271484375,3597.97705078125,3300.965576171875,2424.16455078125,8502.7578125,2610.433837890625,1403.86962890625
worlds_l_grasp_easy,learned,11775,1864.80322265625,1129.0924072265625,3016.775390625,1948.1397705078125,1719.369873046875,1447.7230224609375,1259.594970703125,3258.989990234375,3037.14404296875,2352.1650390625,7337.6484375,2131.12451171875,1227.522705078125,3427.733642578125,1864.80322265625,1864.80322265625,1864.80322265625,3333.76904296875,3273.477294921875,2805.3896484375,7940.01416015625,2909.228515625,2010.1368408203125
worlds_l_h17_unicycle,oracle,13496,1638.6171875,1029.696044921875,2801.037109375,1516.24853515625,1498.8779296875,1288.2884521484375,1118.7734375,2827.34033203125,2066.013671875,1411.303955078125,3988.760986328125,1200.7342529296875,892.6348876953125,3261.833984375,1638.6171875,1638.6170654296875,1638.6171875,2912.87353515625,2375.71240234375,1962.8199462890625,4232.48486328125,1716.2431640625,1511.100341796875
worlds_l_h17_unicycle,learned,13271,1500.1708984375,927.063232421875,2746.12451171875,1482.509033203125,1374.6484375,1183.6162109375,1023.1642456054688,2823.19580078125,2044.436279296875,1347.2835693359375,3987.0009765625,1185.4007568359375,837.2630004882812,3258.481689453125,1500.1708984375,1500.1708984375,1500.1708984375,2911.29296875,2350.5556640625,1848.9779052734375,4180.48046875,1637.0301513671875,1391.2412109375
worlds_l_hard_lunar_lander,oracle,12804,217.53582763671875,129.1317901611328,588.2843017578125,200.62745666503906,165.93228149414062,149.07298278808594,137.62416076660156,545.6416625976562,368.3724060058594,209.80789184570312,6178.654296875,1260.8792724609375,317.8578796386719,655.1299438476562,217.53582763671875,217.53582763671875,217.53582763671875,605.0431518554688,435.2404479980469,278.03045654296875,6266.42626953125,1370.491455078125,425.9800109863281
worlds_l_hard_lunar_lander,learned,12417,408.6134948730469,311.8199462890625,617.43310546875,466.4952392578125,322.98004150390625,314.11138916015625,309.3774108886719,508.07489013671875,417.06951904296875,323.0357666015625,6063.24072265625,1339.7547607421875,448.09100341796875,591.1473388671875,408.613525390625,408.613525390625,408.6134948730469,576.45703125,482.70318603515625,400.89825439453125,6173.4384765625,1458.5322265625,570.9521484375
worlds_l_mjc_half_cheetah,oracle,12971,933.1906127929688,336.07891845703125,5294.8408203125,1132.056396484375,850.30615234375,615.7540893554688,424.14154052734375,5181.8466796875,3571.968017578125,1638.7320556640625,7332.083984375,1703.0672607421875,569.9218139648438,5808.8857421875,933.1905517578125,933.1906127929688,933.1905517578125,5215.30126953125,3726.623291015625,1997.7802734375,7634.67919921875,2202.19482421875,1153.762451171875
worlds_l_mjc_half_cheetah,learned,11620,2158.75390625,982.3565673828125,3809.02978515625,2390.59228515625,1961.5311279296875,1478.239013671875,1124.828369140625,4208.2314453125,3003.17138671875,1634.86181640625,6542.17724609375,1843.1446533203125,1050.52978515625,4700.09521484375,2158.75390625,2158.75390625,2158.75390625,4316.87646484375,3460.67822265625,2439.234375,7523.072265625,3016.00048828125,2252.6787109375
worlds_l_mjc_swimmer,oracle,10042,688.4775390625,279.9549255371094,2357.4091796875,716.6351318359375,576.7598266601562,402.3199462890625,301.9172668457031,2182.28857421875,1330.2772216796875,551.6376953125,3185.94775390625,725.7883911132812,330.3570861816406,2697.228759765625,688.4775390625,688.4775390625,688.4775390625,2238.707275390625,1501.721923828125,874.766845703125,3517.30224609375,1127.0782470703125,744.9381103515625
worlds_l_mjc_swimmer,learned,8359,1142.00341796875,530.7994384765625,1545.6541748046875,1206.5799560546875,969.5827026367188,700.79833984375,555.4847412109375,1689.530517578125,1076.0338134765625,584.1030883789062,2818.741943359375,822.1867065429688,529.5169677734375,2057.255859375,1142.00341796875,1142.00341796875,1142.00341796875,1796.551025390625,1393.971923828125,1100.5274658203125,3297.365478515625,1437.143798828125,1155.818603515625
worlds_l_mjc_walker,oracle,11928,1249.380615234375,533.888671875,10292.9296875,1311.4512939453125,1200.7373046875,1007.9530029296875,732.60009765625,10882.20703125,9295.5185546875,5150.0498046875,9152.3798828125,2362.68896484375,950.5656127929688,11300.3740234375,1249.380615234375,1249.380615234375,1249.380615234375,10898.90234375,9391.310546875,5413.7099609375,9466.87109375,2860.77587890625,1586.044921875
worlds_l_mjc_walker,learned,9572,3474.803955078125,1956.306396484375,6576.2197265625,3722.43408203125,3357.8876953125,2927.46337890625,2365.44775390625,8120.1953125,6954.8662109375,4388.2841796875,7736.7216796875,2869.849609375,2006.094482421875,8434.353515625,3474.803955078125,3474.803955078125,3474.803955078125,8200.283203125,7429.3779296875,5379.15869140625,8781.0087890625,4207.2802734375,3490.22021484375
worlds_l_trampoline,oracle,13991,73.12967681884766,20.20171356201172,773.5140991210938,64.45391845703125,63.919921875,44.40245819091797,28.304210662841797,675.4915161132812,420.32476806640625,201.22743225097656,2905.0791015625,543.6072998046875,97.85220336914062,815.1008911132812,73.12968444824219,73.12968444824219,73.12968444824219,678.9133911132812,432.86993408203125,214.6317901611328,2928.730224609375,592.1913452148438,147.85304260253906
worlds_l_trampoline,learned,13467,539.2534790039062,257.4468994140625,706.8941040039062,507.7870788574219,455.232421875,341.2261657714844,281.4977722167969,623.6441040039062,411.8929443359375,301.7413635253906,2901.845458984375,734.0283813476562,317.77899169921875,748.8772583007812,539.25341796875,539.2534790039062,539.2534790039062,642.1522216796875,475.0963134765625,462.45367431640625,3116.9248046875,983.4998779296875,568.90283203125
