level,transitions,items,steps,loss_first,loss_last,mse,mse_base,check,seconds
worlds/l/grasp_easy.json,1015808,926209,28944,0.03462032973766327,0.011105059646070004,0.011433945968747139,0.021450484171509743,held-out,203
worlds/l/catapult.json,1015808,981448,30656,0.034297969192266464,0.021921679377555847,0.021993953734636307,0.03222262114286423,held-out,203
worlds/l/cartpole_thrust.json,1015808,940302,29376,0.01772487349808216,0.00805504247546196,0.008027825504541397,0.01157272607088089,held-out,203
worlds/l/hard_lunar_lander.json,1015808,933667,29168,0.012316076084971428,0.003293670481070876,0.0035744754131883383,0.006628446280956268,held-out,202
worlds/l/mjc_half_cheetah.json,1015808,972747,30384,0.07322748750448227,0.030376741662621498,0.030024757608771324,0.05113716796040535,held-out,203
worlds/l/mjc_swimmer.json,1015808,994234,31056,0.05032593011856079,0.022739585489034653,0.02293860726058483,0.05258014798164368,held-out,206
worlds/l/mjc_walker.json,1015808,994775,31072,0.08104652166366577,0.03553323820233345,0.03768586367368698,0.07674698531627655,held-out,206
worlds/l/h17_unicycle.json,1015808,966033,30176,0.0810776874423027,0.05788586288690567,0.058005109429359436,0.07280412316322327,held-out,201
worlds/l/chain_lander.json,1015808,908692,28384,0.02677689865231514,0.017356377094984055,0.017085110768675804,0.023644670844078064,held-out,201
worlds/l/catcher_v3.json,1015808,956181,29872,0.0637987032532692,0.024325529113411903,0.023841509595513344,0.04481404274702072,held-out,203
worlds/l/trampoline.json,1015808,989747,30928,0.013395696878433228,0.0033490131609141827,0.003142487956210971,0.005544746294617653,held-out,204
worlds/l/car_launch.json,1015808,979054,30592,0.04970497637987137,0.011933734640479088,0.010962037369608879,0.03851712495088577,held-out,205
