2026/10/03 21:47:01.275, 4 MiB, 0 %
2026/10/03 21:48:01.364, 4 MiB, 0 %
2026/10/03 21:49:01.406, 22779 MiB, 99 %
2026/10/03 21:50:01.447, 22862 MiB, 76 %
2026/10/03 21:51:01.550, 19211 MiB, 3 %
2026/10/03 21:52:01.592, 22859 MiB, 94 %
2026/10/03 21:53:01.634, 22859 MiB, 82 %
2026/10/03 21:54:01.674, 22859 MiB, 95 %
2026/10/03 21:55:01.716, 18400 MiB, 0 %
2026/10/03 21:56:01.751, 22861 MiB, 45 %
2026/10/03 21:57:01.788, 22859 MiB, 100 %
2026/10/03 21:58:01.821, 22860 MiB, 20 %
2026/10/03 21:59:01.861, 22859 MiB, 9 %
2026/10/03 22:00:01.896, 20910 MiB, 10 %
2026/10/03 22:01:01.942, 22859 MiB, 78 %
2026/10/03 22:02:01.978, 18497 MiB, 33 %
2026/10/03 22:03:02.021, 22504 MiB, 86 %
2026/10/03 22:04:02.064, 22504 MiB, 100 %
2026/10/03 22:05:02.106, 22504 MiB, 19 %
2026/10/03 22:06:02.148, 22505 MiB, 100 %
2026/10/03 22:07:02.192, 22490 MiB, 37 %
2026/10/03 22:08:02.238, 18496 MiB, 65 %
2026/10/03 22:09:02.282, 22488 MiB, 86 %
2026/10/03 22:10:02.325, 22502 MiB, 100 %
2026/10/03 22:11:02.367, 18400 MiB, 0 %
2026/10/03 22:12:02.411, 22503 MiB, 100 %
2026/10/03 22:13:02.456, 22507 MiB, 83 %
2026/10/03 22:14:02.500, 18400 MiB, 0 %
2026/10/03 22:15:02.539, 22490 MiB, 77 %
2026/10/03 22:16:02.582, 22490 MiB, 8 %
2026/10/03 22:17:02.627, 22444 MiB, 100 %
2026/10/03 22:18:02.670, 22447 MiB, 13 %
2026/10/03 22:19:02.712, 22446 MiB, 7 %
2026/10/03 22:20:02.755, 22450 MiB, 100 %
2026/10/03 22:21:02.797, 22447 MiB, 75 %
2026/10/03 22:22:02.840, 22445 MiB, 100 %
2026/10/03 22:23:02.885, 22449 MiB, 100 %
2026/10/03 22:24:02.928, 22450 MiB, 46 %
2026/10/03 22:25:02.971, 4 MiB, 0 %
2026/10/03 22:26:03.014, 4 MiB, 0 %
2026/10/03 22:27:03.058, 1416 MiB, 0 %
2026/10/03 22:28:03.101, 22768 MiB, 4 %
2026/10/03 22:29:03.144, 22766 MiB, 100 %
2026/10/03 22:30:03.190, 21427 MiB, 98 %
2026/10/03 22:31:03.241, 22859 MiB, 4 %
2026/10/03 22:32:03.283, 22860 MiB, 6 %
2026/10/03 22:33:03.325, 22859 MiB, 9 %
2026/10/03 22:34:03.369, 22861 MiB, 99 %
2026/10/03 22:35:03.410, 22864 MiB, 43 %
2026/10/03 22:36:03.453, 21978 MiB, 100 %
2026/10/03 22:37:03.496, 22860 MiB, 7 %
2026/10/03 22:38:03.538, 22859 MiB, 6 %
2026/10/03 22:39:03.580, 22859 MiB, 89 %
2026/10/03 22:40:03.622, 19952 MiB, 13 %
2026/10/03 22:41:03.657, 22859 MiB, 9 %
2026/10/03 22:42:03.697, 22861 MiB, 6 %
2026/10/03 22:43:03.739, 22859 MiB, 4 %
2026/10/03 22:44:03.782, 18400 MiB, 0 %
2026/10/03 22:45:03.825, 22744 MiB, 100 %
2026/10/03 22:46:03.866, 22862 MiB, 73 %
2026/10/03 22:47:03.909, 18497 MiB, 6 %
2026/10/03 22:48:03.950, 20300 MiB, 41 %
2026/10/03 22:49:03.996, 22861 MiB, 7 %
2026/10/03 22:50:04.038, 22859 MiB, 100 %
2026/10/03 22:51:04.082, 22859 MiB, 7 %
2026/10/03 22:52:04.125, 22859 MiB, 100 %
2026/10/03 22:53:04.168, 22859 MiB, 100 %
2026/10/03 22:54:04.212, 22859 MiB, 100 %
2026/10/03 22:55:04.254, 22859 MiB, 100 %
2026/10/03 22:56:04.296, 22859 MiB, 81 %
2026/10/03 22:57:04.351, 22861 MiB, 3 %
2026/10/03 22:58:04.396, 22859 MiB, 8 %
2026/10/03 22:59:04.439, 18400 MiB, 0 %
2026/10/03 23:00:04.481, 21665 MiB, 59 %
2026/10/03 23:01:04.532, 22859 MiB, 54 %
2026/10/03 23:02:04.576, 22861 MiB, 5 %
2026/10/03 23:03:04.619, 22861 MiB, 6 %
2026/10/03 23:04:04.665, 22724 MiB, 100 %
2026/10/03 23:05:04.717, 21206 MiB, 100 %
2026/10/03 23:06:04.781, 22859 MiB, 6 %
2026/10/03 23:07:04.830, 22859 MiB, 54 %
2026/10/03 23:08:04.883, 22859 MiB, 6 %
2026/10/03 23:09:04.928, 22859 MiB, 7 %
2026/10/03 23:10:04.969, 22859 MiB, 10 %
2026/10/03 23:11:05.013, 22859 MiB, 64 %
2026/10/03 23:12:05.056, 22859 MiB, 23 %
2026/10/03 23:13:05.100, 22504 MiB, 73 %
2026/10/03 23:14:05.176, 20356 MiB, 7 %
2026/10/03 23:15:05.231, 22895 MiB, 15 %
2026/10/03 23:16:05.276, 22504 MiB, 34 %
2026/10/03 23:17:05.318, 22504 MiB, 98 %
2026/10/03 23:18:05.363, 22505 MiB, 16 %
2026/10/03 23:19:05.407, 22505 MiB, 99 %
2026/10/03 23:20:05.449, 22505 MiB, 100 %
2026/10/03 23:21:05.488, 22505 MiB, 100 %
2026/10/03 23:22:05.528, 22268 MiB, 100 %
2026/10/03 23:23:05.576, 18496 MiB, 10 %
2026/10/03 23:24:05.618, 22490 MiB, 14 %
2026/10/03 23:25:05.665, 21654 MiB, 2 %
2026/10/03 23:26:05.718, 22490 MiB, 47 %
2026/10/03 23:27:05.845, 18400 MiB, 1 %
2026/10/03 23:28:05.886, 22488 MiB, 12 %
2026/10/03 23:29:05.928, 22488 MiB, 9 %
2026/10/03 23:30:05.970, 22488 MiB, 57 %
2026/10/03 23:31:06.013, 18400 MiB, 0 %
2026/10/03 23:32:06.047, 22502 MiB, 12 %
2026/10/03 23:33:06.087, 22502 MiB, 31 %
2026/10/03 23:34:06.130, 22502 MiB, 49 %
2026/10/03 23:35:06.172, 18400 MiB, 0 %
2026/10/03 23:36:06.213, 20384 MiB, 1 %
2026/10/03 23:37:06.304, 18528 MiB, 10 %
2026/10/03 23:38:06.364, 22503 MiB, 51 %
2026/10/03 23:39:06.405, 22507 MiB, 12 %
2026/10/03 23:40:06.447, 22507 MiB, 7 %
2026/10/03 23:41:06.492, 18496 MiB, 11 %
2026/10/03 23:42:06.536, 22507 MiB, 47 %
2026/10/03 23:43:06.579, 22490 MiB, 92 %
2026/10/03 23:44:06.620, 22490 MiB, 83 %
2026/10/03 23:45:06.664, 18496 MiB, 8 %
2026/10/03 23:46:06.707, 22490 MiB, 26 %
2026/10/03 23:47:06.748, 22490 MiB, 82 %
2026/10/03 23:48:06.790, 22490 MiB, 25 %
2026/10/03 23:49:06.832, 22490 MiB, 53 %
2026/10/03 23:50:06.878, 20126 MiB, 0 %
2026/10/03 23:51:06.930, 22446 MiB, 8 %
2026/10/03 23:52:06.971, 22446 MiB, 8 %
2026/10/03 23:53:07.013, 22445 MiB, 95 %
2026/10/03 23:54:07.053, 22446 MiB, 8 %
2026/10/03 23:55:07.098, 22446 MiB, 100 %
2026/10/03 23:56:07.139, 22446 MiB, 38 %
2026/10/03 23:57:07.180, 22446 MiB, 37 %
2026/10/03 23:58:07.273, 18511 MiB, 9 %
2026/10/03 23:59:07.324, 22446 MiB, 8 %
2026/10/04 00:00:07.368, 18496 MiB, 68 %
2026/10/04 00:01:07.411, 22446 MiB, 7 %
2026/10/04 00:02:07.447, 22446 MiB, 9 %
2026/10/04 00:03:07.489, 22231 MiB, 99 %
2026/10/04 00:04:07.537, 22446 MiB, 96 %
2026/10/04 00:05:07.581, 22340 MiB, 100 %
2026/10/04 00:06:07.626, 22446 MiB, 100 %
2026/10/04 00:07:07.670, 22447 MiB, 64 %
2026/10/04 00:08:07.714, 22446 MiB, 95 %
2026/10/04 00:09:07.756, 22446 MiB, 8 %
2026/10/04 00:10:07.798, 22446 MiB, 100 %
2026/10/04 00:11:07.839, 22446 MiB, 100 %
2026/10/04 00:12:07.874, 22446 MiB, 37 %
2026/10/04 00:13:07.916, 22446 MiB, 37 %
2026/10/04 00:14:07.988, 4 MiB, 0 %
2026/10/04 00:15:08.033, 4 MiB, 0 %
2026/10/04 00:16:08.074, 22765 MiB, 100 %
2026/10/04 00:17:08.117, 22859 MiB, 5 %
2026/10/04 00:18:08.160, 22859 MiB, 96 %
2026/10/04 00:19:08.200, 22859 MiB, 4 %
2026/10/04 00:20:08.240, 22859 MiB, 100 %
2026/10/04 00:21:08.285, 22859 MiB, 5 %
2026/10/04 00:22:08.328, 22859 MiB, 100 %
2026/10/04 00:23:08.373, 22859 MiB, 100 %
2026/10/04 00:24:08.421, 22859 MiB, 5 %
2026/10/04 00:25:08.472, 22858 MiB, 100 %
2026/10/04 00:26:08.519, 22171 MiB, 100 %
2026/10/04 00:27:08.572, 22861 MiB, 4 %
2026/10/04 00:28:08.615, 22859 MiB, 4 %
2026/10/04 00:29:08.662, 22859 MiB, 55 %
2026/10/04 00:30:08.714, 22859 MiB, 100 %
2026/10/04 00:31:08.755, 22859 MiB, 64 %
2026/10/04 00:32:08.801, 22859 MiB, 82 %
2026/10/04 00:33:08.836, 22859 MiB, 8 %
2026/10/04 00:34:08.876, 22859 MiB, 100 %
2026/10/04 00:35:08.919, 22859 MiB, 12 %
2026/10/04 00:36:08.962, 20997 MiB, 0 %
2026/10/04 00:37:09.015, 22861 MiB, 4 %
2026/10/04 00:38:09.059, 21665 MiB, 100 %
2026/10/04 00:39:09.103, 22859 MiB, 99 %
2026/10/04 00:40:09.146, 22861 MiB, 6 %
2026/10/04 00:41:09.192, 22859 MiB, 100 %
2026/10/04 00:42:09.235, 22859 MiB, 77 %
2026/10/04 00:43:09.279, 22859 MiB, 100 %
2026/10/04 00:44:09.328, 22859 MiB, 7 %
2026/10/04 00:45:09.374, 22859 MiB, 100 %
2026/10/04 00:46:09.418, 22859 MiB, 100 %
2026/10/04 00:47:09.462, 22859 MiB, 84 %
2026/10/04 00:48:09.505, 22859 MiB, 77 %
2026/10/04 00:49:09.550, 18400 MiB, 0 %
2026/10/04 00:50:09.594, 22859 MiB, 6 %
2026/10/04 00:51:09.641, 22860 MiB, 35 %
2026/10/04 00:52:09.685, 22859 MiB, 56 %
2026/10/04 00:53:09.727, 22859 MiB, 32 %
2026/10/04 00:54:09.772, 22859 MiB, 10 %
2026/10/04 00:55:09.815, 22315 MiB, 100 %
2026/10/04 00:56:09.864, 22859 MiB, 100 %
2026/10/04 00:57:09.906, 22862 MiB, 100 %
2026/10/04 00:58:09.947, 22859 MiB, 8 %
2026/10/04 00:59:09.990, 22171 MiB, 100 %
2026/10/04 01:00:10.033, 22859 MiB, 100 %
2026/10/04 01:01:10.078, 22729 MiB, 99 %
2026/10/04 01:02:10.124, 22859 MiB, 4 %
2026/10/04 01:03:10.167, 22859 MiB, 95 %
2026/10/04 01:04:10.211, 22859 MiB, 11 %
2026/10/04 01:05:10.252, 22859 MiB, 6 %
2026/10/04 01:06:10.291, 22859 MiB, 100 %
2026/10/04 01:07:10.333, 22859 MiB, 89 %
2026/10/04 01:08:10.376, 22859 MiB, 100 %
2026/10/04 01:09:10.420, 19851 MiB, 0 %
2026/10/04 01:10:10.467, 22862 MiB, 4 %
2026/10/04 01:11:10.511, 22859 MiB, 100 %
2026/10/04 01:12:10.557, 22859 MiB, 53 %
2026/10/04 01:13:10.598, 22859 MiB, 6 %
2026/10/04 01:14:10.641, 22863 MiB, 100 %
2026/10/04 01:15:10.677, 22859 MiB, 6 %
2026/10/04 01:16:10.722, 22859 MiB, 51 %
2026/10/04 01:17:10.765, 22859 MiB, 100 %
2026/10/04 01:18:10.807, 22859 MiB, 3 %
2026/10/04 01:19:10.844, 22859 MiB, 3 %
2026/10/04 01:20:10.885, 22859 MiB, 79 %
2026/10/04 01:21:10.928, 22859 MiB, 6 %
2026/10/04 01:22:10.970, 22859 MiB, 100 %
2026/10/04 01:23:11.014, 18497 MiB, 5 %
2026/10/04 01:24:11.058, 22861 MiB, 4 %
2026/10/04 01:25:11.094, 22859 MiB, 89 %
2026/10/04 01:26:11.128, 22861 MiB, 57 %
2026/10/04 01:27:11.170, 22859 MiB, 100 %
2026/10/04 01:28:11.230, 18582 MiB, 100 %
2026/10/04 01:29:11.308, 22859 MiB, 17 %
2026/10/04 01:30:11.345, 22860 MiB, 4 %
2026/10/04 01:31:11.386, 22861 MiB, 100 %
2026/10/04 01:32:11.427, 22860 MiB, 6 %
2026/10/04 01:33:11.473, 22859 MiB, 100 %
2026/10/04 01:34:11.517, 22859 MiB, 10 %
2026/10/04 01:35:11.561, 22862 MiB, 5 %
2026/10/04 01:36:11.603, 22859 MiB, 77 %
2026/10/04 01:37:11.647, 22859 MiB, 5 %
2026/10/04 01:38:11.689, 22859 MiB, 4 %
2026/10/04 01:39:11.732, 22859 MiB, 6 %
2026/10/04 01:40:11.773, 22861 MiB, 100 %
2026/10/04 01:41:11.817, 22859 MiB, 82 %
2026/10/04 01:42:11.861, 22861 MiB, 100 %
2026/10/04 01:43:11.905, 22861 MiB, 47 %
2026/10/04 01:44:11.948, 22860 MiB, 58 %
2026/10/04 01:45:11.990, 22860 MiB, 83 %
2026/10/04 01:46:12.032, 22859 MiB, 15 %
2026/10/04 01:47:12.074, 22859 MiB, 6 %
2026/10/04 01:48:12.114, 22859 MiB, 86 %
2026/10/04 01:49:12.147, 22859 MiB, 100 %
2026/10/04 01:50:12.189, 22861 MiB, 100 %
2026/10/04 01:51:12.234, 22859 MiB, 100 %
2026/10/04 01:52:12.305, 19052 MiB, 1 %
2026/10/04 01:53:12.391, 22859 MiB, 100 %
2026/10/04 01:54:12.432, 22859 MiB, 100 %
2026/10/04 01:55:12.476, 22859 MiB, 100 %
2026/10/04 01:56:12.522, 22038 MiB, 99 %
2026/10/04 01:57:12.577, 22859 MiB, 100 %
2026/10/04 01:58:12.625, 22859 MiB, 4 %
2026/10/04 01:59:12.662, 22859 MiB, 100 %
2026/10/04 02:00:12.704, 22859 MiB, 47 %
2026/10/04 02:01:12.750, 22861 MiB, 100 %
2026/10/04 02:02:12.795, 22859 MiB, 100 %
2026/10/04 02:03:12.838, 22859 MiB, 83 %
2026/10/04 02:04:12.874, 22859 MiB, 52 %
2026/10/04 02:05:12.914, 22859 MiB, 100 %
2026/10/04 02:06:12.957, 22861 MiB, 4 %
2026/10/04 02:07:13.009, 20911 MiB, 100 %
2026/10/04 02:08:13.060, 22860 MiB, 36 %
2026/10/04 02:09:13.095, 22860 MiB, 100 %
2026/10/04 02:10:13.135, 22859 MiB, 99 %
2026/10/04 02:11:13.180, 22859 MiB, 32 %
2026/10/04 02:12:13.229, 22859 MiB, 100 %
2026/10/04 02:13:13.327, 18578 MiB, 0 %
2026/10/04 02:14:13.375, 22859 MiB, 45 %
2026/10/04 02:15:13.423, 18497 MiB, 52 %
2026/10/04 02:16:13.463, 22859 MiB, 6 %
2026/10/04 02:17:13.507, 22859 MiB, 95 %
2026/10/04 02:18:13.550, 22861 MiB, 29 %
2026/10/04 02:19:13.594, 22858 MiB, 100 %
2026/10/04 02:20:13.636, 22504 MiB, 99 %
2026/10/04 02:21:13.680, 22504 MiB, 97 %
2026/10/04 02:22:13.722, 22504 MiB, 74 %
2026/10/04 02:23:13.757, 22504 MiB, 99 %
2026/10/04 02:24:13.804, 22504 MiB, 6 %
2026/10/04 02:25:14.366, 22504 MiB, 49 %
2026/10/04 02:26:16.175, 22504 MiB, 73 %
2026/10/04 02:27:16.624, 22504 MiB, 100 %
2026/10/04 02:28:16.659, 22504 MiB, 100 %
2026/10/04 02:29:16.754, 22504 MiB, 7 %
2026/10/04 02:30:16.799, 22504 MiB, 99 %
2026/10/04 02:31:16.838, 22504 MiB, 9 %
2026/10/04 02:32:16.881, 22504 MiB, 85 %
2026/10/04 02:33:16.926, 22504 MiB, 100 %
2026/10/04 02:34:16.969, 22504 MiB, 99 %
2026/10/04 02:35:17.014, 22504 MiB, 34 %
2026/10/04 02:36:17.057, 22505 MiB, 76 %
2026/10/04 02:37:17.101, 22505 MiB, 17 %
2026/10/04 02:38:17.140, 21852 MiB, 100 %
2026/10/04 02:39:17.189, 22505 MiB, 100 %
2026/10/04 02:40:17.227, 22505 MiB, 100 %
2026/10/04 02:41:17.267, 22505 MiB, 100 %
2026/10/04 02:42:17.316, 18400 MiB, 0 %
2026/10/04 02:43:17.350, 22505 MiB, 13 %
2026/10/04 02:44:17.390, 22505 MiB, 56 %
2026/10/04 02:45:17.429, 22505 MiB, 76 %
2026/10/04 02:46:17.472, 22505 MiB, 100 %
2026/10/04 02:47:17.510, 22505 MiB, 100 %
2026/10/04 02:48:17.555, 22505 MiB, 100 %
2026/10/04 02:49:17.604, 22505 MiB, 100 %
2026/10/04 02:50:17.640, 22505 MiB, 100 %
2026/10/04 02:51:17.678, 22505 MiB, 6 %
2026/10/04 02:52:17.715, 18496 MiB, 64 %
2026/10/04 02:53:17.762, 22505 MiB, 100 %
2026/10/04 02:54:17.811, 22490 MiB, 7 %
2026/10/04 02:55:17.848, 22490 MiB, 44 %
2026/10/04 02:56:17.890, 22490 MiB, 86 %
2026/10/04 02:57:17.937, 22490 MiB, 62 %
2026/10/04 02:58:17.981, 22490 MiB, 76 %
2026/10/04 02:59:18.026, 22490 MiB, 100 %
2026/10/04 03:00:18.071, 22490 MiB, 12 %
2026/10/04 03:01:18.113, 22490 MiB, 100 %
2026/10/04 03:02:18.158, 22490 MiB, 99 %
2026/10/04 03:03:18.200, 22490 MiB, 87 %
2026/10/04 03:04:18.245, 22490 MiB, 96 %
2026/10/04 03:05:18.287, 21170 MiB, 91 %
2026/10/04 03:06:18.337, 22487 MiB, 12 %
2026/10/04 03:07:18.379, 22488 MiB, 80 %
2026/10/04 03:08:18.421, 22488 MiB, 19 %
2026/10/04 03:09:18.477, 22488 MiB, 5 %
2026/10/04 03:10:18.554, 22488 MiB, 100 %
2026/10/04 03:11:18.589, 22488 MiB, 73 %
2026/10/04 03:12:18.630, 22488 MiB, 56 %
2026/10/04 03:13:18.674, 22488 MiB, 83 %
2026/10/04 03:14:18.719, 22488 MiB, 78 %
2026/10/04 03:15:18.753, 22488 MiB, 100 %
2026/10/04 03:16:18.793, 22488 MiB, 100 %
2026/10/04 03:17:18.836, 22488 MiB, 5 %
2026/10/04 03:18:18.879, 22488 MiB, 100 %
2026/10/04 03:19:18.939, 20294 MiB, 100 %
2026/10/04 03:20:19.010, 22502 MiB, 7 %
2026/10/04 03:21:19.059, 22502 MiB, 96 %
2026/10/04 03:22:19.100, 22502 MiB, 89 %
2026/10/04 03:23:19.142, 22502 MiB, 22 %
2026/10/04 03:24:19.186, 22502 MiB, 100 %
2026/10/04 03:25:19.218, 22502 MiB, 100 %
2026/10/04 03:26:19.248, 22502 MiB, 24 %
2026/10/04 03:27:19.289, 22502 MiB, 100 %
2026/10/04 03:28:19.323, 22502 MiB, 21 %
2026/10/04 03:29:19.370, 22502 MiB, 7 %
2026/10/04 03:30:19.421, 22502 MiB, 31 %
2026/10/04 03:31:19.456, 22502 MiB, 9 %
2026/10/04 03:32:19.499, 22502 MiB, 100 %
2026/10/04 03:33:19.532, 22503 MiB, 100 %
2026/10/04 03:34:19.579, 22503 MiB, 59 %
2026/10/04 03:35:19.625, 20883 MiB, 75 %
2026/10/04 03:36:19.703, 19703 MiB, 8 %
2026/10/04 03:37:19.762, 22503 MiB, 80 %
2026/10/04 03:38:19.806, 22503 MiB, 100 %
2026/10/04 03:39:19.848, 22503 MiB, 99 %
2026/10/04 03:40:19.890, 22503 MiB, 8 %
2026/10/04 03:41:19.931, 22503 MiB, 100 %
2026/10/04 03:42:19.972, 22503 MiB, 100 %
2026/10/04 03:43:20.018, 22503 MiB, 100 %
2026/10/04 03:44:20.062, 22507 MiB, 57 %
2026/10/04 03:45:20.103, 22507 MiB, 78 %
2026/10/04 03:46:20.147, 18496 MiB, 0 %
2026/10/04 03:47:20.191, 22236 MiB, 100 %
2026/10/04 03:48:20.240, 22507 MiB, 12 %
2026/10/04 03:49:20.282, 22507 MiB, 100 %
2026/10/04 03:50:20.322, 22507 MiB, 46 %
2026/10/04 03:51:20.365, 22507 MiB, 5 %
2026/10/04 03:52:20.408, 22507 MiB, 5 %
2026/10/04 03:53:20.450, 22507 MiB, 99 %
2026/10/04 03:54:20.493, 22507 MiB, 100 %
2026/10/04 03:55:20.536, 22507 MiB, 85 %
2026/10/04 03:56:20.578, 22490 MiB, 92 %
2026/10/04 03:57:20.621, 22490 MiB, 100 %
2026/10/04 03:58:20.661, 22490 MiB, 100 %
2026/10/04 03:59:20.703, 22490 MiB, 46 %
2026/10/04 04:00:20.746, 22490 MiB, 7 %
2026/10/04 04:01:20.790, 22490 MiB, 82 %
2026/10/04 04:02:20.833, 22490 MiB, 59 %
2026/10/04 04:03:20.869, 22490 MiB, 100 %
2026/10/04 04:04:20.912, 22490 MiB, 100 %
2026/10/04 04:05:20.954, 22490 MiB, 100 %
2026/10/04 04:06:21.001, 21539 MiB, 46 %
2026/10/04 04:07:21.051, 22490 MiB, 36 %
2026/10/04 04:08:21.098, 18496 MiB, 66 %
2026/10/04 04:09:21.141, 22490 MiB, 35 %
2026/10/04 04:10:21.177, 22490 MiB, 57 %
2026/10/04 04:11:21.217, 22490 MiB, 81 %
2026/10/04 04:12:21.261, 18496 MiB, 57 %
2026/10/04 04:13:21.303, 22490 MiB, 96 %
2026/10/04 04:14:21.346, 22490 MiB, 12 %
2026/10/04 04:15:21.390, 22490 MiB, 6 %
2026/10/04 04:16:21.430, 22490 MiB, 100 %
2026/10/04 04:17:21.472, 22490 MiB, 100 %
2026/10/04 04:18:21.507, 22447 MiB, 55 %
2026/10/04 04:19:21.547, 22447 MiB, 32 %
2026/10/04 04:20:21.591, 22446 MiB, 6 %
2026/10/04 04:21:21.635, 22446 MiB, 100 %
2026/10/04 04:22:21.678, 22446 MiB, 36 %
2026/10/04 04:23:21.721, 22446 MiB, 7 %
2026/10/04 04:24:21.758, 22446 MiB, 86 %
2026/10/04 04:25:21.800, 22446 MiB, 100 %
2026/10/04 04:26:21.843, 22446 MiB, 100 %
2026/10/04 04:27:21.893, 22444 MiB, 99 %
2026/10/04 04:28:21.937, 22446 MiB, 94 %
2026/10/04 04:29:21.980, 22446 MiB, 100 %
2026/10/04 04:30:22.023, 22446 MiB, 49 %
2026/10/04 04:31:22.066, 22446 MiB, 100 %
2026/10/04 04:32:22.108, 22444 MiB, 100 %
2026/10/04 04:33:22.153, 20456 MiB, 100 %
2026/10/04 04:34:22.200, 22446 MiB, 7 %
2026/10/04 04:35:22.249, 22446 MiB, 57 %
2026/10/04 04:36:22.287, 22446 MiB, 46 %
2026/10/04 04:37:22.328, 22446 MiB, 43 %
2026/10/04 04:38:22.370, 22446 MiB, 34 %
2026/10/04 04:39:22.415, 22446 MiB, 34 %
2026/10/04 04:40:22.457, 18496 MiB, 10 %
2026/10/04 04:41:22.494, 22446 MiB, 5 %
2026/10/04 04:42:22.537, 22446 MiB, 84 %
2026/10/04 04:43:22.574, 22447 MiB, 100 %
2026/10/04 04:44:22.612, 22446 MiB, 5 %
2026/10/04 04:45:22.651, 22446 MiB, 100 %
2026/10/04 04:46:22.694, 22447 MiB, 7 %
2026/10/04 04:47:22.731, 22446 MiB, 99 %
2026/10/04 04:48:22.772, 22447 MiB, 6 %
2026/10/04 04:49:22.813, 22450 MiB, 100 %
2026/10/04 04:50:22.855, 22446 MiB, 96 %
2026/10/04 04:51:22.897, 22446 MiB, 7 %
2026/10/04 04:52:22.944, 22447 MiB, 8 %
2026/10/04 04:53:22.989, 22446 MiB, 100 %
2026/10/04 04:54:23.031, 22446 MiB, 81 %
2026/10/04 04:55:23.074, 22444 MiB, 57 %
2026/10/04 04:56:23.117, 22446 MiB, 28 %
2026/10/04 04:57:23.159, 22446 MiB, 23 %
2026/10/04 04:58:23.199, 18496 MiB, 65 %
2026/10/04 04:59:23.238, 22446 MiB, 7 %
2026/10/04 05:00:23.282, 22445 MiB, 9 %
2026/10/04 05:01:23.325, 22446 MiB, 100 %
2026/10/04 05:02:23.367, 22446 MiB, 99 %
2026/10/04 05:03:23.410, 22447 MiB, 100 %
2026/10/04 05:04:23.451, 22447 MiB, 75 %
2026/10/04 05:05:23.495, 22447 MiB, 99 %
2026/10/04 05:06:23.632, 22446 MiB, 30 %
2026/10/04 05:07:23.671, 22446 MiB, 51 %
2026/10/04 05:08:23.711, 22446 MiB, 5 %
2026/10/04 05:09:23.756, 22446 MiB, 66 %
2026/10/04 05:10:23.797, 22446 MiB, 6 %
2026/10/04 05:11:23.842, 22447 MiB, 99 %
2026/10/04 05:12:23.882, 22380 MiB, 100 %
2026/10/04 05:13:23.922, 18400 MiB, 0 %
2026/10/04 05:14:23.959, 22446 MiB, 81 %
2026/10/04 05:15:23.999, 22446 MiB, 100 %
2026/10/04 05:16:24.048, 22446 MiB, 46 %
2026/10/04 05:17:24.195, 18902 MiB, 24 %
2026/10/04 05:18:24.280, 22446 MiB, 8 %
2026/10/04 05:19:24.325, 22446 MiB, 100 %
2026/10/04 05:20:24.368, 22446 MiB, 99 %
2026/10/04 05:21:24.412, 22447 MiB, 14 %
2026/10/04 05:22:24.453, 22447 MiB, 89 %
2026/10/04 05:23:24.496, 22446 MiB, 35 %
2026/10/04 05:24:24.540, 22446 MiB, 74 %
2026/10/04 05:25:24.582, 22447 MiB, 5 %
2026/10/04 05:26:24.626, 22446 MiB, 100 %
2026/10/04 05:27:24.670, 18400 MiB, 0 %
2026/10/04 05:28:24.752, 4 MiB, 0 %
2026/10/04 05:29:24.856, 4 MiB, 0 %
2026/10/04 05:30:24.900, 22859 MiB, 91 %
2026/10/04 05:31:24.943, 22859 MiB, 64 %
2026/10/04 05:32:24.988, 22862 MiB, 95 %
2026/10/04 05:33:25.030, 22859 MiB, 28 %
2026/10/04 05:34:25.072, 22859 MiB, 39 %
2026/10/04 05:35:25.113, 22859 MiB, 52 %
2026/10/04 05:36:25.149, 22860 MiB, 6 %
2026/10/04 05:37:25.185, 22859 MiB, 44 %
2026/10/04 05:38:25.225, 22859 MiB, 5 %
2026/10/04 05:39:25.268, 22859 MiB, 7 %
2026/10/04 05:40:25.308, 22861 MiB, 5 %
2026/10/04 05:41:25.346, 22860 MiB, 94 %
2026/10/04 05:42:25.385, 22860 MiB, 20 %
2026/10/04 05:43:25.417, 22859 MiB, 33 %
2026/10/04 05:44:25.456, 22859 MiB, 6 %
2026/10/04 05:45:25.491, 22859 MiB, 23 %
2026/10/04 05:46:25.536, 22859 MiB, 99 %
2026/10/04 05:47:25.578, 22859 MiB, 37 %
2026/10/04 05:48:25.619, 22859 MiB, 36 %
2026/10/04 05:49:25.662, 22861 MiB, 29 %
2026/10/04 05:50:25.704, 22859 MiB, 76 %
2026/10/04 05:51:25.745, 22862 MiB, 5 %
2026/10/04 05:52:25.787, 22859 MiB, 80 %
2026/10/04 05:53:25.828, 22859 MiB, 18 %
2026/10/04 05:54:25.872, 22859 MiB, 90 %
2026/10/04 05:55:25.914, 22859 MiB, 46 %
2026/10/04 05:56:25.957, 22859 MiB, 27 %
2026/10/04 05:57:25.998, 21427 MiB, 100 %
2026/10/04 05:58:26.044, 22862 MiB, 44 %
2026/10/04 05:59:26.087, 22862 MiB, 44 %
2026/10/04 06:00:26.136, 22859 MiB, 90 %
2026/10/04 06:01:26.186, 22859 MiB, 3 %
2026/10/04 06:02:26.231, 22859 MiB, 22 %
2026/10/04 06:03:26.356, 22859 MiB, 91 %
2026/10/04 06:04:26.402, 22859 MiB, 9 %
2026/10/04 06:05:26.449, 20837 MiB, 0 %
2026/10/04 06:06:26.499, 22860 MiB, 47 %
2026/10/04 06:07:26.543, 22860 MiB, 37 %
2026/10/04 06:08:26.635, 22859 MiB, 56 %
2026/10/04 06:09:26.685, 22859 MiB, 61 %
2026/10/04 06:10:26.729, 22861 MiB, 99 %
2026/10/04 06:11:26.773, 22862 MiB, 17 %
2026/10/04 06:12:26.821, 22768 MiB, 47 %
2026/10/04 06:13:26.864, 22859 MiB, 4 %
2026/10/04 06:14:26.907, 22859 MiB, 63 %
2026/10/04 06:15:26.950, 22859 MiB, 7 %
2026/10/04 06:16:26.992, 22859 MiB, 87 %
2026/10/04 06:17:27.035, 22859 MiB, 22 %
2026/10/04 06:18:27.078, 22862 MiB, 4 %
2026/10/04 06:19:27.124, 18497 MiB, 36 %
2026/10/04 06:20:27.166, 22859 MiB, 100 %
2026/10/04 06:21:27.208, 22858 MiB, 93 %
2026/10/04 06:22:27.250, 22859 MiB, 6 %
2026/10/04 06:23:27.292, 22859 MiB, 7 %
2026/10/04 06:24:27.335, 22859 MiB, 36 %
2026/10/04 06:25:27.379, 22861 MiB, 4 %
2026/10/04 06:26:27.421, 22859 MiB, 7 %
2026/10/04 06:27:27.464, 22504 MiB, 27 %
2026/10/04 06:28:27.507, 22504 MiB, 8 %
2026/10/04 06:29:27.550, 22504 MiB, 100 %
2026/10/04 06:30:27.594, 22504 MiB, 77 %
2026/10/04 06:31:27.635, 22504 MiB, 5 %
2026/10/04 06:32:27.679, 18496 MiB, 7 %
2026/10/04 06:33:27.721, 22504 MiB, 98 %
2026/10/04 06:34:27.765, 22504 MiB, 81 %
2026/10/04 06:35:27.809, 22505 MiB, 11 %
2026/10/04 06:36:27.856, 22505 MiB, 35 %
2026/10/04 06:37:27.897, 22505 MiB, 47 %
2026/10/04 06:38:27.940, 22505 MiB, 29 %
2026/10/04 06:39:27.981, 22505 MiB, 93 %
2026/10/04 06:40:28.016, 22505 MiB, 32 %
2026/10/04 06:41:28.056, 22505 MiB, 28 %
2026/10/04 06:42:28.097, 22490 MiB, 36 %
2026/10/04 06:43:28.138, 22490 MiB, 99 %
2026/10/04 06:44:28.180, 22490 MiB, 72 %
2026/10/04 06:45:28.220, 22490 MiB, 70 %
2026/10/04 06:46:28.262, 22490 MiB, 8 %
2026/10/04 06:47:28.303, 22487 MiB, 39 %
2026/10/04 06:48:28.344, 22488 MiB, 79 %
2026/10/04 06:49:28.385, 22488 MiB, 57 %
2026/10/04 06:50:28.428, 22488 MiB, 100 %
2026/10/04 06:51:28.470, 22488 MiB, 11 %
2026/10/04 06:52:28.522, 22488 MiB, 24 %
2026/10/04 06:53:28.567, 22502 MiB, 88 %
2026/10/04 06:54:28.613, 22502 MiB, 53 %
2026/10/04 06:55:28.657, 22502 MiB, 55 %
2026/10/04 06:56:28.701, 22502 MiB, 13 %
2026/10/04 06:57:28.744, 22502 MiB, 14 %
2026/10/04 06:58:28.788, 22502 MiB, 8 %
2026/10/04 06:59:28.833, 22502 MiB, 76 %
2026/10/04 07:00:28.877, 22502 MiB, 32 %
2026/10/04 07:01:28.919, 22377 MiB, 100 %
2026/10/04 07:02:28.961, 22503 MiB, 76 %
2026/10/04 07:03:29.006, 22503 MiB, 48 %
2026/10/04 07:04:29.049, 22507 MiB, 88 %
2026/10/04 07:05:29.091, 22507 MiB, 73 %
2026/10/04 07:06:29.134, 22507 MiB, 20 %
2026/10/04 07:07:29.176, 22507 MiB, 10 %
2026/10/04 07:08:29.220, 22507 MiB, 11 %
2026/10/04 07:09:29.325, 19483 MiB, 1 %
2026/10/04 07:10:29.387, 22490 MiB, 9 %
2026/10/04 07:11:29.436, 22490 MiB, 100 %
2026/10/04 07:12:29.484, 22490 MiB, 36 %
2026/10/04 07:13:29.526, 22490 MiB, 10 %
2026/10/04 07:14:29.569, 22490 MiB, 73 %
2026/10/04 07:15:29.622, 22490 MiB, 31 %
2026/10/04 07:16:29.657, 22490 MiB, 85 %
2026/10/04 07:17:29.697, 22490 MiB, 81 %
2026/10/04 07:18:29.730, 22490 MiB, 9 %
2026/10/04 07:19:29.772, 22490 MiB, 8 %
2026/10/04 07:20:29.819, 20215 MiB, 100 %
2026/10/04 07:21:29.870, 22446 MiB, 46 %
2026/10/04 07:22:29.914, 22446 MiB, 97 %
2026/10/04 07:23:29.957, 22446 MiB, 66 %
2026/10/04 07:24:30.004, 18496 MiB, 85 %
2026/10/04 07:25:30.047, 22446 MiB, 5 %
2026/10/04 07:26:30.092, 22447 MiB, 92 %
2026/10/04 07:27:30.135, 22444 MiB, 100 %
2026/10/04 07:28:30.180, 22446 MiB, 86 %
2026/10/04 07:29:30.217, 22447 MiB, 95 %
2026/10/04 07:30:30.258, 22446 MiB, 8 %
2026/10/04 07:31:30.300, 22447 MiB, 13 %
2026/10/04 07:32:30.343, 22447 MiB, 93 %
2026/10/04 07:33:30.385, 22446 MiB, 81 %
2026/10/04 07:34:30.427, 22446 MiB, 5 %
2026/10/04 07:35:30.469, 22446 MiB, 33 %
2026/10/04 07:36:30.509, 22450 MiB, 44 %
2026/10/04 07:37:30.554, 22446 MiB, 80 %
2026/10/04 07:38:30.589, 22446 MiB, 95 %
2026/10/04 07:39:30.630, 22447 MiB, 59 %
2026/10/04 07:40:30.672, 22446 MiB, 88 %
2026/10/04 07:41:30.714, 22445 MiB, 100 %
2026/10/04 07:42:30.757, 22445 MiB, 40 %
2026/10/04 07:43:30.802, 22446 MiB, 36 %
2026/10/04 07:44:30.845, 22446 MiB, 20 %
2026/10/04 07:45:30.889, 22446 MiB, 79 %
2026/10/04 07:46:30.931, 22446 MiB, 32 %
2026/10/04 07:47:30.973, 18400 MiB, 0 %
2026/10/04 07:48:31.093, 18594 MiB, 6 %
2026/10/04 07:49:31.158, 22444 MiB, 22 %
2026/10/04 07:50:31.193, 22446 MiB, 99 %
2026/10/04 07:51:31.236, 21098 MiB, 100 %
2026/10/04 07:52:31.282, 22444 MiB, 100 %
2026/10/04 07:53:31.322, 4 MiB, 0 %
2026/10/04 07:54:31.365, 4 MiB, 0 %
2026/10/04 07:55:31.456, 4 MiB, 0 %
2026/10/04 07:56:31.499, 22768 MiB, 42 %
2026/10/04 07:57:31.541, 22859 MiB, 6 %
2026/10/04 07:58:31.584, 22859 MiB, 4 %
2026/10/04 07:59:31.621, 22859 MiB, 34 %
2026/10/04 08:00:31.658, 22859 MiB, 43 %
2026/10/04 08:01:31.703, 22859 MiB, 5 %
2026/10/04 08:02:31.747, 22859 MiB, 7 %
2026/10/04 08:03:31.795, 22859 MiB, 4 %
2026/10/04 08:04:31.842, 22859 MiB, 88 %
2026/10/04 08:05:31.888, 22859 MiB, 4 %
2026/10/04 08:06:31.931, 22858 MiB, 99 %
2026/10/04 08:07:31.974, 22860 MiB, 64 %
2026/10/04 08:08:32.019, 22859 MiB, 60 %
2026/10/04 08:09:32.062, 22861 MiB, 100 %
2026/10/04 08:10:32.109, 18497 MiB, 68 %
2026/10/04 08:11:32.156, 22860 MiB, 100 %
2026/10/04 08:12:32.197, 22859 MiB, 4 %
2026/10/04 08:13:32.240, 22860 MiB, 5 %
2026/10/04 08:14:32.275, 22861 MiB, 7 %
2026/10/04 08:15:32.342, 22859 MiB, 6 %
2026/10/04 08:16:32.382, 22859 MiB, 100 %
2026/10/04 08:17:32.422, 22504 MiB, 71 %
2026/10/04 08:18:32.464, 22504 MiB, 7 %
2026/10/04 08:19:32.509, 22504 MiB, 100 %
2026/10/04 08:20:32.561, 22505 MiB, 100 %
2026/10/04 08:21:32.607, 22505 MiB, 29 %
2026/10/04 08:22:32.652, 22490 MiB, 6 %
2026/10/04 08:23:32.696, 22490 MiB, 100 %
2026/10/04 08:24:32.738, 22488 MiB, 100 %
2026/10/04 08:25:32.780, 22488 MiB, 6 %
2026/10/04 08:26:32.824, 22502 MiB, 100 %
2026/10/04 08:27:32.870, 19954 MiB, 0 %
2026/10/04 08:28:32.916, 22503 MiB, 84 %
2026/10/04 08:29:33.010, 18830 MiB, 0 %
2026/10/04 08:30:33.103, 20294 MiB, 0 %
2026/10/04 08:31:33.152, 22490 MiB, 100 %
2026/10/04 08:32:33.259, 22490 MiB, 100 %
2026/10/04 08:33:33.346, 18917 MiB, 2 %
2026/10/04 08:34:33.425, 22490 MiB, 32 %
2026/10/04 08:35:33.467, 22446 MiB, 100 %
2026/10/04 08:36:33.510, 18400 MiB, 0 %
2026/10/04 08:37:33.553, 22446 MiB, 64 %
2026/10/04 08:38:33.600, 21801 MiB, 99 %
2026/10/04 08:39:33.646, 22446 MiB, 6 %
2026/10/04 08:40:33.690, 22446 MiB, 5 %
2026/10/04 08:41:33.734, 22446 MiB, 78 %
2026/10/04 08:42:33.779, 22446 MiB, 100 %
2026/10/04 08:43:33.872, 19217 MiB, 0 %
2026/10/04 08:44:33.955, 22445 MiB, 45 %
2026/10/04 08:45:33.996, 22446 MiB, 100 %
2026/10/04 08:46:34.040, 4 MiB, 0 %
2026/10/04 08:47:34.082, 4 MiB, 0 %
2026/10/04 08:48:34.159, 4 MiB, 0 %
2026/10/04 08:49:34.266, 22767 MiB, 100 %
2026/10/04 08:50:34.310, 22768 MiB, 7 %
2026/10/04 08:51:34.352, 22767 MiB, 99 %
2026/10/04 08:52:34.393, 22767 MiB, 5 %
2026/10/04 08:53:34.436, 22769 MiB, 90 %
2026/10/04 08:54:34.480, 22767 MiB, 99 %
2026/10/04 08:55:34.517, 22767 MiB, 100 %
2026/10/04 08:56:34.557, 22767 MiB, 99 %
2026/10/04 08:57:34.603, 22768 MiB, 17 %
2026/10/04 08:58:34.650, 22767 MiB, 68 %
2026/10/04 08:59:34.694, 22767 MiB, 71 %
2026/10/04 09:00:34.755, 22766 MiB, 99 %
2026/10/04 09:01:34.800, 22767 MiB, 6 %
2026/10/04 09:02:34.844, 22767 MiB, 91 %
2026/10/04 09:03:34.886, 22766 MiB, 35 %
2026/10/04 09:04:34.929, 22767 MiB, 100 %
2026/10/04 09:05:34.970, 22767 MiB, 100 %
2026/10/04 09:06:35.013, 22767 MiB, 5 %
2026/10/04 09:07:35.057, 22767 MiB, 100 %
2026/10/04 09:08:35.100, 22769 MiB, 100 %
2026/10/04 09:09:35.145, 19966 MiB, 0 %
2026/10/04 09:10:35.197, 22767 MiB, 3 %
2026/10/04 09:11:35.239, 22767 MiB, 28 %
2026/10/04 09:12:35.282, 22766 MiB, 98 %
2026/10/04 09:13:35.322, 22767 MiB, 69 %
2026/10/04 09:14:35.365, 22767 MiB, 100 %
2026/10/04 09:15:35.408, 22767 MiB, 99 %
2026/10/04 09:16:35.450, 22859 MiB, 82 %
2026/10/04 09:17:35.497, 20058 MiB, 99 %
2026/10/04 09:18:35.549, 22859 MiB, 56 %
2026/10/04 09:19:35.591, 22861 MiB, 100 %
2026/10/04 09:20:35.636, 22862 MiB, 99 %
2026/10/04 09:21:35.681, 22862 MiB, 99 %
2026/10/04 09:22:35.725, 22862 MiB, 6 %
2026/10/04 09:23:35.760, 22859 MiB, 82 %
2026/10/04 09:24:35.801, 22859 MiB, 70 %
2026/10/04 09:25:35.844, 22859 MiB, 100 %
2026/10/04 09:26:35.890, 22859 MiB, 65 %
2026/10/04 09:27:35.932, 22859 MiB, 100 %
2026/10/04 09:28:36.086, 19052 MiB, 0 %
2026/10/04 09:29:36.144, 22861 MiB, 100 %
2026/10/04 09:30:36.186, 22859 MiB, 100 %
2026/10/04 09:31:36.228, 22859 MiB, 100 %
2026/10/04 09:32:36.272, 22862 MiB, 100 %
2026/10/04 09:33:36.307, 22859 MiB, 100 %
2026/10/04 09:34:36.352, 22859 MiB, 4 %
2026/10/04 09:35:36.388, 22859 MiB, 74 %
2026/10/04 09:36:36.430, 22861 MiB, 6 %
2026/10/04 09:37:36.471, 22861 MiB, 88 %
2026/10/04 09:38:36.507, 22859 MiB, 100 %
2026/10/04 09:39:36.558, 22861 MiB, 44 %
2026/10/04 09:40:36.642, 19000 MiB, 2 %
2026/10/04 09:41:36.725, 22859 MiB, 100 %
2026/10/04 09:42:36.768, 22859 MiB, 100 %
2026/10/04 09:43:36.812, 22859 MiB, 100 %
2026/10/04 09:44:36.854, 22859 MiB, 40 %
2026/10/04 09:45:36.898, 22859 MiB, 5 %
2026/10/04 09:46:36.942, 22859 MiB, 70 %
2026/10/04 09:47:36.984, 22859 MiB, 4 %
2026/10/04 09:48:37.026, 22859 MiB, 7 %
2026/10/04 09:49:37.074, 22860 MiB, 5 %
2026/10/04 09:50:37.122, 22859 MiB, 100 %
2026/10/04 09:51:37.163, 22859 MiB, 5 %
2026/10/04 09:52:37.206, 18497 MiB, 60 %
2026/10/04 09:53:37.246, 22859 MiB, 99 %
2026/10/04 09:54:37.288, 22859 MiB, 81 %
2026/10/04 09:55:37.327, 22859 MiB, 100 %
2026/10/04 09:56:37.368, 22859 MiB, 99 %
2026/10/04 09:57:37.403, 18400 MiB, 0 %
2026/10/04 09:58:37.446, 22859 MiB, 100 %
2026/10/04 09:59:37.488, 22859 MiB, 100 %
2026/10/04 10:00:37.537, 22861 MiB, 98 %
2026/10/04 10:01:37.582, 22862 MiB, 10 %
2026/10/04 10:02:37.630, 22859 MiB, 4 %
2026/10/04 10:03:37.672, 22859 MiB, 4 %
2026/10/04 10:04:37.716, 22859 MiB, 9 %
2026/10/04 10:05:37.747, 22861 MiB, 31 %
2026/10/04 10:06:37.784, 18400 MiB, 0 %
2026/10/04 10:07:37.819, 22860 MiB, 5 %
2026/10/04 10:08:37.852, 22859 MiB, 14 %
2026/10/04 10:09:37.893, 22862 MiB, 47 %
2026/10/04 10:10:37.935, 22859 MiB, 100 %
2026/10/04 10:11:37.979, 22859 MiB, 6 %
2026/10/04 10:12:38.023, 22859 MiB, 100 %
2026/10/04 10:13:38.062, 22859 MiB, 5 %
2026/10/04 10:14:38.098, 20227 MiB, 2 %
2026/10/04 10:15:38.144, 22504 MiB, 5 %
2026/10/04 10:16:38.187, 22504 MiB, 99 %
2026/10/04 10:17:38.231, 22504 MiB, 100 %
2026/10/04 10:18:38.273, 22504 MiB, 95 %
2026/10/04 10:19:38.315, 22504 MiB, 100 %
2026/10/04 10:20:38.358, 22504 MiB, 100 %
2026/10/04 10:21:38.398, 22504 MiB, 5 %
2026/10/04 10:22:38.441, 22504 MiB, 98 %
2026/10/04 10:23:38.477, 20688 MiB, 0 %
2026/10/04 10:24:38.523, 22504 MiB, 95 %
2026/10/04 10:25:38.567, 22505 MiB, 8 %
2026/10/04 10:26:38.609, 22505 MiB, 100 %
2026/10/04 10:27:38.653, 22505 MiB, 8 %
2026/10/04 10:28:38.689, 22505 MiB, 31 %
2026/10/04 10:29:38.730, 22505 MiB, 100 %
2026/10/04 10:30:38.773, 22505 MiB, 62 %
2026/10/04 10:31:38.815, 22505 MiB, 100 %
2026/10/04 10:32:38.858, 22505 MiB, 100 %
2026/10/04 10:33:38.900, 22505 MiB, 82 %
2026/10/04 10:34:38.942, 22505 MiB, 100 %
2026/10/04 10:35:39.034, 19156 MiB, 43 %
2026/10/04 10:36:39.110, 22505 MiB, 99 %
2026/10/04 10:37:39.155, 22505 MiB, 26 %
2026/10/04 10:38:39.198, 22490 MiB, 100 %
2026/10/04 10:39:39.241, 22490 MiB, 100 %
2026/10/04 10:40:39.285, 22490 MiB, 100 %
2026/10/04 10:41:39.322, 22490 MiB, 8 %
2026/10/04 10:42:39.361, 22490 MiB, 100 %
2026/10/04 10:43:39.402, 22490 MiB, 14 %
2026/10/04 10:44:39.445, 22490 MiB, 8 %
2026/10/04 10:45:39.488, 22490 MiB, 100 %
2026/10/04 10:46:39.530, 19133 MiB, 100 %
2026/10/04 10:47:39.571, 22488 MiB, 7 %
2026/10/04 10:48:39.615, 22488 MiB, 6 %
2026/10/04 10:49:39.656, 22488 MiB, 74 %
2026/10/04 10:50:39.699, 22488 MiB, 100 %
2026/10/04 10:51:39.741, 22488 MiB, 70 %
2026/10/04 10:52:39.785, 22488 MiB, 100 %
2026/10/04 10:53:39.829, 22488 MiB, 100 %
2026/10/04 10:54:39.872, 22502 MiB, 75 %
2026/10/04 10:55:39.916, 22502 MiB, 100 %
2026/10/04 10:56:39.961, 22502 MiB, 100 %
2026/10/04 10:57:40.004, 22502 MiB, 75 %
2026/10/04 10:58:40.049, 21654 MiB, 100 %
2026/10/04 10:59:40.099, 22502 MiB, 6 %
2026/10/04 11:00:40.141, 22502 MiB, 6 %
2026/10/04 11:01:40.187, 22502 MiB, 7 %
2026/10/04 11:02:40.228, 22502 MiB, 97 %
2026/10/04 11:03:40.272, 20294 MiB, 5 %
2026/10/04 11:04:40.319, 22503 MiB, 100 %
2026/10/04 11:05:40.359, 22503 MiB, 6 %
2026/10/04 11:06:40.403, 22503 MiB, 100 %
2026/10/04 11:07:40.447, 22503 MiB, 7 %
2026/10/04 11:08:40.501, 22503 MiB, 100 %
2026/10/04 11:09:40.543, 22503 MiB, 99 %
2026/10/04 11:10:40.587, 22507 MiB, 100 %
2026/10/04 11:11:40.628, 22507 MiB, 47 %
2026/10/04 11:12:40.670, 22507 MiB, 7 %
2026/10/04 11:13:40.706, 22507 MiB, 74 %
2026/10/04 11:14:40.757, 22507 MiB, 78 %
2026/10/04 11:15:40.802, 22507 MiB, 100 %
2026/10/04 11:16:40.839, 22507 MiB, 57 %
2026/10/04 11:17:40.879, 22507 MiB, 47 %
2026/10/04 11:18:40.922, 22490 MiB, 100 %
2026/10/04 11:19:40.967, 22490 MiB, 82 %
2026/10/04 11:20:41.001, 22490 MiB, 73 %
2026/10/04 11:21:41.038, 22490 MiB, 85 %
2026/10/04 11:22:41.078, 22490 MiB, 93 %
2026/10/04 11:23:41.122, 22490 MiB, 79 %
2026/10/04 11:24:41.164, 21138 MiB, 100 %
2026/10/04 11:25:41.208, 18400 MiB, 0 %
2026/10/04 11:26:41.251, 22490 MiB, 6 %
2026/10/04 11:27:41.295, 22490 MiB, 100 %
2026/10/04 11:28:41.338, 22490 MiB, 86 %
2026/10/04 11:29:41.380, 22490 MiB, 100 %
2026/10/04 11:30:41.422, 22490 MiB, 100 %
2026/10/04 11:31:41.456, 22490 MiB, 42 %
2026/10/04 11:32:41.497, 22490 MiB, 100 %
2026/10/04 11:33:41.539, 21828 MiB, 100 %
2026/10/04 11:34:41.585, 22447 MiB, 67 %
2026/10/04 11:35:41.627, 22447 MiB, 100 %
2026/10/04 11:36:41.669, 22446 MiB, 79 %
2026/10/04 11:37:41.709, 22446 MiB, 62 %
2026/10/04 11:38:41.751, 22446 MiB, 82 %
2026/10/04 11:39:41.792, 22446 MiB, 8 %
2026/10/04 11:40:41.833, 18400 MiB, 0 %
2026/10/04 11:41:41.875, 22449 MiB, 7 %
2026/10/04 11:42:41.917, 22446 MiB, 99 %
2026/10/04 11:43:41.951, 22446 MiB, 100 %
2026/10/04 11:44:41.991, 22446 MiB, 7 %
2026/10/04 11:45:42.025, 22447 MiB, 100 %
2026/10/04 11:46:42.067, 22447 MiB, 37 %
2026/10/04 11:47:42.108, 22447 MiB, 10 %
2026/10/04 11:48:42.152, 22445 MiB, 100 %
2026/10/04 11:49:42.195, 22446 MiB, 99 %
2026/10/04 11:50:42.237, 22444 MiB, 68 %
2026/10/04 11:51:42.274, 21566 MiB, 99 %
2026/10/04 11:52:42.319, 22444 MiB, 100 %
2026/10/04 11:53:42.363, 22449 MiB, 47 %
2026/10/04 11:54:42.406, 22446 MiB, 19 %
2026/10/04 11:55:42.448, 22446 MiB, 13 %
2026/10/04 11:56:42.494, 22447 MiB, 100 %
2026/10/04 11:57:42.538, 22446 MiB, 98 %
2026/10/04 11:58:42.574, 22446 MiB, 7 %
2026/10/04 11:59:42.615, 22447 MiB, 95 %
2026/10/04 12:00:42.658, 22446 MiB, 100 %
2026/10/04 12:01:42.701, 22446 MiB, 100 %
2026/10/04 12:02:42.744, 22447 MiB, 73 %
2026/10/04 12:03:42.787, 18496 MiB, 24 %
2026/10/04 12:04:42.829, 22446 MiB, 9 %
2026/10/04 12:05:42.872, 22446 MiB, 7 %
2026/10/04 12:06:42.914, 22446 MiB, 75 %
2026/10/04 12:07:42.958, 22446 MiB, 100 %
2026/10/04 12:08:42.991, 22446 MiB, 4 %
2026/10/04 12:09:43.025, 22447 MiB, 68 %
2026/10/04 12:10:43.064, 22446 MiB, 100 %
2026/10/04 12:11:43.099, 22216 MiB, 100 %
2026/10/04 12:12:43.140, 22446 MiB, 8 %
2026/10/04 12:13:43.182, 22446 MiB, 83 %
2026/10/04 12:14:43.218, 22446 MiB, 47 %
2026/10/04 12:15:43.258, 22446 MiB, 100 %
2026/10/04 12:16:43.302, 22446 MiB, 99 %
2026/10/04 12:17:43.344, 22446 MiB, 100 %
2026/10/04 12:18:43.387, 22446 MiB, 92 %
2026/10/04 12:19:43.431, 22449 MiB, 100 %
2026/10/04 12:20:43.475, 22449 MiB, 57 %
2026/10/04 12:21:43.518, 4 MiB, 0 %
2026/10/04 12:22:43.559, 4 MiB, 0 %
2026/10/04 12:23:43.750, 4 MiB, 0 %
2026/10/04 12:24:43.795, 22768 MiB, 3 %
2026/10/04 12:25:43.836, 22767 MiB, 54 %
2026/10/04 12:26:43.881, 22859 MiB, 4 %
2026/10/04 12:27:43.926, 22861 MiB, 99 %
2026/10/04 12:28:44.047, 22860 MiB, 83 %
2026/10/04 12:29:44.090, 22859 MiB, 7 %
2026/10/04 12:30:44.135, 22859 MiB, 92 %
2026/10/04 12:31:44.179, 22859 MiB, 100 %
2026/10/04 12:32:44.221, 22861 MiB, 99 %
2026/10/04 12:33:44.265, 22862 MiB, 94 %
2026/10/04 12:34:44.310, 22859 MiB, 100 %
2026/10/04 12:35:44.356, 22859 MiB, 69 %
2026/10/04 12:36:44.402, 22859 MiB, 25 %
2026/10/04 12:37:44.440, 22858 MiB, 84 %
2026/10/04 12:38:44.483, 22859 MiB, 100 %
2026/10/04 12:39:44.525, 22859 MiB, 100 %
2026/10/04 12:40:44.569, 22859 MiB, 100 %
2026/10/04 12:41:44.612, 18400 MiB, 0 %
2026/10/04 12:42:44.647, 22859 MiB, 58 %
2026/10/04 12:43:44.680, 22859 MiB, 7 %
2026/10/04 12:44:44.723, 20836 MiB, 100 %
2026/10/04 12:45:44.772, 22859 MiB, 100 %
2026/10/04 12:46:44.816, 22859 MiB, 100 %
2026/10/04 12:47:44.859, 22860 MiB, 100 %
2026/10/04 12:48:44.900, 22859 MiB, 17 %
2026/10/04 12:49:44.945, 22861 MiB, 4 %
2026/10/04 12:50:44.989, 22859 MiB, 5 %
2026/10/04 12:51:45.033, 19204 MiB, 99 %
2026/10/04 12:52:45.076, 22859 MiB, 99 %
2026/10/04 12:53:45.116, 22861 MiB, 9 %
2026/10/04 12:54:45.158, 22859 MiB, 100 %
2026/10/04 12:55:45.198, 22859 MiB, 100 %
2026/10/04 12:56:45.241, 22860 MiB, 75 %
2026/10/04 12:57:45.283, 22858 MiB, 99 %
2026/10/04 12:58:45.327, 22148 MiB, 100 %
2026/10/04 12:59:45.376, 22859 MiB, 82 %
2026/10/04 13:00:45.419, 22127 MiB, 80 %
2026/10/04 13:01:45.462, 22860 MiB, 43 %
2026/10/04 13:02:45.493, 22859 MiB, 4 %
2026/10/04 13:03:45.534, 22858 MiB, 100 %
2026/10/04 13:04:45.578, 22859 MiB, 100 %
2026/10/04 13:05:45.621, 22859 MiB, 8 %
2026/10/04 13:06:45.664, 22859 MiB, 5 %
2026/10/04 13:07:45.707, 22859 MiB, 12 %
2026/10/04 13:08:45.747, 22859 MiB, 5 %
2026/10/04 13:09:45.793, 22858 MiB, 12 %
2026/10/04 13:10:45.836, 22859 MiB, 36 %
2026/10/04 13:11:45.878, 22504 MiB, 6 %
2026/10/04 13:12:45.920, 22504 MiB, 46 %
2026/10/04 13:13:45.962, 22504 MiB, 64 %
2026/10/04 13:14:45.998, 22504 MiB, 77 %
2026/10/04 13:15:46.038, 22504 MiB, 100 %
2026/10/04 13:16:46.082, 18496 MiB, 17 %
2026/10/04 13:17:46.124, 22504 MiB, 100 %
2026/10/04 13:18:46.159, 22505 MiB, 34 %
2026/10/04 13:19:46.202, 22505 MiB, 6 %
2026/10/04 13:20:46.238, 21310 MiB, 100 %
2026/10/04 13:21:46.279, 22505 MiB, 80 %
2026/10/04 13:22:46.323, 22505 MiB, 100 %
2026/10/04 13:23:46.367, 22490 MiB, 72 %
2026/10/04 13:24:46.413, 22490 MiB, 100 %
2026/10/04 13:25:46.456, 22490 MiB, 100 %
2026/10/04 13:26:46.499, 22490 MiB, 99 %
2026/10/04 13:27:46.542, 20370 MiB, 100 %
2026/10/04 13:28:46.582, 22488 MiB, 8 %
2026/10/04 13:29:46.616, 22488 MiB, 37 %
2026/10/04 13:30:46.648, 22488 MiB, 72 %
2026/10/04 13:31:46.679, 22488 MiB, 8 %
2026/10/04 13:32:46.723, 22502 MiB, 11 %
2026/10/04 13:33:46.765, 22502 MiB, 61 %
2026/10/04 13:34:46.800, 22502 MiB, 100 %
2026/10/04 13:35:46.843, 22502 MiB, 6 %
2026/10/04 13:36:46.888, 22503 MiB, 76 %
2026/10/04 13:37:46.955, 22503 MiB, 79 %
2026/10/04 13:38:47.006, 22503 MiB, 99 %
2026/10/04 13:39:47.048, 22503 MiB, 20 %
2026/10/04 13:40:47.088, 22443 MiB, 100 %
2026/10/04 13:41:47.132, 22507 MiB, 6 %
2026/10/04 13:42:47.168, 22507 MiB, 8 %
2026/10/04 13:43:47.203, 22507 MiB, 100 %
2026/10/04 13:44:47.266, 20835 MiB, 95 %
2026/10/04 13:45:47.333, 22490 MiB, 8 %
2026/10/04 13:46:47.378, 22490 MiB, 100 %
2026/10/04 13:47:47.432, 21654 MiB, 100 %
2026/10/04 13:48:47.486, 21178 MiB, 8 %
2026/10/04 13:49:47.539, 22490 MiB, 100 %
2026/10/04 13:50:47.581, 22490 MiB, 100 %
2026/10/04 13:51:47.622, 22490 MiB, 10 %
2026/10/04 13:52:47.666, 22490 MiB, 6 %
2026/10/04 13:53:47.710, 22446 MiB, 4 %
2026/10/04 13:54:47.760, 22446 MiB, 24 %
2026/10/04 13:55:47.795, 22447 MiB, 100 %
2026/10/04 13:56:47.828, 18400 MiB, 0 %
2026/10/04 13:57:47.868, 22446 MiB, 30 %
2026/10/04 13:58:47.919, 22446 MiB, 100 %
2026/10/04 13:59:47.967, 22446 MiB, 69 %
2026/10/04 14:00:48.009, 22446 MiB, 100 %
2026/10/04 14:01:48.052, 22446 MiB, 100 %
2026/10/04 14:02:48.097, 22446 MiB, 6 %
2026/10/04 14:03:48.141, 22446 MiB, 100 %
2026/10/04 14:04:48.184, 22446 MiB, 100 %
2026/10/04 14:05:48.220, 22446 MiB, 100 %
2026/10/04 14:06:48.261, 20787 MiB, 66 %
2026/10/04 14:07:48.311, 22446 MiB, 51 %
2026/10/04 14:08:48.353, 22447 MiB, 100 %
2026/10/04 14:09:48.392, 22445 MiB, 100 %
2026/10/04 14:10:48.491, 19507 MiB, 0 %
2026/10/04 14:11:48.592, 22446 MiB, 34 %
2026/10/04 14:12:48.634, 22446 MiB, 99 %
2026/10/04 14:13:48.678, 18400 MiB, 0 %
2026/10/04 14:14:48.720, 22446 MiB, 100 %
2026/10/04 14:15:48.761, 22446 MiB, 76 %
2026/10/04 14:16:48.804, 22444 MiB, 11 %
2026/10/04 14:17:48.838, 22446 MiB, 6 %
2026/10/04 14:18:48.871, 4 MiB, 0 %
2026/10/04 14:19:48.951, 4 MiB, 0 %
2026/10/04 14:20:48.990, 4 MiB, 0 %
2026/10/04 14:21:49.031, 22770 MiB, 57 %
2026/10/04 14:22:49.074, 22767 MiB, 60 %
2026/10/04 14:23:49.117, 22861 MiB, 100 %
2026/10/04 14:24:49.160, 22859 MiB, 99 %
2026/10/04 14:25:49.203, 22860 MiB, 100 %
2026/10/04 14:26:49.246, 22858 MiB, 100 %
2026/10/04 14:27:49.289, 22861 MiB, 79 %
2026/10/04 14:28:49.330, 22859 MiB, 99 %
2026/10/04 14:29:49.374, 22862 MiB, 22 %
2026/10/04 14:30:49.417, 22859 MiB, 6 %
2026/10/04 14:31:49.459, 22859 MiB, 11 %
2026/10/04 14:32:49.504, 22515 MiB, 100 %
2026/10/04 14:33:49.551, 22859 MiB, 100 %
2026/10/04 14:34:49.594, 22861 MiB, 6 %
2026/10/04 14:35:49.637, 22860 MiB, 10 %
2026/10/04 14:36:49.678, 22859 MiB, 99 %
2026/10/04 14:37:49.720, 22346 MiB, 100 %
2026/10/04 14:38:49.764, 22861 MiB, 10 %
2026/10/04 14:39:49.809, 22859 MiB, 46 %
2026/10/04 14:40:49.851, 22859 MiB, 100 %
2026/10/04 14:41:49.893, 22861 MiB, 8 %
2026/10/04 14:42:49.934, 22859 MiB, 100 %
2026/10/04 14:43:49.974, 22859 MiB, 100 %
2026/10/04 14:44:50.018, 22859 MiB, 97 %
2026/10/04 14:45:50.061, 22862 MiB, 100 %
2026/10/04 14:46:50.104, 22859 MiB, 10 %
2026/10/04 14:47:50.147, 22861 MiB, 97 %
2026/10/04 14:48:50.189, 22859 MiB, 74 %
2026/10/04 14:49:50.234, 22859 MiB, 100 %
2026/10/04 14:50:50.277, 22861 MiB, 6 %
2026/10/04 14:51:50.320, 22861 MiB, 66 %
2026/10/04 14:52:50.363, 22859 MiB, 8 %
2026/10/04 14:53:50.404, 22859 MiB, 100 %
2026/10/04 14:54:50.450, 18497 MiB, 5 %
2026/10/04 14:55:50.495, 22861 MiB, 9 %
2026/10/04 14:56:50.565, 22859 MiB, 4 %
2026/10/04 14:57:50.611, 22859 MiB, 72 %
2026/10/04 14:58:50.652, 22859 MiB, 100 %
2026/10/04 14:59:50.693, 22859 MiB, 100 %
2026/10/04 15:00:50.736, 22504 MiB, 100 %
2026/10/04 15:01:50.778, 22504 MiB, 59 %
2026/10/04 15:02:50.822, 21676 MiB, 100 %
2026/10/04 15:03:50.876, 20365 MiB, 86 %
2026/10/04 15:04:50.923, 22504 MiB, 7 %
2026/10/04 15:05:50.962, 22505 MiB, 46 %
2026/10/04 15:06:51.004, 22505 MiB, 100 %
2026/10/04 15:07:51.046, 22505 MiB, 81 %
2026/10/04 15:08:51.089, 22505 MiB, 100 %
2026/10/04 15:09:51.132, 22505 MiB, 7 %
2026/10/04 15:10:51.174, 22505 MiB, 59 %
2026/10/04 15:11:51.207, 22490 MiB, 100 %
2026/10/04 15:12:51.316, 18728 MiB, 8 %
2026/10/04 15:13:51.379, 22490 MiB, 89 %
2026/10/04 15:14:51.422, 22490 MiB, 100 %
2026/10/04 15:15:51.464, 22487 MiB, 43 %
2026/10/04 15:16:51.508, 22488 MiB, 100 %
2026/10/04 15:17:51.551, 22488 MiB, 100 %
2026/10/04 15:18:51.594, 22488 MiB, 100 %
2026/10/04 15:19:51.636, 22502 MiB, 100 %
2026/10/04 15:20:51.678, 22502 MiB, 72 %
2026/10/04 15:21:51.723, 22502 MiB, 100 %
2026/10/04 15:22:51.774, 22502 MiB, 90 %
2026/10/04 15:23:51.821, 22502 MiB, 8 %
2026/10/04 15:24:51.865, 22503 MiB, 100 %
2026/10/04 15:25:51.908, 22503 MiB, 100 %
2026/10/04 15:26:51.952, 18400 MiB, 0 %
2026/10/04 15:27:51.992, 22507 MiB, 100 %
2026/10/04 15:28:52.036, 22378 MiB, 99 %
2026/10/04 15:29:52.080, 19132 MiB, 28 %
2026/10/04 15:30:52.123, 22490 MiB, 57 %
2026/10/04 15:31:52.171, 20614 MiB, 0 %
2026/10/04 15:32:52.215, 22490 MiB, 67 %
2026/10/04 15:33:52.255, 22490 MiB, 88 %
2026/10/04 15:34:52.290, 22490 MiB, 89 %
2026/10/04 15:35:52.332, 22490 MiB, 100 %
2026/10/04 15:36:52.375, 22490 MiB, 81 %
2026/10/04 15:37:52.418, 22446 MiB, 7 %
2026/10/04 15:38:52.459, 22446 MiB, 61 %
2026/10/04 15:39:52.501, 22446 MiB, 90 %
2026/10/04 15:40:52.544, 21786 MiB, 86 %
2026/10/04 15:41:52.580, 22449 MiB, 10 %
2026/10/04 15:42:52.620, 22446 MiB, 41 %
2026/10/04 15:43:52.662, 22446 MiB, 8 %
2026/10/04 15:44:52.705, 22449 MiB, 100 %
2026/10/04 15:45:52.748, 22446 MiB, 6 %
2026/10/04 15:46:52.790, 22446 MiB, 5 %
2026/10/04 15:47:52.832, 22446 MiB, 6 %
2026/10/04 15:48:52.870, 22449 MiB, 80 %
2026/10/04 15:49:52.901, 22446 MiB, 100 %
2026/10/04 15:50:52.933, 22446 MiB, 65 %
2026/10/04 15:51:52.974, 22446 MiB, 100 %
2026/10/04 15:52:53.023, 22446 MiB, 100 %
2026/10/04 15:53:53.064, 22447 MiB, 51 %
2026/10/04 15:54:53.109, 22446 MiB, 99 %
2026/10/04 15:55:53.158, 13826 MiB, 82 %
2026/10/04 15:56:53.208, 21579 MiB, 37 %
2026/10/04 15:57:53.255, 20300 MiB, 100 %
2026/10/04 15:58:53.337, 14713 MiB, 100 %
2026/10/04 15:59:53.385, 15619 MiB, 49 %
2026/10/04 16:00:53.433, 21625 MiB, 78 %
2026/10/04 16:01:53.468, 21628 MiB, 34 %
2026/10/04 16:02:53.535, 21627 MiB, 96 %
2026/10/04 16:03:53.575, 8987 MiB, 0 %
2026/10/04 16:04:53.659, 21627 MiB, 30 %
2026/10/04 16:05:53.702, 21625 MiB, 99 %
2026/10/04 16:06:53.748, 11508 MiB, 42 %
2026/10/04 16:07:53.794, 17787 MiB, 18 %
2026/10/04 16:08:53.873, 21623 MiB, 99 %
2026/10/04 16:09:53.955, 21626 MiB, 14 %
2026/10/04 16:10:54.064, 15569 MiB, 57 %
2026/10/04 16:11:54.155, 21605 MiB, 33 %
2026/10/04 16:12:54.198, 21626 MiB, 99 %
2026/10/04 16:13:54.442, 14419 MiB, 22 %
2026/10/04 16:14:54.582, 7634 MiB, 51 %
2026/10/04 16:15:55.091, 10296 MiB, 99 %
2026/10/04 16:16:55.337, 14196 MiB, 6 %
2026/10/04 16:17:55.480, 14193 MiB, 59 %
2026/10/04 16:18:55.557, 18478 MiB, 100 %
2026/10/04 16:19:55.608, 20874 MiB, 100 %
2026/10/04 16:20:55.659, 10815 MiB, 21 %
2026/10/04 16:21:55.703, 6742 MiB, 0 %
2026/10/04 16:22:56.161, 6758 MiB, 15 %
2026/10/04 16:23:56.250, 14191 MiB, 8 %
2026/10/04 16:24:56.321, 8308 MiB, 100 %
2026/10/04 16:25:56.391, 10815 MiB, 31 %
2026/10/04 16:26:56.434, 10814 MiB, 21 %
2026/10/04 16:27:56.478, 7033 MiB, 100 %
2026/10/04 16:28:56.552, 10817 MiB, 32 %
2026/10/04 16:29:56.709, 4382 MiB, 0 %
2026/10/04 16:30:56.804, 6115 MiB, 88 %
2026/10/04 16:31:56.853, 10195 MiB, 10 %
2026/10/04 16:32:56.891, 8830 MiB, 99 %
2026/10/04 16:33:57.037, 3641 MiB, 13 %
2026/10/04 16:34:57.122, 10199 MiB, 20 %
2026/10/04 16:35:57.163, 10128 MiB, 18 %
2026/10/04 16:36:57.206, 10126 MiB, 93 %
2026/10/04 16:37:57.248, 3383 MiB, 0 %
2026/10/04 16:38:57.356, 4 MiB, 0 %
2026/10/04 16:39:57.399, 4 MiB, 0 %
2026/10/04 16:40:57.441, 4 MiB, 0 %
2026/10/04 16:41:57.484, 22770 MiB, 100 %
2026/10/04 16:42:57.524, 22767 MiB, 81 %
2026/10/04 16:43:57.558, 22767 MiB, 100 %
2026/10/04 16:44:57.597, 22859 MiB, 100 %
2026/10/04 16:45:57.640, 22859 MiB, 44 %
2026/10/04 16:46:57.679, 22859 MiB, 73 %
2026/10/04 16:47:57.712, 22859 MiB, 7 %
2026/10/04 16:48:57.757, 22859 MiB, 7 %
2026/10/04 16:49:57.848, 22860 MiB, 81 %
2026/10/04 16:50:57.881, 22859 MiB, 7 %
2026/10/04 16:51:57.920, 22862 MiB, 35 %
2026/10/04 16:52:57.955, 22859 MiB, 91 %
2026/10/04 16:53:57.987, 22859 MiB, 71 %
2026/10/04 16:54:58.025, 22859 MiB, 5 %
2026/10/04 16:55:58.135, 22859 MiB, 3 %
2026/10/04 16:56:58.169, 22859 MiB, 100 %
2026/10/04 16:57:58.208, 22862 MiB, 5 %
2026/10/04 16:58:58.244, 22860 MiB, 7 %
2026/10/04 16:59:58.278, 22861 MiB, 52 %
2026/10/04 17:00:58.318, 22861 MiB, 92 %
2026/10/04 17:01:58.354, 18497 MiB, 0 %
2026/10/04 17:02:58.386, 22859 MiB, 100 %
2026/10/04 17:03:58.418, 22859 MiB, 95 %
2026/10/04 17:04:58.458, 22859 MiB, 62 %
2026/10/04 17:05:58.559, 22859 MiB, 3 %
2026/10/04 17:06:58.616, 22860 MiB, 100 %
2026/10/04 17:07:58.734, 22859 MiB, 43 %
2026/10/04 17:08:58.775, 22859 MiB, 100 %
2026/10/04 17:09:58.809, 22859 MiB, 7 %
2026/10/04 17:10:58.852, 22859 MiB, 100 %
2026/10/04 17:11:58.893, 22859 MiB, 100 %
2026/10/04 17:12:58.932, 22861 MiB, 4 %
2026/10/04 17:13:58.967, 22859 MiB, 100 %
2026/10/04 17:14:59.025, 19422 MiB, 0 %
2026/10/04 17:15:59.099, 22860 MiB, 100 %
2026/10/04 17:16:59.141, 22859 MiB, 100 %
2026/10/04 17:17:59.180, 22859 MiB, 6 %
2026/10/04 17:18:59.223, 22859 MiB, 100 %
2026/10/04 17:19:59.260, 22859 MiB, 59 %
2026/10/04 17:20:59.295, 22859 MiB, 100 %
2026/10/04 17:21:59.339, 22859 MiB, 100 %
2026/10/04 17:22:59.381, 20725 MiB, 100 %
2026/10/04 17:23:59.526, 22504 MiB, 7 %
2026/10/04 17:24:59.564, 22504 MiB, 100 %
2026/10/04 17:25:59.597, 22504 MiB, 67 %
2026/10/04 17:26:59.638, 22504 MiB, 100 %
2026/10/04 17:27:59.673, 22504 MiB, 100 %
2026/10/04 17:28:59.705, 22504 MiB, 95 %
2026/10/04 17:29:59.756, 22504 MiB, 100 %
2026/10/04 17:30:59.791, 22505 MiB, 44 %
2026/10/04 17:31:59.831, 22505 MiB, 8 %
2026/10/04 17:32:59.876, 22505 MiB, 100 %
2026/10/04 17:33:59.928, 22505 MiB, 96 %
2026/10/04 17:34:59.970, 22490 MiB, 76 %
2026/10/04 17:36:00.002, 22490 MiB, 100 %
2026/10/04 17:37:00.043, 22490 MiB, 100 %
2026/10/04 17:38:00.076, 22490 MiB, 83 %
2026/10/04 17:39:00.148, 22487 MiB, 90 %
2026/10/04 17:40:00.180, 22488 MiB, 100 %
2026/10/04 17:41:00.222, 22488 MiB, 100 %
2026/10/04 17:42:00.264, 22488 MiB, 100 %
2026/10/04 17:43:00.301, 22502 MiB, 100 %
2026/10/04 17:44:00.338, 22502 MiB, 100 %
2026/10/04 17:45:00.381, 22201 MiB, 100 %
2026/10/04 17:46:00.429, 22502 MiB, 7 %
2026/10/04 17:47:00.472, 22502 MiB, 99 %
2026/10/04 17:48:00.515, 22503 MiB, 100 %
2026/10/04 17:49:00.551, 22503 MiB, 92 %
2026/10/04 17:50:00.595, 22503 MiB, 99 %
2026/10/04 17:51:00.639, 22507 MiB, 100 %
2026/10/04 17:52:00.682, 22507 MiB, 6 %
2026/10/04 17:53:00.727, 22507 MiB, 88 %
2026/10/04 17:54:00.770, 22507 MiB, 28 %
2026/10/04 17:55:00.812, 22490 MiB, 100 %
2026/10/04 17:56:00.855, 22490 MiB, 9 %
2026/10/04 17:57:00.898, 22490 MiB, 100 %
2026/10/04 17:58:00.940, 22490 MiB, 100 %
2026/10/04 17:59:00.981, 22490 MiB, 96 %
2026/10/04 18:00:01.024, 22490 MiB, 100 %
2026/10/04 18:01:01.067, 18400 MiB, 0 %
2026/10/04 18:02:01.109, 22446 MiB, 91 %
2026/10/04 18:03:01.151, 22446 MiB, 72 %
2026/10/04 18:04:01.193, 22446 MiB, 100 %
2026/10/04 18:05:01.234, 22445 MiB, 100 %
2026/10/04 18:06:01.276, 18496 MiB, 100 %
2026/10/04 18:07:01.317, 22446 MiB, 6 %
2026/10/04 18:08:01.359, 22447 MiB, 44 %
2026/10/04 18:09:01.401, 22447 MiB, 38 %
2026/10/04 18:10:01.447, 22446 MiB, 6 %
2026/10/04 18:11:01.493, 22447 MiB, 38 %
2026/10/04 18:12:01.535, 21648 MiB, 99 %
2026/10/04 18:13:01.578, 22446 MiB, 8 %
2026/10/04 18:14:01.623, 22446 MiB, 56 %
2026/10/04 18:18:03.945, 1 MiB, 0 %
2026/10/04 18:19:03.987, 1 MiB, 0 %
2026/10/04 18:20:04.029, 10812 MiB, 22 %
2026/10/04 18:21:04.067, 10812 MiB, 88 %
2026/10/04 18:22:04.271, 5121 MiB, 0 %
2026/10/04 18:23:04.364, 10812 MiB, 31 %
2026/10/04 18:24:04.406, 10812 MiB, 10 %
2026/10/04 18:25:04.447, 10814 MiB, 33 %
2026/10/04 18:26:04.490, 10814 MiB, 24 %
2026/10/04 18:27:04.533, 10812 MiB, 98 %
2026/10/04 18:28:04.575, 10815 MiB, 31 %
2026/10/04 18:29:04.615, 8628 MiB, 100 %
2026/10/04 18:30:04.658, 11203 MiB, 25 %
2026/10/04 18:31:04.703, 10814 MiB, 79 %
2026/10/04 18:32:04.748, 10814 MiB, 32 %
2026/10/04 18:33:04.788, 10815 MiB, 10 %
2026/10/04 18:34:04.832, 6962 MiB, 61 %
2026/10/04 18:35:04.877, 10814 MiB, 22 %
2026/10/04 18:36:04.919, 10814 MiB, 8 %
2026/10/04 18:37:04.961, 10814 MiB, 8 %
2026/10/04 18:38:05.002, 10815 MiB, 8 %
2026/10/04 18:39:05.044, 10814 MiB, 100 %
2026/10/04 18:40:05.085, 10816 MiB, 21 %
2026/10/04 18:41:05.126, 10814 MiB, 29 %
2026/10/04 18:42:05.167, 10814 MiB, 10 %
2026/10/04 18:43:05.208, 10814 MiB, 31 %
2026/10/04 18:44:05.244, 7227 MiB, 59 %
2026/10/04 18:45:05.323, 10815 MiB, 25 %
2026/10/04 18:46:05.381, 10814 MiB, 32 %
2026/10/04 18:47:05.422, 10814 MiB, 25 %
2026/10/04 18:48:05.464, 10812 MiB, 63 %
2026/10/04 18:49:05.514, 3544 MiB, 11 %
2026/10/04 18:50:05.559, 10814 MiB, 25 %
2026/10/04 18:51:05.594, 10814 MiB, 92 %
2026/10/04 18:52:05.636, 10814 MiB, 75 %
2026/10/04 18:53:05.678, 10222 MiB, 32 %
2026/10/04 18:54:05.720, 10223 MiB, 81 %
2026/10/04 18:55:05.761, 10223 MiB, 9 %
2026/10/04 18:56:05.802, 10223 MiB, 30 %
2026/10/04 18:57:05.845, 10223 MiB, 14 %
2026/10/04 18:58:05.888, 10223 MiB, 13 %
2026/10/04 18:59:05.930, 10223 MiB, 10 %
2026/10/04 19:00:05.969, 10223 MiB, 91 %
2026/10/04 19:01:06.011, 10223 MiB, 19 %
2026/10/04 19:02:06.052, 10224 MiB, 32 %
2026/10/04 19:03:06.093, 10224 MiB, 20 %
2026/10/04 19:04:06.135, 10224 MiB, 8 %
2026/10/04 19:05:06.171, 10224 MiB, 12 %
2026/10/04 19:06:06.202, 10199 MiB, 47 %
2026/10/04 19:07:06.233, 10199 MiB, 13 %
2026/10/04 19:08:06.273, 10199 MiB, 19 %
2026/10/04 19:09:06.316, 7089 MiB, 7 %
2026/10/04 19:10:06.358, 3382 MiB, 0 %
2026/10/04 19:11:06.398, 10195 MiB, 48 %
2026/10/04 19:12:06.442, 3543 MiB, 20 %
2026/10/04 19:13:06.483, 10195 MiB, 67 %
2026/10/04 19:14:06.526, 10195 MiB, 28 %
2026/10/04 19:15:06.563, 3543 MiB, 23 %
2026/10/04 19:16:06.595, 6293 MiB, 0 %
2026/10/04 19:17:06.640, 9739 MiB, 100 %
2026/10/04 19:18:06.684, 10219 MiB, 15 %
2026/10/04 19:19:06.772, 6370 MiB, 100 %
2026/10/04 19:20:06.853, 10220 MiB, 11 %
2026/10/04 19:21:06.897, 9717 MiB, 100 %
2026/10/04 19:22:06.938, 10220 MiB, 38 %
2026/10/04 19:23:06.982, 10220 MiB, 10 %
2026/10/04 19:24:07.024, 10227 MiB, 23 %
2026/10/04 19:25:07.067, 10228 MiB, 28 %
2026/10/04 19:26:07.109, 10228 MiB, 9 %
2026/10/04 19:27:07.151, 10228 MiB, 12 %
2026/10/04 19:28:07.194, 10199 MiB, 100 %
2026/10/04 19:29:07.237, 10199 MiB, 13 %
2026/10/04 19:30:07.361, 10199 MiB, 32 %
2026/10/04 19:31:07.404, 10199 MiB, 22 %
2026/10/04 19:32:07.448, 10199 MiB, 16 %
2026/10/04 19:33:07.490, 10199 MiB, 20 %
2026/10/04 19:34:07.531, 10199 MiB, 21 %
2026/10/04 19:35:07.574, 10199 MiB, 13 %
2026/10/04 19:36:07.615, 7516 MiB, 11 %
2026/10/04 19:37:07.660, 10126 MiB, 37 %
2026/10/04 19:38:07.704, 10135 MiB, 12 %
2026/10/04 19:39:07.745, 10135 MiB, 10 %
2026/10/04 19:40:07.787, 10137 MiB, 21 %
2026/10/04 19:41:07.829, 10137 MiB, 19 %
2026/10/04 19:42:07.871, 10135 MiB, 31 %
2026/10/04 19:43:07.923, 10135 MiB, 30 %
2026/10/04 19:44:07.971, 10135 MiB, 97 %
2026/10/04 19:45:08.006, 10135 MiB, 24 %
2026/10/04 19:46:08.051, 3392 MiB, 0 %
2026/10/04 19:47:08.094, 10136 MiB, 11 %
2026/10/04 19:48:08.138, 10135 MiB, 17 %
2026/10/04 19:49:08.182, 10136 MiB, 11 %
2026/10/04 19:50:08.225, 10135 MiB, 43 %
2026/10/04 19:51:08.268, 9904 MiB, 100 %
2026/10/04 19:52:08.320, 3553 MiB, 12 %
2026/10/04 19:53:08.362, 10137 MiB, 21 %
2026/10/04 19:54:08.406, 10137 MiB, 11 %
2026/10/04 19:55:08.448, 10135 MiB, 11 %
2026/10/04 19:56:08.488, 10139 MiB, 12 %
2026/10/04 19:57:08.530, 10135 MiB, 10 %
2026/10/04 19:58:08.563, 10135 MiB, 14 %
2026/10/04 19:59:08.676, 3684 MiB, 84 %
2026/10/04 20:00:08.760, 10135 MiB, 21 %
2026/10/04 20:01:08.804, 10135 MiB, 30 %
2026/10/04 20:02:08.845, 10135 MiB, 33 %
2026/10/04 20:03:08.880, 10137 MiB, 18 %
2026/10/04 20:04:08.921, 10020 MiB, 100 %
2026/10/04 20:05:08.965, 10135 MiB, 26 %
2026/10/04 20:06:09.008, 4 MiB, 0 %
2026/10/04 20:07:09.051, 9608 MiB, 100 %
2026/10/04 20:08:09.097, 10816 MiB, 46 %
2026/10/04 20:09:09.138, 10816 MiB, 31 %
2026/10/04 20:10:09.178, 10816 MiB, 10 %
2026/10/04 20:11:09.220, 10819 MiB, 14 %
2026/10/04 20:12:09.264, 10817 MiB, 33 %
2026/10/04 20:13:09.406, 4754 MiB, 0 %
2026/10/04 20:14:09.520, 10816 MiB, 37 %
2026/10/04 20:15:09.561, 10817 MiB, 69 %
2026/10/04 20:16:09.607, 10814 MiB, 14 %
2026/10/04 20:17:09.706, 6794 MiB, 71 %
2026/10/04 20:18:09.787, 10818 MiB, 24 %
2026/10/04 20:19:09.821, 10819 MiB, 31 %
2026/10/04 20:20:10.079, 4365 MiB, 57 %
2026/10/04 20:21:10.172, 10816 MiB, 12 %
2026/10/04 20:22:10.214, 10819 MiB, 68 %
2026/10/04 20:23:10.256, 10816 MiB, 11 %
2026/10/04 20:24:10.298, 10157 MiB, 100 %
2026/10/04 20:25:10.347, 3546 MiB, 18 %
2026/10/04 20:26:10.391, 10224 MiB, 31 %
2026/10/04 20:27:10.435, 10224 MiB, 22 %
2026/10/04 20:28:10.476, 10225 MiB, 19 %
2026/10/04 20:29:10.517, 10225 MiB, 32 %
2026/10/04 20:30:10.645, 10225 MiB, 32 %
2026/10/04 20:31:10.686, 3545 MiB, 95 %
2026/10/04 20:32:10.718, 10226 MiB, 100 %
2026/10/04 20:33:10.761, 10226 MiB, 15 %
2026/10/04 20:34:10.801, 10201 MiB, 96 %
2026/10/04 20:35:10.841, 10201 MiB, 34 %
2026/10/04 20:36:10.883, 10201 MiB, 10 %
2026/10/04 20:37:10.924, 10197 MiB, 9 %
2026/10/04 20:38:10.971, 10197 MiB, 87 %
2026/10/04 20:39:11.013, 10197 MiB, 100 %
2026/10/04 20:40:11.055, 10221 MiB, 84 %
2026/10/04 20:41:11.096, 10221 MiB, 7 %
2026/10/04 20:42:11.138, 10221 MiB, 30 %
2026/10/04 20:43:11.237, 8152 MiB, 91 %
2026/10/04 20:44:11.309, 10222 MiB, 68 %
2026/10/04 20:45:11.351, 10222 MiB, 55 %
2026/10/04 20:46:11.394, 10229 MiB, 32 %
2026/10/04 20:47:11.435, 10230 MiB, 16 %
2026/10/04 20:48:11.478, 10230 MiB, 25 %
2026/10/04 20:49:11.519, 10201 MiB, 98 %
2026/10/04 20:50:11.560, 10201 MiB, 100 %
2026/10/04 20:51:11.601, 10201 MiB, 16 %
2026/10/04 20:52:11.644, 10201 MiB, 29 %
2026/10/04 20:53:11.687, 10025 MiB, 100 %
2026/10/04 20:54:11.729, 10201 MiB, 10 %
2026/10/04 20:55:11.771, 10130 MiB, 19 %
2026/10/04 20:56:11.814, 10135 MiB, 9 %
2026/10/04 20:57:11.855, 10135 MiB, 19 %
2026/10/04 20:58:11.897, 10136 MiB, 14 %
2026/10/04 20:59:11.939, 10136 MiB, 13 %
2026/10/04 21:00:11.982, 10135 MiB, 10 %
2026/10/04 21:01:12.028, 7165 MiB, 99 %
2026/10/04 21:02:12.290, 4640 MiB, 71 %
2026/10/04 21:03:12.433, 3553 MiB, 2 %
2026/10/04 21:04:12.477, 3553 MiB, 47 %
2026/10/04 21:05:12.519, 10135 MiB, 59 %
2026/10/04 21:06:12.563, 10135 MiB, 22 %
2026/10/04 21:07:12.606, 10135 MiB, 40 %
2026/10/04 21:08:12.662, 10135 MiB, 31 %
2026/10/04 21:09:12.707, 6553 MiB, 63 %
2026/10/04 21:10:12.757, 10135 MiB, 22 %
2026/10/04 21:11:12.801, 10136 MiB, 31 %
2026/10/04 21:12:12.843, 10135 MiB, 26 %
2026/10/04 21:13:12.885, 10135 MiB, 12 %
2026/10/04 21:14:12.929, 1 MiB, 0 %
2026/10/04 21:15:13.045, 4 MiB, 0 %
2026/10/04 21:16:13.088, 4 MiB, 0 %
2026/10/04 21:17:13.131, 22357 MiB, 5 %
2026/10/04 21:18:13.173, 22444 MiB, 27 %
2026/10/04 21:19:13.215, 22446 MiB, 22 %
2026/10/04 21:20:13.260, 22447 MiB, 8 %
2026/10/04 21:21:13.302, 22447 MiB, 44 %
2026/10/04 21:22:13.346, 22446 MiB, 100 %
2026/10/04 21:23:13.389, 18400 MiB, 0 %
2026/10/04 21:24:13.431, 22446 MiB, 5 %
2026/10/04 21:25:13.475, 22446 MiB, 100 %
2026/10/04 21:26:13.511, 22449 MiB, 8 %
2026/10/04 21:27:13.554, 22446 MiB, 7 %
2026/10/04 21:28:13.596, 4 MiB, 0 %
2026/10/04 21:29:13.639, 4 MiB, 0 %
2026/10/04 21:30:13.682, 22767 MiB, 100 %
2026/10/04 21:31:13.737, 22859 MiB, 100 %
2026/10/04 21:32:13.783, 18496 MiB, 7 %
2026/10/04 21:33:13.826, 22862 MiB, 10 %
2026/10/04 21:34:13.866, 22824 MiB, 100 %
2026/10/04 21:35:13.909, 22321 MiB, 57 %
2026/10/04 21:36:13.967, 18518 MiB, 9 %
2026/10/04 21:37:14.017, 22487 MiB, 0 %
2026/10/04 21:38:14.060, 22503 MiB, 9 %
2026/10/04 21:39:14.102, 18400 MiB, 0 %
2026/10/04 21:40:14.191, 18604 MiB, 0 %
2026/10/04 21:41:14.311, 19124 MiB, 80 %
2026/10/04 21:42:14.378, 22447 MiB, 10 %
2026/10/04 21:43:14.422, 10182 MiB, 85 %
2026/10/04 21:44:14.466, 10772 MiB, 7 %
2026/10/04 21:45:14.508, 10772 MiB, 33 %
2026/10/04 21:46:14.543, 10772 MiB, 7 %
2026/10/04 21:47:14.584, 7179 MiB, 100 %
2026/10/04 21:48:14.627, 10775 MiB, 28 %
2026/10/04 21:49:14.672, 10772 MiB, 31 %
2026/10/04 21:50:14.733, 10772 MiB, 24 %
2026/10/04 21:51:14.773, 10771 MiB, 7 %
2026/10/04 21:52:14.817, 10772 MiB, 8 %
2026/10/04 21:53:14.861, 10772 MiB, 100 %
2026/10/04 21:54:14.904, 10772 MiB, 7 %
2026/10/04 21:55:14.946, 10772 MiB, 7 %
2026/10/04 21:56:14.988, 10772 MiB, 93 %
2026/10/04 21:57:15.039, 3502 MiB, 65 %
2026/10/04 21:58:15.086, 10773 MiB, 24 %
2026/10/04 21:59:15.131, 10772 MiB, 49 %
2026/10/04 22:00:15.168, 8594 MiB, 100 %
2026/10/04 22:01:15.213, 10812 MiB, 63 %
2026/10/04 22:02:15.256, 10812 MiB, 9 %
2026/10/04 22:03:15.297, 10815 MiB, 29 %
2026/10/04 22:04:15.341, 10812 MiB, 25 %
2026/10/04 22:05:15.383, 10812 MiB, 27 %
2026/10/04 22:06:15.417, 3542 MiB, 0 %
2026/10/04 22:07:15.462, 10812 MiB, 8 %
2026/10/04 22:08:15.504, 10220 MiB, 42 %
2026/10/04 22:09:15.548, 10221 MiB, 9 %
2026/10/04 22:10:15.590, 10221 MiB, 12 %
2026/10/04 22:11:15.633, 10221 MiB, 32 %
2026/10/04 22:12:15.677, 8627 MiB, 100 %
2026/10/04 22:13:15.727, 10222 MiB, 32 %
2026/10/04 22:14:15.769, 10197 MiB, 33 %
2026/10/04 22:15:15.812, 3541 MiB, 25 %
2026/10/04 22:16:15.847, 10193 MiB, 23 %
2026/10/04 22:17:15.888, 10193 MiB, 14 %
2026/10/04 22:18:15.929, 10217 MiB, 7 %
2026/10/04 22:19:15.971, 10217 MiB, 29 %
2026/10/04 22:20:16.015, 10218 MiB, 13 %
2026/10/04 22:21:16.058, 10218 MiB, 55 %
2026/10/04 22:22:16.119, 3564 MiB, 0 %
2026/10/04 22:23:16.191, 10225 MiB, 9 %
2026/10/04 22:24:16.234, 10226 MiB, 10 %
2026/10/04 22:25:16.277, 10197 MiB, 20 %
2026/10/04 22:26:16.324, 10197 MiB, 32 %
2026/10/04 22:27:16.368, 10197 MiB, 36 %
2026/10/04 22:28:16.410, 10197 MiB, 21 %
2026/10/04 22:29:16.453, 10128 MiB, 21 %
2026/10/04 22:30:16.495, 10138 MiB, 16 %
2026/10/04 22:31:16.544, 8381 MiB, 100 %
2026/10/04 22:32:16.597, 10135 MiB, 52 %
2026/10/04 22:33:16.640, 10135 MiB, 26 %
2026/10/04 22:34:16.690, 10136 MiB, 10 %
2026/10/04 22:35:16.730, 10135 MiB, 31 %
2026/10/04 22:36:16.775, 10138 MiB, 31 %
2026/10/04 22:37:16.820, 10135 MiB, 96 %
2026/10/04 22:38:16.865, 7577 MiB, 97 %
2026/10/04 22:39:16.912, 10138 MiB, 9 %
2026/10/04 22:40:16.952, 10135 MiB, 11 %
2026/10/04 22:41:16.993, 10135 MiB, 28 %
2026/10/04 22:42:17.067, 4298 MiB, 0 %
2026/10/04 22:43:17.155, 596 MiB, 0 %
2026/10/04 22:44:17.190, 10772 MiB, 6 %
2026/10/04 22:45:17.230, 10772 MiB, 63 %
2026/10/04 22:46:17.272, 10773 MiB, 29 %
2026/10/04 22:47:17.316, 10773 MiB, 10 %
2026/10/04 22:48:17.358, 7136 MiB, 100 %
2026/10/04 22:49:17.402, 10772 MiB, 28 %
2026/10/04 22:50:17.443, 10772 MiB, 31 %
2026/10/04 22:51:17.486, 10772 MiB, 28 %
2026/10/04 22:52:17.532, 10772 MiB, 11 %
2026/10/04 22:53:17.575, 10773 MiB, 97 %
2026/10/04 22:54:17.615, 10772 MiB, 12 %
2026/10/04 22:55:17.656, 10772 MiB, 7 %
2026/10/04 22:56:17.698, 10773 MiB, 68 %
2026/10/04 22:57:17.742, 10772 MiB, 28 %
2026/10/04 22:58:17.832, 10772 MiB, 9 %
2026/10/04 22:59:17.875, 10775 MiB, 10 %
2026/10/04 23:00:17.913, 8094 MiB, 100 %
2026/10/04 23:01:17.959, 10772 MiB, 7 %
2026/10/04 23:02:18.002, 10772 MiB, 22 %
2026/10/04 23:03:18.044, 10770 MiB, 90 %
2026/10/04 23:04:18.088, 10772 MiB, 26 %
2026/10/04 23:05:18.132, 10776 MiB, 33 %
2026/10/04 23:06:18.177, 3502 MiB, 87 %
2026/10/04 23:07:18.219, 10772 MiB, 50 %
2026/10/04 23:08:18.261, 10180 MiB, 11 %
2026/10/04 23:09:18.305, 10181 MiB, 10 %
2026/10/04 23:10:18.342, 10181 MiB, 17 %
2026/10/04 23:11:18.384, 10181 MiB, 32 %
2026/10/04 23:12:18.426, 10182 MiB, 24 %
2026/10/04 23:13:18.468, 10220 MiB, 12 %
2026/10/04 23:14:18.510, 10195 MiB, 11 %
2026/10/04 23:15:18.560, 10195 MiB, 90 %
2026/10/04 23:16:18.602, 10191 MiB, 96 %
2026/10/04 23:17:18.656, 10191 MiB, 13 %
2026/10/04 23:18:18.697, 5413 MiB, 100 %
2026/10/04 23:19:18.742, 10215 MiB, 29 %
2026/10/04 23:20:18.793, 10215 MiB, 11 %
2026/10/04 23:21:18.838, 10216 MiB, 93 %
2026/10/04 23:22:18.880, 10216 MiB, 12 %
2026/10/04 23:23:18.923, 10223 MiB, 99 %
2026/10/04 23:24:18.963, 10224 MiB, 23 %
2026/10/04 23:25:19.172, 5428 MiB, 75 %
2026/10/04 23:26:19.398, 4501 MiB, 0 %
2026/10/04 23:27:19.487, 10195 MiB, 50 %
2026/10/04 23:28:19.532, 10195 MiB, 64 %
2026/10/04 23:29:19.573, 10125 MiB, 12 %
2026/10/04 23:30:19.614, 10122 MiB, 23 %
2026/10/04 23:31:19.703, 4867 MiB, 82 %
2026/10/04 23:32:19.772, 10135 MiB, 23 %
2026/10/04 23:33:19.816, 10135 MiB, 83 %
2026/10/04 23:34:19.860, 10135 MiB, 32 %
2026/10/04 23:35:19.904, 9721 MiB, 100 %
2026/10/04 23:36:19.955, 10136 MiB, 10 %
2026/10/04 23:37:19.989, 10135 MiB, 30 %
2026/10/04 23:38:20.031, 4165 MiB, 34 %
2026/10/04 23:39:20.086, 10135 MiB, 100 %
2026/10/04 23:40:20.129, 10136 MiB, 31 %
2026/10/04 23:41:20.170, 10135 MiB, 32 %
2026/10/04 23:42:20.216, 9689 MiB, 100 %
2026/10/04 23:43:20.265, 4 MiB, 0 %
2026/10/04 23:44:20.308, 4 MiB, 0 %
2026/10/04 23:45:20.437, 4 MiB, 0 %
2026/10/04 23:46:20.481, 22859 MiB, 38 %
2026/10/04 23:47:20.523, 22859 MiB, 37 %
2026/10/04 23:48:20.566, 22859 MiB, 100 %
2026/10/04 23:49:20.608, 22859 MiB, 37 %
2026/10/04 23:50:20.650, 22859 MiB, 37 %
2026/10/04 23:51:20.691, 22860 MiB, 5 %
2026/10/04 23:52:20.733, 22859 MiB, 9 %
2026/10/04 23:53:20.777, 22862 MiB, 10 %
2026/10/04 23:54:20.822, 22859 MiB, 14 %
2026/10/04 23:55:20.867, 18505 MiB, 100 %
2026/10/04 23:56:20.910, 22859 MiB, 9 %
2026/10/04 23:57:20.953, 22859 MiB, 98 %
2026/10/04 23:58:20.996, 22859 MiB, 38 %
2026/10/04 23:59:21.043, 22859 MiB, 36 %
2026/10/05 00:00:21.085, 22862 MiB, 56 %
2026/10/05 00:01:21.127, 22504 MiB, 38 %
2026/10/05 00:02:21.170, 22504 MiB, 35 %
2026/10/05 00:03:21.210, 22504 MiB, 9 %
2026/10/05 00:04:21.260, 22505 MiB, 34 %
2026/10/05 00:05:21.298, 22490 MiB, 25 %
2026/10/05 00:06:21.340, 22490 MiB, 6 %
2026/10/05 00:07:21.375, 22487 MiB, 13 %
2026/10/05 00:08:21.465, 18879 MiB, 0 %
2026/10/05 00:09:21.537, 22081 MiB, 100 %
2026/10/05 00:10:21.587, 22502 MiB, 61 %
2026/10/05 00:11:21.633, 21002 MiB, 68 %
2026/10/05 00:12:21.682, 22507 MiB, 99 %
2026/10/05 00:13:21.725, 22490 MiB, 36 %
2026/10/05 00:14:21.766, 22490 MiB, 9 %
2026/10/05 00:15:21.809, 22490 MiB, 42 %
2026/10/05 00:16:21.853, 22445 MiB, 4 %
2026/10/05 00:17:21.897, 22447 MiB, 11 %
2026/10/05 00:18:21.940, 22446 MiB, 36 %
2026/10/05 00:19:21.975, 22449 MiB, 29 %
2026/10/05 00:20:22.017, 19812 MiB, 66 %
2026/10/05 00:21:22.061, 22446 MiB, 79 %
2026/10/05 00:22:22.105, 22447 MiB, 67 %
2026/10/05 00:23:22.148, 22450 MiB, 36 %
2026/10/05 00:24:22.191, 22447 MiB, 26 %
2026/10/05 00:25:22.245, 4 MiB, 0 %
2026/10/05 00:26:22.289, 4 MiB, 0 %
2026/10/05 00:27:22.354, 4 MiB, 0 %
2026/10/05 00:28:22.394, 22768 MiB, 72 %
2026/10/05 00:29:22.437, 22859 MiB, 9 %
2026/10/05 00:30:22.480, 22860 MiB, 67 %
2026/10/05 00:31:22.525, 18400 MiB, 0 %
2026/10/05 00:32:22.566, 22860 MiB, 100 %
2026/10/05 00:33:22.610, 22860 MiB, 100 %
2026/10/05 00:34:22.658, 22859 MiB, 6 %
2026/10/05 00:35:22.702, 22859 MiB, 100 %
2026/10/05 00:36:22.745, 22859 MiB, 86 %
2026/10/05 00:37:22.789, 22859 MiB, 100 %
2026/10/05 00:38:22.834, 22859 MiB, 62 %
2026/10/05 00:39:22.870, 22859 MiB, 7 %
2026/10/05 00:40:22.911, 22859 MiB, 100 %
2026/10/05 00:41:22.954, 22859 MiB, 38 %
2026/10/05 00:42:22.996, 22859 MiB, 67 %
2026/10/05 00:43:23.038, 18400 MiB, 0 %
2026/10/05 00:44:23.080, 22860 MiB, 6 %
2026/10/05 00:45:23.123, 22859 MiB, 59 %
2026/10/05 00:46:23.165, 22862 MiB, 35 %
2026/10/05 00:47:23.207, 20173 MiB, 88 %
2026/10/05 00:48:23.251, 22504 MiB, 93 %
2026/10/05 00:49:23.293, 22504 MiB, 27 %
2026/10/05 00:50:23.336, 22504 MiB, 12 %
2026/10/05 00:51:23.376, 22505 MiB, 6 %
2026/10/05 00:52:23.417, 22505 MiB, 6 %
2026/10/05 00:53:23.462, 22490 MiB, 42 %
2026/10/05 00:54:23.506, 22490 MiB, 49 %
2026/10/05 00:55:23.549, 22487 MiB, 26 %
2026/10/05 00:56:23.586, 22488 MiB, 100 %
2026/10/05 00:57:23.626, 22502 MiB, 100 %
2026/10/05 00:58:23.672, 22502 MiB, 6 %
2026/10/05 00:59:23.714, 22502 MiB, 5 %
2026/10/05 01:00:23.751, 22502 MiB, 100 %
2026/10/05 01:01:23.791, 22507 MiB, 4 %
2026/10/05 01:02:23.833, 22507 MiB, 16 %
2026/10/05 01:03:23.876, 22490 MiB, 100 %
2026/10/05 01:04:23.920, 18496 MiB, 20 %
2026/10/05 01:05:23.961, 22490 MiB, 99 %
2026/10/05 01:06:24.002, 22447 MiB, 100 %
2026/10/05 01:07:24.043, 22446 MiB, 80 %
2026/10/05 01:08:24.086, 22444 MiB, 100 %
2026/10/05 01:09:24.130, 22446 MiB, 8 %
2026/10/05 01:10:24.172, 22446 MiB, 100 %
2026/10/05 01:11:24.214, 22450 MiB, 6 %
2026/10/05 01:12:24.257, 22446 MiB, 57 %
2026/10/05 01:13:24.304, 22170 MiB, 100 %
2026/10/05 01:14:24.356, 22447 MiB, 47 %
2026/10/05 01:15:24.400, 22446 MiB, 100 %
2026/10/05 01:16:24.444, 22446 MiB, 10 %
2026/10/05 01:17:24.571, 7276 MiB, 69 %
2026/10/05 01:18:24.695, 10817 MiB, 17 %
2026/10/05 01:19:24.729, 10019 MiB, 100 %
2026/10/05 01:20:24.771, 10815 MiB, 10 %
2026/10/05 01:21:24.813, 10814 MiB, 17 %
2026/10/05 01:22:24.861, 10813 MiB, 9 %
2026/10/05 01:23:24.904, 10813 MiB, 13 %
2026/10/05 01:24:24.939, 10814 MiB, 13 %
2026/10/05 01:25:24.980, 10814 MiB, 39 %
2026/10/05 01:26:25.017, 10814 MiB, 13 %
2026/10/05 01:27:25.056, 10815 MiB, 17 %
2026/10/05 01:28:25.096, 10815 MiB, 11 %
2026/10/05 01:29:25.129, 10814 MiB, 19 %
2026/10/05 01:30:25.167, 10814 MiB, 15 %
2026/10/05 01:31:25.220, 10814 MiB, 17 %
2026/10/05 01:32:25.256, 10814 MiB, 15 %
2026/10/05 01:33:25.295, 8696 MiB, 10 %
2026/10/05 01:34:25.334, 10814 MiB, 17 %
2026/10/05 01:35:25.365, 10813 MiB, 18 %
2026/10/05 01:36:25.407, 10813 MiB, 16 %
2026/10/05 01:37:25.451, 10815 MiB, 34 %
2026/10/05 01:38:25.492, 10815 MiB, 30 %
2026/10/05 01:39:25.534, 10814 MiB, 20 %
2026/10/05 01:40:25.576, 10814 MiB, 17 %
2026/10/05 01:41:25.617, 10222 MiB, 30 %
2026/10/05 01:42:25.658, 10222 MiB, 20 %
2026/10/05 01:43:25.700, 6699 MiB, 100 %
2026/10/05 01:44:25.824, 3543 MiB, 16 %
2026/10/05 01:45:25.877, 10224 MiB, 19 %
2026/10/05 01:46:25.921, 6961 MiB, 54 %
2026/10/05 01:47:25.969, 10199 MiB, 22 %
2026/10/05 01:48:26.010, 10199 MiB, 17 %
2026/10/05 01:49:26.046, 10195 MiB, 18 %
2026/10/05 01:50:26.086, 10195 MiB, 30 %
2026/10/05 01:51:26.128, 10219 MiB, 18 %
2026/10/05 01:52:26.170, 10219 MiB, 15 %
2026/10/05 01:53:26.212, 10220 MiB, 18 %
2026/10/05 01:54:26.254, 10220 MiB, 15 %
2026/10/05 01:55:26.296, 10220 MiB, 17 %
2026/10/05 01:56:26.339, 10227 MiB, 30 %
2026/10/05 01:57:26.381, 10227 MiB, 11 %
2026/10/05 01:58:26.426, 10199 MiB, 14 %
2026/10/05 01:59:26.469, 10199 MiB, 30 %
2026/10/05 02:00:26.512, 10199 MiB, 8 %
2026/10/05 02:01:26.554, 10199 MiB, 20 %
2026/10/05 02:02:26.596, 10126 MiB, 17 %
2026/10/05 02:03:26.637, 10126 MiB, 12 %
2026/10/05 02:04:26.691, 6908 MiB, 100 %
2026/10/05 02:05:26.799, 6635 MiB, 99 %
2026/10/05 02:06:26.849, 10125 MiB, 32 %
2026/10/05 02:07:26.891, 10125 MiB, 12 %
2026/10/05 02:08:26.934, 10125 MiB, 28 %
2026/10/05 02:09:26.976, 10125 MiB, 19 %
2026/10/05 02:10:27.019, 10125 MiB, 22 %
2026/10/05 02:11:27.062, 10126 MiB, 14 %
2026/10/05 02:12:27.103, 10126 MiB, 19 %
2026/10/05 02:13:27.144, 10126 MiB, 17 %
2026/10/05 02:14:27.186, 10125 MiB, 11 %
2026/10/05 02:15:27.228, 10125 MiB, 13 %
2026/10/05 02:16:27.273, 9231 MiB, 100 %
2026/10/05 02:17:27.317, 10797 MiB, 18 %
2026/10/05 02:18:27.360, 10818 MiB, 17 %
2026/10/05 02:19:27.406, 3875 MiB, 100 %
2026/10/05 02:20:27.444, 8198 MiB, 100 %
2026/10/05 02:21:27.492, 10818 MiB, 21 %
2026/10/05 02:22:27.533, 6846 MiB, 0 %
2026/10/05 02:23:27.586, 10821 MiB, 18 %
2026/10/05 02:24:27.628, 10822 MiB, 17 %
2026/10/05 02:25:27.671, 10819 MiB, 15 %
2026/10/05 02:26:27.712, 10818 MiB, 10 %
2026/10/05 02:27:27.753, 10226 MiB, 17 %
2026/10/05 02:28:27.795, 10227 MiB, 15 %
2026/10/05 02:29:27.836, 10228 MiB, 11 %
2026/10/05 02:30:27.883, 10203 MiB, 11 %
2026/10/05 02:31:27.929, 10199 MiB, 12 %
2026/10/05 02:32:27.976, 10223 MiB, 19 %
2026/10/05 02:33:28.016, 10224 MiB, 19 %
2026/10/05 02:34:28.056, 10231 MiB, 13 %
2026/10/05 02:35:28.097, 10203 MiB, 9 %
2026/10/05 02:36:28.141, 10203 MiB, 17 %
2026/10/05 02:37:28.183, 10129 MiB, 11 %
2026/10/05 02:38:28.225, 10129 MiB, 15 %
2026/10/05 02:39:28.268, 9269 MiB, 99 %
2026/10/05 02:40:28.314, 10129 MiB, 17 %
2026/10/05 02:41:28.353, 10132 MiB, 11 %
2026/10/05 02:42:28.397, 10129 MiB, 12 %
2026/10/05 02:43:28.440, 4 MiB, 0 %
2026/10/05 02:44:28.481, 4 MiB, 0 %
2026/10/05 02:45:28.524, 9334 MiB, 56 %
2026/10/05 02:46:28.565, 22860 MiB, 46 %
2026/10/05 02:47:28.608, 22859 MiB, 24 %
2026/10/05 02:48:28.649, 22859 MiB, 76 %
2026/10/05 02:49:28.693, 22859 MiB, 37 %
2026/10/05 02:50:28.735, 22859 MiB, 48 %
2026/10/05 02:51:28.778, 21426 MiB, 100 %
2026/10/05 02:52:28.833, 22859 MiB, 91 %
2026/10/05 02:53:28.875, 22859 MiB, 99 %
2026/10/05 02:54:28.918, 22859 MiB, 99 %
2026/10/05 02:55:28.962, 22860 MiB, 20 %
2026/10/05 02:56:29.005, 22859 MiB, 100 %
2026/10/05 02:57:29.046, 22859 MiB, 53 %
2026/10/05 02:58:29.090, 22859 MiB, 99 %
2026/10/05 02:59:29.132, 22860 MiB, 55 %
2026/10/05 03:00:29.175, 22859 MiB, 37 %
2026/10/05 03:01:29.217, 22859 MiB, 99 %
2026/10/05 03:02:29.258, 22859 MiB, 36 %
2026/10/05 03:03:29.293, 21426 MiB, 100 %
2026/10/05 03:04:29.333, 22859 MiB, 8 %
2026/10/05 03:05:29.374, 22859 MiB, 50 %
2026/10/05 03:06:29.412, 22859 MiB, 4 %
2026/10/05 03:07:29.455, 22859 MiB, 27 %
2026/10/05 03:08:29.499, 22859 MiB, 46 %
2026/10/05 03:09:29.540, 18400 MiB, 0 %
2026/10/05 03:10:29.581, 22504 MiB, 100 %
2026/10/05 03:11:29.643, 22504 MiB, 29 %
2026/10/05 03:12:29.689, 22504 MiB, 5 %
2026/10/05 03:13:29.729, 22504 MiB, 100 %
2026/10/05 03:14:29.765, 22505 MiB, 99 %
2026/10/05 03:15:29.808, 22505 MiB, 66 %
2026/10/05 03:16:29.854, 22505 MiB, 41 %
2026/10/05 03:17:29.903, 22490 MiB, 6 %
2026/10/05 03:18:29.948, 22490 MiB, 4 %
2026/10/05 03:19:29.992, 22487 MiB, 27 %
2026/10/05 03:20:30.043, 22487 MiB, 73 %
2026/10/05 03:21:30.090, 22488 MiB, 34 %
2026/10/05 03:22:30.409, 18400 MiB, 0 %
2026/10/05 03:23:30.454, 22502 MiB, 84 %
2026/10/05 03:24:30.497, 22502 MiB, 99 %
2026/10/05 03:25:30.550, 22502 MiB, 97 %
2026/10/05 03:26:30.597, 22502 MiB, 79 %
2026/10/05 03:27:30.638, 22503 MiB, 29 %
2026/10/05 03:28:30.682, 22507 MiB, 13 %
2026/10/05 03:29:30.724, 22507 MiB, 32 %
2026/10/05 03:30:30.775, 22490 MiB, 4 %
2026/10/05 03:31:30.825, 22490 MiB, 74 %
2026/10/05 03:32:30.870, 18400 MiB, 0 %
2026/10/05 03:33:30.913, 22490 MiB, 100 %
2026/10/05 03:34:30.957, 18496 MiB, 0 %
2026/10/05 03:35:31.000, 22445 MiB, 36 %
2026/10/05 03:36:31.042, 22447 MiB, 36 %
2026/10/05 03:37:31.085, 22450 MiB, 100 %
2026/10/05 03:38:31.128, 22446 MiB, 84 %
2026/10/05 03:39:31.168, 22447 MiB, 4 %
2026/10/05 03:40:31.211, 22446 MiB, 71 %
2026/10/05 03:41:31.253, 22449 MiB, 17 %
2026/10/05 03:42:31.299, 22184 MiB, 100 %
2026/10/05 03:43:31.350, 22445 MiB, 38 %
2026/10/05 03:44:31.392, 22446 MiB, 9 %
2026/10/05 03:45:31.439, 22447 MiB, 16 %
2026/10/05 03:46:31.482, 22446 MiB, 40 %
2026/10/05 03:47:31.529, 22447 MiB, 7 %
2026/10/05 03:48:31.578, 4 MiB, 0 %
2026/10/05 03:49:31.621, 4 MiB, 0 %
2026/10/05 03:50:31.662, 4 MiB, 0 %
2026/10/05 03:51:31.705, 22859 MiB, 28 %
2026/10/05 03:52:31.749, 22859 MiB, 100 %
2026/10/05 03:53:31.792, 22859 MiB, 89 %
2026/10/05 03:54:31.843, 22859 MiB, 100 %
2026/10/05 03:55:31.890, 22858 MiB, 100 %
2026/10/05 03:56:31.934, 22859 MiB, 2 %
2026/10/05 03:57:31.977, 22859 MiB, 17 %
2026/10/05 03:58:32.020, 22865 MiB, 47 %
2026/10/05 03:59:32.063, 22859 MiB, 77 %
2026/10/05 04:00:32.114, 22859 MiB, 69 %
2026/10/05 04:01:32.159, 22859 MiB, 98 %
2026/10/05 04:02:32.202, 22859 MiB, 66 %
2026/10/05 04:03:32.246, 22859 MiB, 100 %
2026/10/05 04:04:32.288, 22859 MiB, 38 %
2026/10/05 04:05:32.334, 21235 MiB, 86 %
2026/10/05 04:06:32.385, 22859 MiB, 6 %
2026/10/05 04:07:32.429, 22104 MiB, 99 %
2026/10/05 04:08:32.477, 22861 MiB, 35 %
2026/10/05 04:09:32.519, 22861 MiB, 6 %
2026/10/05 04:10:32.561, 22859 MiB, 37 %
2026/10/05 04:11:32.603, 22859 MiB, 70 %
2026/10/05 04:12:32.647, 22859 MiB, 39 %
2026/10/05 04:13:32.690, 22859 MiB, 59 %
2026/10/05 04:14:32.734, 22859 MiB, 39 %
2026/10/05 04:15:32.776, 22859 MiB, 36 %
2026/10/05 04:16:32.818, 22859 MiB, 86 %
2026/10/05 04:17:32.861, 22859 MiB, 26 %
2026/10/05 04:18:32.903, 22859 MiB, 17 %
2026/10/05 04:19:32.946, 22859 MiB, 100 %
2026/10/05 04:20:32.987, 22859 MiB, 32 %
2026/10/05 04:21:33.029, 22859 MiB, 70 %
2026/10/05 04:22:33.072, 22859 MiB, 5 %
2026/10/05 04:23:33.113, 22860 MiB, 100 %
2026/10/05 04:24:33.156, 22859 MiB, 85 %
2026/10/05 04:25:33.199, 22859 MiB, 9 %
2026/10/05 04:26:33.243, 22859 MiB, 20 %
2026/10/05 04:27:33.287, 22858 MiB, 13 %
2026/10/05 04:28:33.330, 20915 MiB, 100 %
2026/10/05 04:29:33.377, 22859 MiB, 100 %
2026/10/05 04:30:33.420, 22860 MiB, 5 %
2026/10/05 04:31:33.463, 22859 MiB, 17 %
2026/10/05 04:32:33.505, 22859 MiB, 95 %
2026/10/05 04:33:33.548, 22859 MiB, 37 %
2026/10/05 04:34:33.594, 22859 MiB, 100 %
2026/10/05 04:35:33.636, 22859 MiB, 99 %
2026/10/05 04:36:33.680, 22859 MiB, 37 %
2026/10/05 04:37:33.723, 22859 MiB, 81 %
2026/10/05 04:38:33.764, 22862 MiB, 45 %
2026/10/05 04:39:33.807, 22859 MiB, 34 %
2026/10/05 04:40:33.849, 22859 MiB, 39 %
2026/10/05 04:41:33.892, 22859 MiB, 17 %
2026/10/05 04:42:33.934, 22859 MiB, 42 %
2026/10/05 04:43:33.975, 18400 MiB, 0 %
2026/10/05 04:44:34.016, 22860 MiB, 92 %
2026/10/05 04:45:34.059, 22860 MiB, 98 %
2026/10/05 04:46:34.104, 22859 MiB, 99 %
2026/10/05 04:47:34.147, 22859 MiB, 46 %
2026/10/05 04:48:34.191, 22861 MiB, 33 %
2026/10/05 04:49:34.234, 22859 MiB, 89 %
2026/10/05 04:50:34.278, 22860 MiB, 42 %
2026/10/05 04:51:34.323, 22859 MiB, 85 %
2026/10/05 04:52:34.366, 22859 MiB, 94 %
2026/10/05 04:53:34.409, 22859 MiB, 86 %
2026/10/05 04:54:34.452, 22862 MiB, 91 %
2026/10/05 04:55:34.494, 22859 MiB, 24 %
2026/10/05 04:56:34.536, 22859 MiB, 80 %
2026/10/05 04:57:34.578, 22504 MiB, 37 %
2026/10/05 04:58:34.620, 22504 MiB, 100 %
2026/10/05 04:59:34.664, 22504 MiB, 50 %
2026/10/05 05:00:34.707, 22504 MiB, 86 %
2026/10/05 05:01:34.751, 22504 MiB, 87 %
2026/10/05 05:02:34.794, 22504 MiB, 83 %
2026/10/05 05:03:34.837, 22504 MiB, 16 %
2026/10/05 05:04:34.879, 22504 MiB, 97 %
2026/10/05 05:05:34.922, 22505 MiB, 97 %
2026/10/05 05:06:34.965, 22505 MiB, 29 %
2026/10/05 05:07:35.008, 22505 MiB, 37 %
2026/10/05 05:08:35.052, 22505 MiB, 4 %
2026/10/05 05:09:35.096, 22505 MiB, 3 %
2026/10/05 05:10:35.136, 22505 MiB, 100 %
2026/10/05 05:11:35.179, 21138 MiB, 0 %
2026/10/05 05:12:35.229, 22505 MiB, 46 %
2026/10/05 05:13:35.271, 22505 MiB, 70 %
2026/10/05 05:14:35.313, 18496 MiB, 0 %
2026/10/05 05:15:35.358, 22490 MiB, 38 %
2026/10/05 05:16:35.400, 22490 MiB, 63 %
2026/10/05 05:17:35.447, 22490 MiB, 5 %
2026/10/05 05:18:35.486, 22490 MiB, 4 %
2026/10/05 05:19:35.527, 22490 MiB, 40 %
2026/10/05 05:20:35.570, 22490 MiB, 29 %
2026/10/05 05:21:35.614, 22490 MiB, 78 %
2026/10/05 05:22:35.654, 22487 MiB, 38 %
2026/10/05 05:23:35.696, 22487 MiB, 37 %
2026/10/05 05:24:35.738, 22488 MiB, 31 %
2026/10/05 05:25:35.779, 22488 MiB, 100 %
2026/10/05 05:26:35.823, 22488 MiB, 87 %
2026/10/05 05:27:35.867, 22488 MiB, 85 %
2026/10/05 05:28:35.953, 21050 MiB, 68 %
2026/10/05 05:29:36.001, 22502 MiB, 76 %
2026/10/05 05:30:36.044, 22502 MiB, 58 %
2026/10/05 05:31:36.086, 22502 MiB, 80 %
2026/10/05 05:32:36.127, 22502 MiB, 98 %
2026/10/05 05:33:36.170, 22502 MiB, 100 %
2026/10/05 05:34:36.214, 22502 MiB, 83 %
2026/10/05 05:35:36.260, 22502 MiB, 88 %
2026/10/05 05:36:36.303, 22503 MiB, 25 %
2026/10/05 05:37:36.346, 22503 MiB, 62 %
2026/10/05 05:38:36.390, 22503 MiB, 85 %
2026/10/05 05:39:36.432, 22503 MiB, 46 %
2026/10/05 05:40:36.474, 22503 MiB, 86 %
2026/10/05 05:41:36.516, 22507 MiB, 83 %
2026/10/05 05:42:36.560, 22507 MiB, 100 %
2026/10/05 05:43:36.603, 22507 MiB, 17 %
2026/10/05 05:44:36.648, 22507 MiB, 46 %
2026/10/05 05:45:36.691, 22507 MiB, 93 %
2026/10/05 05:46:36.734, 22507 MiB, 34 %
2026/10/05 05:47:36.780, 22507 MiB, 98 %
2026/10/05 05:48:36.823, 22490 MiB, 100 %
2026/10/05 05:49:36.867, 22490 MiB, 43 %
2026/10/05 05:50:36.911, 22490 MiB, 35 %
2026/10/05 05:51:36.953, 22490 MiB, 98 %
2026/10/05 05:52:36.997, 22343 MiB, 99 %
2026/10/05 05:53:37.040, 22490 MiB, 36 %
2026/10/05 05:54:37.083, 22490 MiB, 20 %
2026/10/05 05:55:37.125, 22490 MiB, 85 %
2026/10/05 05:56:37.169, 22490 MiB, 88 %
2026/10/05 05:57:37.212, 22490 MiB, 40 %
2026/10/05 05:58:37.255, 22490 MiB, 37 %
2026/10/05 05:59:37.402, 19536 MiB, 34 %
2026/10/05 06:00:37.479, 22447 MiB, 33 %
2026/10/05 06:01:37.523, 22446 MiB, 28 %
2026/10/05 06:02:37.564, 22447 MiB, 14 %
2026/10/05 06:03:37.610, 22447 MiB, 26 %
2026/10/05 06:04:37.653, 22446 MiB, 7 %
2026/10/05 06:05:37.696, 22445 MiB, 44 %
2026/10/05 06:06:37.736, 22446 MiB, 19 %
2026/10/05 06:07:37.781, 22446 MiB, 29 %
2026/10/05 06:08:37.826, 22449 MiB, 96 %
2026/10/05 06:09:37.870, 22446 MiB, 6 %
2026/10/05 06:10:37.914, 22446 MiB, 37 %
2026/10/05 06:11:37.957, 22449 MiB, 47 %
2026/10/05 06:12:37.999, 22449 MiB, 45 %
2026/10/05 06:13:38.043, 22449 MiB, 64 %
2026/10/05 06:14:38.086, 22446 MiB, 37 %
2026/10/05 06:15:38.130, 22446 MiB, 43 %
2026/10/05 06:16:38.197, 19859 MiB, 56 %
2026/10/05 06:17:38.247, 22446 MiB, 51 %
2026/10/05 06:18:38.289, 22446 MiB, 7 %
2026/10/05 06:19:38.333, 22446 MiB, 88 %
2026/10/05 06:20:38.375, 22446 MiB, 100 %
2026/10/05 06:21:38.416, 22446 MiB, 29 %
2026/10/05 06:22:38.458, 22447 MiB, 22 %
2026/10/05 06:23:38.502, 22449 MiB, 7 %
2026/10/05 06:24:38.544, 22446 MiB, 33 %
2026/10/05 06:25:38.587, 22446 MiB, 67 %
2026/10/05 06:26:38.630, 22446 MiB, 100 %
2026/10/05 06:27:38.677, 22446 MiB, 94 %
2026/10/05 06:28:38.721, 18400 MiB, 0 %
2026/10/05 06:29:38.809, 18496 MiB, 21 %
2026/10/05 06:30:38.855, 22447 MiB, 9 %
2026/10/05 06:31:38.897, 22444 MiB, 65 %
2026/10/05 06:32:38.942, 22447 MiB, 83 %
2026/10/05 06:33:38.986, 22446 MiB, 100 %
2026/10/05 06:34:39.028, 22449 MiB, 46 %
2026/10/05 06:35:39.068, 4 MiB, 0 %
2026/10/05 06:36:39.102, 10772 MiB, 9 %
2026/10/05 06:37:39.144, 5059 MiB, 96 %
2026/10/05 06:38:39.193, 10772 MiB, 28 %
2026/10/05 06:39:39.236, 10772 MiB, 10 %
2026/10/05 06:40:39.279, 3340 MiB, 0 %
2026/10/05 06:41:39.322, 10813 MiB, 11 %
2026/10/05 06:42:39.365, 6998 MiB, 15 %
2026/10/05 06:43:39.402, 10813 MiB, 12 %
2026/10/05 06:44:39.444, 10221 MiB, 27 %
2026/10/05 06:45:39.487, 10222 MiB, 11 %
2026/10/05 06:46:39.521, 10193 MiB, 17 %
2026/10/05 06:47:39.571, 3541 MiB, 13 %
2026/10/05 06:48:39.616, 10225 MiB, 25 %
2026/10/05 06:49:39.928, 3380 MiB, 0 %
2026/10/05 06:50:39.971, 10128 MiB, 12 %
2026/10/05 06:51:40.014, 10136 MiB, 12 %
2026/10/05 06:52:40.056, 10141 MiB, 7 %
2026/10/05 06:53:40.097, 10135 MiB, 13 %
2026/10/05 06:54:40.140, 1 MiB, 0 %
2026/10/05 06:55:40.180, 10796 MiB, 17 %
2026/10/05 06:56:40.223, 10452 MiB, 100 %
2026/10/05 06:57:40.273, 3364 MiB, 0 %
2026/10/05 06:58:40.313, 10796 MiB, 15 %
2026/10/05 06:59:40.355, 10642 MiB, 100 %
2026/10/05 07:00:40.398, 10815 MiB, 24 %
2026/10/05 07:01:40.441, 3382 MiB, 0 %
2026/10/05 07:02:40.482, 10815 MiB, 20 %
2026/10/05 07:03:40.523, 10815 MiB, 8 %
2026/10/05 07:04:40.567, 6755 MiB, 69 %
2026/10/05 07:05:40.611, 10814 MiB, 7 %
2026/10/05 07:06:40.648, 10813 MiB, 14 %
2026/10/05 07:07:40.691, 10817 MiB, 35 %
2026/10/05 07:08:40.725, 10814 MiB, 9 %
2026/10/05 07:09:40.831, 10222 MiB, 0 %
2026/10/05 07:10:40.868, 10223 MiB, 11 %
2026/10/05 07:11:40.910, 10224 MiB, 17 %
2026/10/05 07:12:40.952, 4349 MiB, 47 %
2026/10/05 07:13:41.002, 10199 MiB, 17 %
2026/10/05 07:14:41.058, 10195 MiB, 41 %
2026/10/05 07:15:41.103, 10219 MiB, 18 %
2026/10/05 07:16:41.146, 10219 MiB, 18 %
2026/10/05 07:17:41.185, 10220 MiB, 24 %
2026/10/05 07:18:41.228, 10227 MiB, 17 %
2026/10/05 07:19:41.264, 10199 MiB, 11 %
2026/10/05 07:20:41.306, 10199 MiB, 14 %
2026/10/05 07:21:41.348, 10126 MiB, 20 %
2026/10/05 07:22:41.382, 10124 MiB, 100 %
2026/10/05 07:23:41.449, 3392 MiB, 0 %
2026/10/05 07:24:41.500, 10126 MiB, 16 %
2026/10/05 07:25:41.533, 10125 MiB, 16 %
2026/10/05 07:26:41.568, 10126 MiB, 16 %
2026/10/05 07:27:41.606, 10126 MiB, 20 %
2026/10/05 07:28:41.638, 1 MiB, 0 %
2026/10/05 07:29:41.670, 4 MiB, 0 %
2026/10/05 07:30:41.756, 4 MiB, 0 %
2026/10/05 07:31:41.848, 22770 MiB, 100 %
2026/10/05 07:32:41.956, 22859 MiB, 86 %
2026/10/05 07:33:41.998, 22859 MiB, 100 %
2026/10/05 07:34:42.034, 22865 MiB, 99 %
2026/10/05 07:35:42.073, 22859 MiB, 99 %
2026/10/05 07:36:42.117, 18400 MiB, 0 %
2026/10/05 07:37:42.149, 22859 MiB, 83 %
2026/10/05 07:38:42.245, 18732 MiB, 0 %
2026/10/05 07:39:42.296, 22859 MiB, 100 %
2026/10/05 07:40:42.339, 22859 MiB, 4 %
2026/10/05 07:41:42.383, 22860 MiB, 9 %
2026/10/05 07:42:42.427, 22504 MiB, 6 %
2026/10/05 07:43:42.472, 22504 MiB, 100 %
2026/10/05 07:44:42.514, 22505 MiB, 100 %
2026/10/05 07:45:42.556, 22490 MiB, 8 %
2026/10/05 07:46:42.600, 18496 MiB, 9 %
2026/10/05 07:47:42.642, 22502 MiB, 36 %
2026/10/05 07:48:42.684, 22502 MiB, 8 %
2026/10/05 07:49:42.728, 22507 MiB, 22 %
2026/10/05 07:50:42.770, 22490 MiB, 73 %
2026/10/05 07:51:42.813, 22490 MiB, 41 %
2026/10/05 07:52:42.857, 22445 MiB, 81 %
2026/10/05 07:53:42.894, 22447 MiB, 9 %
2026/10/05 07:54:42.940, 21985 MiB, 8 %
2026/10/05 07:55:42.990, 22447 MiB, 7 %
2026/10/05 07:56:43.024, 22450 MiB, 100 %
2026/10/05 07:57:43.063, 22447 MiB, 61 %
2026/10/05 07:58:43.236, 4 MiB, 0 %
2026/10/05 07:59:43.280, 4 MiB, 0 %
2026/10/05 08:00:43.321, 4 MiB, 0 %
2026/10/05 08:01:43.362, 22767 MiB, 100 %
2026/10/05 08:02:43.405, 22767 MiB, 5 %
2026/10/05 08:03:43.464, 19200 MiB, 100 %
2026/10/05 08:04:43.540, 22858 MiB, 100 %
2026/10/05 08:05:43.583, 22859 MiB, 19 %
2026/10/05 08:06:43.632, 22859 MiB, 7 %
2026/10/05 08:07:43.680, 21426 MiB, 94 %
2026/10/05 08:08:43.728, 22859 MiB, 74 %
2026/10/05 08:09:43.763, 22858 MiB, 100 %
2026/10/05 08:10:43.802, 22862 MiB, 100 %
2026/10/05 08:11:43.837, 22859 MiB, 100 %
2026/10/05 08:12:43.872, 22859 MiB, 100 %
2026/10/05 08:13:43.956, 22859 MiB, 24 %
2026/10/05 08:14:43.988, 22859 MiB, 42 %
2026/10/05 08:15:44.029, 22860 MiB, 47 %
2026/10/05 08:16:44.060, 22859 MiB, 5 %
2026/10/05 08:17:44.094, 19204 MiB, 99 %
2026/10/05 08:18:44.132, 22859 MiB, 49 %
2026/10/05 08:19:44.164, 22859 MiB, 62 %
2026/10/05 08:20:44.197, 22862 MiB, 56 %
2026/10/05 08:21:44.240, 22859 MiB, 100 %
2026/10/05 08:22:44.282, 22858 MiB, 29 %
2026/10/05 08:23:44.322, 22859 MiB, 20 %
2026/10/05 08:24:44.353, 22859 MiB, 100 %
2026/10/05 08:25:44.385, 22504 MiB, 100 %
2026/10/05 08:26:44.430, 22504 MiB, 95 %
2026/10/05 08:27:44.462, 18496 MiB, 19 %
2026/10/05 08:28:44.493, 22504 MiB, 100 %
2026/10/05 08:29:44.540, 22505 MiB, 72 %
2026/10/05 08:30:44.581, 22505 MiB, 100 %
2026/10/05 08:31:44.621, 22490 MiB, 100 %
2026/10/05 08:32:44.653, 22490 MiB, 100 %
2026/10/05 08:33:44.692, 22490 MiB, 100 %
2026/10/05 08:34:44.733, 22488 MiB, 99 %
2026/10/05 08:35:44.767, 22488 MiB, 43 %
2026/10/05 08:36:44.808, 18496 MiB, 72 %
2026/10/05 08:37:44.841, 22502 MiB, 100 %
2026/10/05 08:38:44.872, 22503 MiB, 99 %
2026/10/05 08:39:44.912, 22503 MiB, 8 %
2026/10/05 08:40:44.945, 22507 MiB, 75 %
2026/10/05 08:41:44.977, 18496 MiB, 100 %
2026/10/05 08:42:45.011, 22507 MiB, 45 %
2026/10/05 08:43:45.051, 22490 MiB, 4 %
2026/10/05 08:44:45.093, 22490 MiB, 21 %
2026/10/05 08:45:45.128, 22490 MiB, 7 %
2026/10/05 08:46:45.161, 22490 MiB, 100 %
2026/10/05 08:47:45.203, 22445 MiB, 72 %
2026/10/05 08:48:45.247, 22446 MiB, 66 %
2026/10/05 08:49:45.291, 22449 MiB, 14 %
2026/10/05 08:50:45.333, 22446 MiB, 87 %
2026/10/05 08:51:45.390, 20155 MiB, 99 %
2026/10/05 08:52:45.433, 22444 MiB, 53 %
2026/10/05 08:53:45.476, 18400 MiB, 0 %
2026/10/05 08:54:45.512, 22446 MiB, 7 %
2026/10/05 08:55:45.543, 22447 MiB, 7 %
2026/10/05 08:56:45.575, 22445 MiB, 90 %
2026/10/05 08:57:45.615, 22446 MiB, 29 %
2026/10/05 08:58:45.660, 22445 MiB, 100 %
2026/10/05 08:59:45.704, 22444 MiB, 100 %
2026/10/05 09:00:45.744, 22447 MiB, 100 %
