2026/10/03 20:52:43.626, 22269 MiB, 24564 MiB, 63 %
2026/10/03 20:52:48.668, 22269 MiB, 24564 MiB, 5 %
2026/10/03 20:52:53.714, 17810 MiB, 24564 MiB, 0 %
2026/10/03 20:52:58.757, 19995 MiB, 24564 MiB, 100 %
2026/10/03 20:53:03.797, 22269 MiB, 24564 MiB, 39 %
2026/10/03 20:53:08.840, 22270 MiB, 24564 MiB, 100 %
2026/10/03 20:53:13.885, 22270 MiB, 24564 MiB, 64 %
2026/10/03 20:53:18.929, 22270 MiB, 24564 MiB, 10 %
2026/10/03 20:53:23.971, 17916 MiB, 24564 MiB, 0 %
2026/10/03 20:53:29.012, 20797 MiB, 24564 MiB, 100 %
2026/10/03 20:53:34.054, 22377 MiB, 24564 MiB, 98 %
2026/10/03 20:53:39.097, 22378 MiB, 24564 MiB, 28 %
2026/10/03 20:53:44.137, 22378 MiB, 24564 MiB, 66 %
2026/10/03 20:53:49.181, 17916 MiB, 24564 MiB, 0 %
2026/10/03 20:53:54.226, 18587 MiB, 24564 MiB, 74 %
2026/10/03 20:53:59.281, 22373 MiB, 24564 MiB, 95 %
2026/10/03 20:54:04.323, 22375 MiB, 24564 MiB, 59 %
2026/10/03 20:54:09.366, 22375 MiB, 24564 MiB, 63 %
2026/10/03 20:54:14.410, 18012 MiB, 24564 MiB, 0 %
2026/10/03 20:54:19.456, 19680 MiB, 24564 MiB, 28 %
2026/10/03 20:54:24.502, 18739 MiB, 24564 MiB, 91 %
2026/10/03 20:54:29.546, 22375 MiB, 24564 MiB, 69 %
2026/10/03 20:54:34.590, 22375 MiB, 24564 MiB, 4 %
2026/10/03 20:54:39.632, 22375 MiB, 24564 MiB, 100 %
2026/10/03 20:54:44.675, 17916 MiB, 24564 MiB, 0 %
2026/10/03 20:54:49.715, 21705 MiB, 24564 MiB, 100 %
2026/10/03 20:54:54.759, 21419 MiB, 24564 MiB, 56 %
2026/10/03 20:54:59.810, 22376 MiB, 24564 MiB, 99 %
2026/10/03 20:55:04.865, 22376 MiB, 24564 MiB, 4 %
2026/10/03 20:55:09.942, 17916 MiB, 24564 MiB, 0 %
2026/10/03 20:55:14.985, 20715 MiB, 24564 MiB, 5 %
2026/10/03 20:55:20.040, 22335 MiB, 24564 MiB, 93 %
2026/10/03 20:55:25.082, 22375 MiB, 24564 MiB, 47 %
2026/10/03 20:55:30.125, 22375 MiB, 24564 MiB, 6 %
2026/10/03 20:55:35.156, 22375 MiB, 24564 MiB, 92 %
2026/10/03 20:55:40.198, 17916 MiB, 24564 MiB, 0 %
2026/10/03 20:55:45.244, 19833 MiB, 24564 MiB, 95 %
2026/10/03 20:55:50.293, 22020 MiB, 24564 MiB, 6 %
2026/10/03 20:55:55.336, 22020 MiB, 24564 MiB, 46 %
2026/10/03 20:56:00.368, 22020 MiB, 24564 MiB, 100 %
2026/10/03 20:56:05.409, 22020 MiB, 24564 MiB, 88 %
2026/10/03 20:56:10.451, 17916 MiB, 24564 MiB, 0 %
2026/10/03 20:56:15.495, 20275 MiB, 24564 MiB, 100 %
2026/10/03 20:56:20.635, 22020 MiB, 24564 MiB, 100 %
2026/10/03 20:56:25.680, 22020 MiB, 24564 MiB, 94 %
2026/10/03 20:56:30.724, 22020 MiB, 24564 MiB, 9 %
2026/10/03 20:56:35.767, 17916 MiB, 24564 MiB, 0 %
2026/10/03 20:56:40.810, 18626 MiB, 24564 MiB, 0 %
2026/10/03 20:56:45.856, 22021 MiB, 24564 MiB, 100 %
2026/10/03 20:56:50.899, 22021 MiB, 24564 MiB, 54 %
2026/10/03 20:56:55.943, 22021 MiB, 24564 MiB, 67 %
2026/10/03 20:57:00.986, 17916 MiB, 24564 MiB, 0 %
2026/10/03 20:57:06.020, 20511 MiB, 24564 MiB, 100 %
2026/10/03 20:57:11.060, 22006 MiB, 24564 MiB, 4 %
2026/10/03 20:57:16.102, 22006 MiB, 24564 MiB, 100 %
2026/10/03 20:57:21.145, 22006 MiB, 24564 MiB, 100 %
2026/10/03 20:57:26.189, 22006 MiB, 24564 MiB, 26 %
2026/10/03 20:57:31.230, 17916 MiB, 24564 MiB, 0 %
2026/10/03 20:57:36.268, 19378 MiB, 24564 MiB, 7 %
2026/10/03 20:57:41.313, 22003 MiB, 24564 MiB, 100 %
2026/10/03 20:57:46.356, 22003 MiB, 24564 MiB, 100 %
2026/10/03 20:57:51.398, 22003 MiB, 24564 MiB, 99 %
2026/10/03 20:57:56.441, 17916 MiB, 24564 MiB, 1 %
2026/10/03 20:58:01.485, 20440 MiB, 24564 MiB, 97 %
2026/10/03 20:58:06.539, 22018 MiB, 24564 MiB, 32 %
2026/10/03 20:58:11.579, 22018 MiB, 24564 MiB, 45 %
2026/10/03 20:58:16.623, 22018 MiB, 24564 MiB, 63 %
2026/10/03 20:58:21.668, 22018 MiB, 24564 MiB, 81 %
2026/10/03 20:58:26.712, 17916 MiB, 24564 MiB, 0 %
2026/10/03 20:58:31.758, 19289 MiB, 24564 MiB, 82 %
2026/10/03 20:58:36.813, 22018 MiB, 24564 MiB, 34 %
2026/10/03 20:58:41.857, 22018 MiB, 24564 MiB, 92 %
2026/10/03 20:58:46.901, 22018 MiB, 24564 MiB, 94 %
2026/10/03 20:58:51.944, 22018 MiB, 24564 MiB, 100 %
2026/10/03 20:58:56.988, 17916 MiB, 24564 MiB, 0 %
2026/10/03 20:59:02.030, 20400 MiB, 24564 MiB, 49 %
2026/10/03 20:59:07.076, 22023 MiB, 24564 MiB, 100 %
2026/10/03 20:59:12.120, 22023 MiB, 24564 MiB, 63 %
2026/10/03 20:59:17.162, 22023 MiB, 24564 MiB, 6 %
2026/10/03 20:59:22.204, 22023 MiB, 24564 MiB, 74 %
2026/10/03 20:59:27.238, 17916 MiB, 24564 MiB, 0 %
2026/10/03 20:59:32.279, 20557 MiB, 24564 MiB, 100 %
2026/10/03 20:59:37.324, 22006 MiB, 24564 MiB, 26 %
2026/10/03 20:59:42.359, 22006 MiB, 24564 MiB, 78 %
2026/10/03 20:59:47.398, 22006 MiB, 24564 MiB, 100 %
2026/10/03 20:59:52.442, 17916 MiB, 24564 MiB, 1 %
2026/10/03 20:59:57.476, 20208 MiB, 24564 MiB, 68 %
2026/10/03 21:00:02.526, 22006 MiB, 24564 MiB, 86 %
2026/10/03 21:00:07.568, 22006 MiB, 24564 MiB, 52 %
2026/10/03 21:00:12.609, 22006 MiB, 24564 MiB, 100 %
2026/10/03 21:00:17.700, 18062 MiB, 24564 MiB, 99 %
2026/10/03 21:00:22.898, 18481 MiB, 24564 MiB, 0 %
2026/10/03 21:00:27.979, 21499 MiB, 24564 MiB, 2 %
2026/10/03 21:00:33.030, 21961 MiB, 24564 MiB, 100 %
2026/10/03 21:00:38.072, 21961 MiB, 24564 MiB, 29 %
2026/10/03 21:00:43.116, 17916 MiB, 24564 MiB, 0 %
2026/10/03 21:00:48.190, 19826 MiB, 24564 MiB, 99 %
2026/10/03 21:00:53.241, 21963 MiB, 24564 MiB, 9 %
2026/10/03 21:00:58.281, 21963 MiB, 24564 MiB, 65 %
2026/10/03 21:01:03.357, 17916 MiB, 24564 MiB, 0 %
2026/10/03 21:01:08.401, 20650 MiB, 24564 MiB, 100 %
2026/10/03 21:01:13.451, 21960 MiB, 24564 MiB, 7 %
2026/10/03 21:01:18.489, 21961 MiB, 24564 MiB, 74 %
2026/10/03 21:01:23.530, 21961 MiB, 24564 MiB, 100 %
2026/10/03 21:01:28.572, 17916 MiB, 24564 MiB, 0 %
2026/10/03 21:01:33.614, 19685 MiB, 24564 MiB, 100 %
2026/10/03 21:01:38.665, 21963 MiB, 24564 MiB, 0 %
2026/10/03 21:01:43.708, 21963 MiB, 24564 MiB, 30 %
2026/10/03 21:01:48.743, 17916 MiB, 24564 MiB, 0 %
2026/10/03 21:01:53.784, 18012 MiB, 24564 MiB, 100 %
2026/10/03 21:01:58.826, 21963 MiB, 24564 MiB, 100 %
2026/10/03 21:02:03.871, 21963 MiB, 24564 MiB, 14 %
2026/10/03 21:02:09.094, 17916 MiB, 24564 MiB, 32 %
2026/10/03 21:02:14.138, 20520 MiB, 24564 MiB, 31 %
2026/10/03 21:02:19.193, 21963 MiB, 24564 MiB, 7 %
2026/10/03 21:02:24.235, 21965 MiB, 24564 MiB, 6 %
2026/10/03 21:02:29.278, 21965 MiB, 24564 MiB, 77 %
2026/10/03 21:02:34.332, 21965 MiB, 24564 MiB, 6 %
2026/10/03 21:02:39.376, 21965 MiB, 24564 MiB, 25 %
2026/10/03 21:02:44.418, 21965 MiB, 24564 MiB, 7 %
2026/10/03 21:02:49.461, 17916 MiB, 24564 MiB, 0 %
2026/10/03 21:02:54.504, 1 MiB, 24564 MiB, 0 %
2026/10/03 21:02:59.553, 4 MiB, 24564 MiB, 0 %
2026/10/03 21:03:04.648, 4 MiB, 24564 MiB, 0 %
2026/10/03 21:03:09.690, 4 MiB, 24564 MiB, 0 %
2026/10/03 21:03:14.733, 4 MiB, 24564 MiB, 0 %
2026/10/03 21:03:19.776, 4 MiB, 24564 MiB, 0 %
2026/10/03 21:03:24.817, 4 MiB, 24564 MiB, 0 %
2026/10/03 21:03:29.858, 4 MiB, 24564 MiB, 0 %
2026/10/03 21:03:34.900, 4 MiB, 24564 MiB, 0 %
2026/10/03 21:03:39.944, 4 MiB, 24564 MiB, 0 %
2026/10/03 21:03:45.049, 4 MiB, 24564 MiB, 0 %
2026/10/03 21:03:50.141, 4 MiB, 24564 MiB, 0 %
2026/10/03 21:03:55.184, 4 MiB, 24564 MiB, 0 %
2026/10/03 21:04:00.226, 4 MiB, 24564 MiB, 0 %
2026/10/03 21:04:05.269, 4 MiB, 24564 MiB, 0 %
2026/10/03 21:04:10.312, 4 MiB, 24564 MiB, 0 %
2026/10/03 21:04:15.355, 4 MiB, 24564 MiB, 0 %
2026/10/03 21:04:20.398, 4 MiB, 24564 MiB, 0 %
2026/10/03 21:04:25.441, 4 MiB, 24564 MiB, 0 %
2026/10/03 21:04:30.482, 4 MiB, 24564 MiB, 0 %
2026/10/03 21:04:35.524, 4 MiB, 24564 MiB, 0 %
2026/10/03 21:04:40.566, 4 MiB, 24564 MiB, 0 %
2026/10/03 21:04:45.608, 4 MiB, 24564 MiB, 0 %
2026/10/03 21:04:50.651, 4 MiB, 24564 MiB, 0 %
2026/10/03 21:04:55.693, 4 MiB, 24564 MiB, 0 %
2026/10/03 21:05:00.735, 4 MiB, 24564 MiB, 0 %
2026/10/03 21:05:05.775, 4 MiB, 24564 MiB, 0 %
2026/10/03 21:05:10.855, 4 MiB, 24564 MiB, 0 %
2026/10/03 21:05:16.033, 4 MiB, 24564 MiB, 0 %
2026/10/03 21:05:21.245, 9546 MiB, 24564 MiB, 14 %
2026/10/03 21:05:26.364, 16800 MiB, 24564 MiB, 0 %
2026/10/03 21:05:31.410, 17157 MiB, 24564 MiB, 42 %
2026/10/03 21:05:36.457, 22262 MiB, 24564 MiB, 84 %
2026/10/03 21:05:41.500, 22269 MiB, 24564 MiB, 51 %
2026/10/03 21:05:46.544, 22269 MiB, 24564 MiB, 100 %
2026/10/03 21:05:51.587, 22269 MiB, 24564 MiB, 4 %
2026/10/03 21:05:56.630, 22375 MiB, 24564 MiB, 5 %
2026/10/03 21:06:01.670, 22375 MiB, 24564 MiB, 4 %
2026/10/03 21:06:06.713, 17916 MiB, 24564 MiB, 0 %
2026/10/03 21:06:11.755, 21904 MiB, 24564 MiB, 100 %
2026/10/03 21:06:16.798, 22373 MiB, 24564 MiB, 100 %
2026/10/03 21:06:21.841, 22375 MiB, 24564 MiB, 20 %
2026/10/03 21:06:26.884, 22375 MiB, 24564 MiB, 42 %
2026/10/03 21:06:31.927, 22375 MiB, 24564 MiB, 5 %
2026/10/03 21:06:36.971, 17916 MiB, 24564 MiB, 0 %
2026/10/03 21:06:42.012, 18012 MiB, 24564 MiB, 100 %
2026/10/03 21:06:47.060, 22375 MiB, 24564 MiB, 100 %
2026/10/03 21:06:52.105, 22376 MiB, 24564 MiB, 46 %
2026/10/03 21:06:57.149, 22376 MiB, 24564 MiB, 5 %
2026/10/03 21:07:02.184, 22376 MiB, 24564 MiB, 84 %
2026/10/03 21:07:07.228, 22376 MiB, 24564 MiB, 36 %
2026/10/03 21:07:12.272, 22376 MiB, 24564 MiB, 89 %
2026/10/03 21:07:17.316, 17916 MiB, 24564 MiB, 0 %
2026/10/03 21:07:22.348, 21494 MiB, 24564 MiB, 47 %
2026/10/03 21:07:27.388, 22375 MiB, 24564 MiB, 3 %
2026/10/03 21:07:32.431, 22376 MiB, 24564 MiB, 100 %
2026/10/03 21:07:37.473, 22376 MiB, 24564 MiB, 96 %
2026/10/03 21:07:42.515, 17916 MiB, 24564 MiB, 0 %
2026/10/03 21:07:47.561, 19410 MiB, 24564 MiB, 21 %
2026/10/03 21:07:52.609, 22376 MiB, 24564 MiB, 51 %
2026/10/03 21:07:57.656, 22376 MiB, 24564 MiB, 4 %
2026/10/03 21:08:02.702, 22376 MiB, 24564 MiB, 83 %
2026/10/03 21:08:07.746, 22376 MiB, 24564 MiB, 100 %
2026/10/03 21:08:12.796, 22376 MiB, 24564 MiB, 99 %
2026/10/03 21:08:17.850, 22376 MiB, 24564 MiB, 4 %
2026/10/03 21:08:22.896, 22376 MiB, 24564 MiB, 49 %
2026/10/03 21:08:27.939, 17916 MiB, 24564 MiB, 0 %
2026/10/03 21:08:33.020, 18656 MiB, 24564 MiB, 46 %
2026/10/03 21:08:38.097, 22375 MiB, 24564 MiB, 46 %
2026/10/03 21:08:43.140, 22375 MiB, 24564 MiB, 48 %
2026/10/03 21:08:48.185, 22375 MiB, 24564 MiB, 6 %
2026/10/03 21:08:53.221, 22375 MiB, 24564 MiB, 36 %
2026/10/03 21:08:58.263, 22375 MiB, 24564 MiB, 99 %
2026/10/03 21:09:03.307, 22375 MiB, 24564 MiB, 36 %
2026/10/03 21:09:08.351, 17916 MiB, 24564 MiB, 0 %
2026/10/03 21:09:13.397, 20377 MiB, 24564 MiB, 100 %
2026/10/03 21:09:18.448, 22375 MiB, 24564 MiB, 99 %
2026/10/03 21:09:23.494, 22375 MiB, 24564 MiB, 11 %
2026/10/03 21:09:28.536, 22375 MiB, 24564 MiB, 99 %
2026/10/03 21:09:33.581, 22375 MiB, 24564 MiB, 89 %
2026/10/03 21:09:38.624, 22375 MiB, 24564 MiB, 76 %
2026/10/03 21:09:43.659, 22375 MiB, 24564 MiB, 92 %
2026/10/03 21:09:48.700, 17916 MiB, 24564 MiB, 0 %
2026/10/03 21:09:53.745, 19917 MiB, 24564 MiB, 50 %
2026/10/03 21:09:58.940, 22376 MiB, 24564 MiB, 100 %
2026/10/03 21:10:03.986, 22376 MiB, 24564 MiB, 4 %
2026/10/03 21:10:09.030, 22376 MiB, 24564 MiB, 5 %
2026/10/03 21:10:14.096, 18012 MiB, 24564 MiB, 34 %
2026/10/03 21:10:19.199, 18153 MiB, 24564 MiB, 1 %
2026/10/03 21:10:24.284, 19027 MiB, 24564 MiB, 69 %
2026/10/03 21:10:29.335, 22376 MiB, 24564 MiB, 90 %
2026/10/03 21:10:34.379, 22376 MiB, 24564 MiB, 100 %
2026/10/03 21:10:39.422, 22376 MiB, 24564 MiB, 73 %
2026/10/03 21:10:44.463, 22376 MiB, 24564 MiB, 8 %
2026/10/03 21:10:49.507, 22376 MiB, 24564 MiB, 72 %
2026/10/03 21:10:54.552, 18013 MiB, 24564 MiB, 39 %
2026/10/03 21:10:59.596, 19428 MiB, 24564 MiB, 0 %
2026/10/03 21:11:04.637, 19466 MiB, 24564 MiB, 95 %
2026/10/03 21:11:09.763, 22375 MiB, 24564 MiB, 66 %
2026/10/03 21:11:14.807, 22375 MiB, 24564 MiB, 100 %
2026/10/03 21:11:19.849, 22375 MiB, 24564 MiB, 65 %
2026/10/03 21:11:24.893, 22375 MiB, 24564 MiB, 79 %
2026/10/03 21:11:29.938, 22375 MiB, 24564 MiB, 36 %
2026/10/03 21:11:34.982, 17916 MiB, 24564 MiB, 0 %
2026/10/03 21:11:40.025, 21136 MiB, 24564 MiB, 100 %
2026/10/03 21:11:45.067, 22020 MiB, 24564 MiB, 100 %
2026/10/03 21:11:50.110, 22020 MiB, 24564 MiB, 100 %
2026/10/03 21:11:55.152, 22020 MiB, 24564 MiB, 7 %
2026/10/03 21:12:00.194, 22020 MiB, 24564 MiB, 73 %
2026/10/03 21:12:05.238, 22020 MiB, 24564 MiB, 6 %
2026/10/03 21:12:10.272, 17916 MiB, 24564 MiB, 0 %
2026/10/03 21:12:15.324, 18234 MiB, 24564 MiB, 82 %
2026/10/03 21:12:20.383, 22020 MiB, 24564 MiB, 68 %
2026/10/03 21:12:25.427, 22020 MiB, 24564 MiB, 46 %
2026/10/03 21:12:30.470, 22020 MiB, 24564 MiB, 62 %
2026/10/03 21:12:35.514, 22020 MiB, 24564 MiB, 12 %
2026/10/03 21:12:40.557, 17916 MiB, 24564 MiB, 0 %
2026/10/03 21:12:45.599, 20093 MiB, 24564 MiB, 83 %
2026/10/03 21:12:50.646, 22021 MiB, 24564 MiB, 7 %
2026/10/03 21:12:55.690, 22021 MiB, 24564 MiB, 25 %
2026/10/03 21:13:00.735, 22021 MiB, 24564 MiB, 71 %
2026/10/03 21:13:05.779, 22021 MiB, 24564 MiB, 7 %
2026/10/03 21:13:10.821, 22021 MiB, 24564 MiB, 42 %
2026/10/03 21:13:15.863, 17916 MiB, 24564 MiB, 0 %
2026/10/03 21:13:20.907, 21136 MiB, 24564 MiB, 100 %
2026/10/03 21:13:25.948, 22006 MiB, 24564 MiB, 1 %
2026/10/03 21:13:30.991, 22006 MiB, 24564 MiB, 22 %
2026/10/03 21:13:36.026, 22006 MiB, 24564 MiB, 6 %
2026/10/03 21:13:41.067, 22006 MiB, 24564 MiB, 8 %
2026/10/03 21:13:46.111, 17916 MiB, 24564 MiB, 0 %
2026/10/03 21:13:51.155, 20511 MiB, 24564 MiB, 100 %
2026/10/03 21:13:56.196, 22003 MiB, 24564 MiB, 85 %
2026/10/03 21:14:01.239, 22003 MiB, 24564 MiB, 5 %
2026/10/03 21:14:06.281, 22003 MiB, 24564 MiB, 99 %
2026/10/03 21:14:11.326, 22003 MiB, 24564 MiB, 6 %
2026/10/03 21:14:16.369, 22003 MiB, 24564 MiB, 19 %
2026/10/03 21:14:21.413, 17916 MiB, 24564 MiB, 0 %
2026/10/03 21:14:26.453, 18648 MiB, 24564 MiB, 67 %
2026/10/03 21:14:31.496, 22018 MiB, 24564 MiB, 100 %
2026/10/03 21:14:36.539, 22018 MiB, 24564 MiB, 99 %
2026/10/03 21:14:41.584, 22018 MiB, 24564 MiB, 9 %
2026/10/03 21:14:46.628, 22018 MiB, 24564 MiB, 40 %
2026/10/03 21:14:51.673, 18012 MiB, 24564 MiB, 0 %
2026/10/03 21:14:56.819, 18799 MiB, 24564 MiB, 0 %
2026/10/03 21:15:01.933, 21150 MiB, 24564 MiB, 76 %
2026/10/03 21:15:06.986, 22018 MiB, 24564 MiB, 100 %
2026/10/03 21:15:12.030, 22018 MiB, 24564 MiB, 37 %
2026/10/03 21:15:17.077, 22018 MiB, 24564 MiB, 6 %
2026/10/03 21:15:22.148, 18012 MiB, 24564 MiB, 36 %
2026/10/03 21:15:27.192, 17916 MiB, 24564 MiB, 0 %
2026/10/03 21:15:32.235, 20188 MiB, 24564 MiB, 8 %
2026/10/03 21:15:37.285, 22023 MiB, 24564 MiB, 99 %
2026/10/03 21:15:42.328, 22023 MiB, 24564 MiB, 100 %
2026/10/03 21:15:47.370, 22023 MiB, 24564 MiB, 100 %
2026/10/03 21:15:52.415, 22023 MiB, 24564 MiB, 7 %
2026/10/03 21:15:57.458, 22023 MiB, 24564 MiB, 26 %
2026/10/03 21:16:02.499, 17916 MiB, 24564 MiB, 0 %
2026/10/03 21:16:07.539, 18012 MiB, 24564 MiB, 0 %
2026/10/03 21:16:12.582, 22006 MiB, 24564 MiB, 10 %
2026/10/03 21:16:17.624, 22006 MiB, 24564 MiB, 100 %
2026/10/03 21:16:22.665, 22006 MiB, 24564 MiB, 53 %
2026/10/03 21:16:27.708, 22006 MiB, 24564 MiB, 97 %
2026/10/03 21:16:32.743, 17916 MiB, 24564 MiB, 0 %
2026/10/03 21:16:37.783, 20511 MiB, 24564 MiB, 99 %
2026/10/03 21:16:42.825, 22006 MiB, 24564 MiB, 2 %
2026/10/03 21:16:47.868, 22006 MiB, 24564 MiB, 95 %
2026/10/03 21:16:52.910, 22006 MiB, 24564 MiB, 7 %
2026/10/03 21:16:57.952, 17916 MiB, 24564 MiB, 0 %
2026/10/03 21:17:02.995, 21045 MiB, 24564 MiB, 99 %
2026/10/03 21:17:08.049, 21962 MiB, 24564 MiB, 41 %
2026/10/03 21:17:13.094, 21963 MiB, 24564 MiB, 100 %
2026/10/03 21:17:18.135, 21963 MiB, 24564 MiB, 65 %
2026/10/03 21:17:23.169, 17916 MiB, 24564 MiB, 0 %
2026/10/03 21:17:28.210, 18867 MiB, 24564 MiB, 100 %
2026/10/03 21:17:33.254, 21963 MiB, 24564 MiB, 1 %
2026/10/03 21:17:38.296, 21963 MiB, 24564 MiB, 100 %
2026/10/03 21:17:43.339, 21963 MiB, 24564 MiB, 7 %
2026/10/03 21:17:48.380, 21963 MiB, 24564 MiB, 94 %
2026/10/03 21:17:53.421, 21963 MiB, 24564 MiB, 7 %
2026/10/03 21:17:58.466, 21963 MiB, 24564 MiB, 70 %
2026/10/03 21:18:03.511, 17916 MiB, 24564 MiB, 0 %
2026/10/03 21:18:08.557, 19313 MiB, 24564 MiB, 75 %
2026/10/03 21:18:13.607, 21961 MiB, 24564 MiB, 100 %
2026/10/03 21:18:18.651, 21961 MiB, 24564 MiB, 20 %
2026/10/03 21:18:23.805, 17916 MiB, 24564 MiB, 0 %
2026/10/03 21:18:28.851, 20584 MiB, 24564 MiB, 96 %
2026/10/03 21:18:33.898, 21960 MiB, 24564 MiB, 100 %
2026/10/03 21:18:38.953, 21961 MiB, 24564 MiB, 99 %
2026/10/03 21:18:43.997, 21961 MiB, 24564 MiB, 7 %
2026/10/03 21:18:49.042, 21961 MiB, 24564 MiB, 8 %
2026/10/03 21:18:54.077, 21961 MiB, 24564 MiB, 34 %
2026/10/03 21:18:59.118, 21961 MiB, 24564 MiB, 7 %
2026/10/03 21:19:04.164, 17916 MiB, 24564 MiB, 0 %
2026/10/03 21:19:09.206, 19328 MiB, 24564 MiB, 99 %
2026/10/03 21:19:14.250, 21961 MiB, 24564 MiB, 7 %
2026/10/03 21:19:19.293, 21961 MiB, 24564 MiB, 100 %
2026/10/03 21:19:24.337, 21961 MiB, 24564 MiB, 100 %
2026/10/03 21:19:29.382, 21961 MiB, 24564 MiB, 58 %
2026/10/03 21:19:34.428, 21961 MiB, 24564 MiB, 8 %
2026/10/03 21:19:39.474, 21961 MiB, 24564 MiB, 77 %
2026/10/03 21:19:44.519, 17916 MiB, 24564 MiB, 0 %
2026/10/03 21:19:49.568, 18025 MiB, 24564 MiB, 0 %
2026/10/03 21:19:54.620, 21963 MiB, 24564 MiB, 99 %
2026/10/03 21:19:59.663, 21963 MiB, 24564 MiB, 4 %
2026/10/03 21:20:04.706, 21963 MiB, 24564 MiB, 100 %
2026/10/03 21:20:09.750, 21963 MiB, 24564 MiB, 62 %
2026/10/03 21:20:14.797, 21963 MiB, 24564 MiB, 20 %
2026/10/03 21:20:19.874, 18012 MiB, 24564 MiB, 60 %
2026/10/03 21:20:24.921, 1 MiB, 24564 MiB, 0 %
2026/10/03 21:20:29.964, 1 MiB, 24564 MiB, 0 %
2026/10/03 21:20:35.006, 4 MiB, 24564 MiB, 0 %
2026/10/03 21:20:40.051, 4 MiB, 24564 MiB, 0 %
2026/10/03 21:20:45.086, 4 MiB, 24564 MiB, 0 %
2026/10/03 21:20:50.127, 2862 MiB, 24564 MiB, 9 %
2026/10/03 21:20:55.172, 6224 MiB, 24564 MiB, 4 %
2026/10/03 21:21:00.226, 7159 MiB, 24564 MiB, 36 %
2026/10/03 21:21:05.281, 10537 MiB, 24564 MiB, 13 %
2026/10/03 21:21:10.349, 10615 MiB, 24564 MiB, 7 %
2026/10/03 21:21:15.392, 10615 MiB, 24564 MiB, 8 %
2026/10/03 21:21:20.437, 10615 MiB, 24564 MiB, 58 %
2026/10/03 21:21:25.482, 10615 MiB, 24564 MiB, 7 %
2026/10/03 21:21:30.527, 10615 MiB, 24564 MiB, 25 %
2026/10/03 21:21:35.575, 3328 MiB, 24564 MiB, 0 %
2026/10/03 21:21:40.825, 4261 MiB, 24564 MiB, 0 %
2026/10/03 21:21:46.009, 5729 MiB, 24564 MiB, 98 %
2026/10/03 21:21:51.057, 10613 MiB, 24564 MiB, 17 %
2026/10/03 21:21:56.100, 10615 MiB, 24564 MiB, 18 %
2026/10/03 21:22:01.144, 10615 MiB, 24564 MiB, 72 %
2026/10/03 21:22:06.190, 10615 MiB, 24564 MiB, 8 %
2026/10/03 21:22:11.233, 10615 MiB, 24564 MiB, 16 %
2026/10/03 21:22:16.278, 10615 MiB, 24564 MiB, 28 %
2026/10/03 21:22:21.326, 3182 MiB, 24564 MiB, 0 %
2026/10/03 21:22:26.370, 9422 MiB, 24564 MiB, 100 %
2026/10/03 21:22:31.415, 6950 MiB, 24564 MiB, 99 %
2026/10/03 21:22:36.461, 10615 MiB, 24564 MiB, 21 %
2026/10/03 21:22:41.504, 10615 MiB, 24564 MiB, 4 %
2026/10/03 21:22:46.538, 10615 MiB, 24564 MiB, 16 %
2026/10/03 21:22:51.579, 10615 MiB, 24564 MiB, 20 %
2026/10/03 21:22:56.613, 10615 MiB, 24564 MiB, 12 %
2026/10/03 21:23:01.656, 3328 MiB, 24564 MiB, 0 %
2026/10/03 21:23:06.837, 4460 MiB, 24564 MiB, 3 %
2026/10/03 21:23:11.948, 6337 MiB, 24564 MiB, 80 %
2026/10/03 21:23:16.997, 10613 MiB, 24564 MiB, 14 %
2026/10/03 21:23:22.041, 10615 MiB, 24564 MiB, 41 %
2026/10/03 21:23:27.084, 10615 MiB, 24564 MiB, 12 %
2026/10/03 21:23:32.128, 10615 MiB, 24564 MiB, 13 %
2026/10/03 21:23:37.172, 10615 MiB, 24564 MiB, 16 %
2026/10/03 21:23:42.216, 10615 MiB, 24564 MiB, 30 %
2026/10/03 21:23:47.259, 3182 MiB, 24564 MiB, 0 %
2026/10/03 21:23:52.303, 8600 MiB, 24564 MiB, 100 %
2026/10/03 21:23:57.352, 5524 MiB, 24564 MiB, 3 %
2026/10/03 21:24:02.396, 10614 MiB, 24564 MiB, 72 %
2026/10/03 21:24:07.441, 10614 MiB, 24564 MiB, 73 %
2026/10/03 21:24:12.477, 10614 MiB, 24564 MiB, 20 %
2026/10/03 21:24:17.518, 10614 MiB, 24564 MiB, 10 %
2026/10/03 21:24:22.562, 10614 MiB, 24564 MiB, 8 %
2026/10/03 21:24:27.606, 10614 MiB, 24564 MiB, 19 %
2026/10/03 21:24:32.650, 3182 MiB, 24564 MiB, 0 %
2026/10/03 21:24:37.708, 4064 MiB, 24564 MiB, 100 %
2026/10/03 21:24:42.851, 7205 MiB, 24564 MiB, 3 %
2026/10/03 21:24:47.966, 10615 MiB, 24564 MiB, 20 %
2026/10/03 21:24:53.008, 10615 MiB, 24564 MiB, 9 %
2026/10/03 21:24:58.051, 10615 MiB, 24564 MiB, 9 %
2026/10/03 21:25:03.086, 10615 MiB, 24564 MiB, 20 %
2026/10/03 21:25:08.128, 10615 MiB, 24564 MiB, 12 %
2026/10/03 21:25:13.178, 3344 MiB, 24564 MiB, 21 %
2026/10/03 21:25:18.267, 3404 MiB, 24564 MiB, 1 %
2026/10/03 21:25:23.440, 5122 MiB, 24564 MiB, 29 %
2026/10/03 21:25:28.527, 10558 MiB, 24564 MiB, 100 %
2026/10/03 21:25:33.568, 10617 MiB, 24564 MiB, 18 %
2026/10/03 21:25:38.610, 10617 MiB, 24564 MiB, 11 %
2026/10/03 21:25:43.652, 10617 MiB, 24564 MiB, 18 %
2026/10/03 21:25:48.695, 10617 MiB, 24564 MiB, 12 %
2026/10/03 21:25:53.732, 10617 MiB, 24564 MiB, 9 %
2026/10/03 21:25:58.773, 3182 MiB, 24564 MiB, 0 %
2026/10/03 21:26:03.822, 7123 MiB, 24564 MiB, 100 %
2026/10/03 21:26:08.873, 8544 MiB, 24564 MiB, 100 %
2026/10/03 21:26:13.927, 10614 MiB, 24564 MiB, 21 %
2026/10/03 21:26:18.973, 10614 MiB, 24564 MiB, 42 %
2026/10/03 21:26:24.016, 10614 MiB, 24564 MiB, 21 %
2026/10/03 21:26:29.061, 10614 MiB, 24564 MiB, 11 %
2026/10/03 21:26:34.104, 10614 MiB, 24564 MiB, 20 %
2026/10/03 21:26:39.148, 10614 MiB, 24564 MiB, 11 %
2026/10/03 21:26:44.193, 3182 MiB, 24564 MiB, 0 %
2026/10/03 21:26:49.447, 5810 MiB, 24564 MiB, 98 %
2026/10/03 21:26:54.630, 10615 MiB, 24564 MiB, 6 %
2026/10/03 21:26:59.675, 10617 MiB, 24564 MiB, 20 %
2026/10/03 21:27:04.719, 10617 MiB, 24564 MiB, 13 %
2026/10/03 21:27:09.761, 10617 MiB, 24564 MiB, 21 %
2026/10/03 21:27:14.802, 10617 MiB, 24564 MiB, 21 %
2026/10/03 21:27:19.846, 10617 MiB, 24564 MiB, 11 %
2026/10/03 21:27:24.882, 3182 MiB, 24564 MiB, 0 %
2026/10/03 21:27:29.926, 7259 MiB, 24564 MiB, 100 %
2026/10/03 21:27:34.976, 8997 MiB, 24564 MiB, 100 %
2026/10/03 21:27:40.028, 10614 MiB, 24564 MiB, 12 %
2026/10/03 21:27:45.073, 10614 MiB, 24564 MiB, 40 %
2026/10/03 21:27:50.116, 10614 MiB, 24564 MiB, 18 %
2026/10/03 21:27:55.160, 10614 MiB, 24564 MiB, 12 %
2026/10/03 21:28:00.202, 10614 MiB, 24564 MiB, 15 %
2026/10/03 21:28:05.246, 10614 MiB, 24564 MiB, 20 %
2026/10/03 21:28:10.290, 3182 MiB, 24564 MiB, 0 %
2026/10/03 21:28:15.457, 5229 MiB, 24564 MiB, 95 %
2026/10/03 21:28:20.528, 10022 MiB, 24564 MiB, 21 %
2026/10/03 21:28:25.572, 10022 MiB, 24564 MiB, 7 %
2026/10/03 21:28:30.616, 10022 MiB, 24564 MiB, 11 %
2026/10/03 21:28:35.657, 10022 MiB, 24564 MiB, 10 %
2026/10/03 21:28:40.701, 10022 MiB, 24564 MiB, 31 %
2026/10/03 21:28:45.752, 3327 MiB, 24564 MiB, 0 %
2026/10/03 21:28:51.044, 4695 MiB, 24564 MiB, 0 %
2026/10/03 21:28:56.164, 7507 MiB, 24564 MiB, 100 %
2026/10/03 21:29:01.216, 10023 MiB, 24564 MiB, 18 %
2026/10/03 21:29:06.259, 10023 MiB, 24564 MiB, 43 %
2026/10/03 21:29:11.303, 10023 MiB, 24564 MiB, 21 %
2026/10/03 21:29:16.346, 10023 MiB, 24564 MiB, 17 %
2026/10/03 21:29:21.387, 10023 MiB, 24564 MiB, 28 %
2026/10/03 21:29:26.430, 3182 MiB, 24564 MiB, 0 %
2026/10/03 21:29:31.506, 7876 MiB, 24564 MiB, 100 %
2026/10/03 21:29:36.573, 9312 MiB, 24564 MiB, 34 %
2026/10/03 21:29:41.620, 10024 MiB, 24564 MiB, 38 %
2026/10/03 21:29:46.662, 10024 MiB, 24564 MiB, 21 %
2026/10/03 21:29:52.019, 3182 MiB, 24564 MiB, 0 %
2026/10/03 21:29:57.068, 6543 MiB, 24564 MiB, 6 %
2026/10/03 21:30:02.166, 7943 MiB, 24564 MiB, 100 %
2026/10/03 21:30:07.239, 9999 MiB, 24564 MiB, 17 %
2026/10/03 21:30:12.280, 9999 MiB, 24564 MiB, 18 %
2026/10/03 21:30:17.323, 9999 MiB, 24564 MiB, 15 %
2026/10/03 21:30:22.365, 9999 MiB, 24564 MiB, 32 %
2026/10/03 21:30:27.408, 9999 MiB, 24564 MiB, 17 %
2026/10/03 21:30:32.453, 3182 MiB, 24564 MiB, 0 %
2026/10/03 21:30:37.498, 6727 MiB, 24564 MiB, 100 %
2026/10/03 21:30:42.547, 9637 MiB, 24564 MiB, 100 %
2026/10/03 21:30:47.597, 9995 MiB, 24564 MiB, 19 %
2026/10/03 21:30:52.641, 9995 MiB, 24564 MiB, 21 %
2026/10/03 21:30:57.685, 9995 MiB, 24564 MiB, 18 %
2026/10/03 21:31:02.721, 3182 MiB, 24564 MiB, 0 %
2026/10/03 21:31:07.758, 4237 MiB, 24564 MiB, 25 %
2026/10/03 21:31:12.852, 10019 MiB, 24564 MiB, 6 %
2026/10/03 21:31:17.895, 10019 MiB, 24564 MiB, 11 %
2026/10/03 21:31:22.937, 10019 MiB, 24564 MiB, 69 %
2026/10/03 21:31:27.980, 10019 MiB, 24564 MiB, 24 %
2026/10/03 21:31:33.022, 10019 MiB, 24564 MiB, 16 %
2026/10/03 21:31:38.168, 3327 MiB, 24564 MiB, 12 %
2026/10/03 21:31:43.444, 3969 MiB, 24564 MiB, 55 %
2026/10/03 21:31:48.593, 6816 MiB, 24564 MiB, 100 %
2026/10/03 21:31:53.637, 10020 MiB, 24564 MiB, 16 %
2026/10/03 21:31:58.679, 10020 MiB, 24564 MiB, 21 %
2026/10/03 21:32:03.722, 10020 MiB, 24564 MiB, 11 %
2026/10/03 21:32:08.764, 10020 MiB, 24564 MiB, 15 %
2026/10/03 21:32:13.807, 3182 MiB, 24564 MiB, 0 %
2026/10/03 21:32:18.853, 3342 MiB, 24564 MiB, 65 %
2026/10/03 21:32:23.941, 10027 MiB, 24564 MiB, 100 %
2026/10/03 21:32:28.981, 10027 MiB, 24564 MiB, 21 %
2026/10/03 21:32:34.024, 10027 MiB, 24564 MiB, 8 %
2026/10/03 21:32:39.067, 10027 MiB, 24564 MiB, 27 %
2026/10/03 21:32:44.110, 10027 MiB, 24564 MiB, 19 %
2026/10/03 21:32:49.145, 3343 MiB, 24564 MiB, 18 %
2026/10/03 21:32:54.217, 3207 MiB, 24564 MiB, 0 %
2026/10/03 21:32:59.314, 5766 MiB, 24564 MiB, 100 %
2026/10/03 21:33:04.352, 9999 MiB, 24564 MiB, 21 %
2026/10/03 21:33:09.392, 9999 MiB, 24564 MiB, 45 %
2026/10/03 21:33:14.438, 9999 MiB, 24564 MiB, 14 %
2026/10/03 21:33:19.481, 9999 MiB, 24564 MiB, 17 %
2026/10/03 21:33:24.521, 3182 MiB, 24564 MiB, 0 %
2026/10/03 21:33:29.562, 7584 MiB, 24564 MiB, 100 %
2026/10/03 21:33:34.610, 8754 MiB, 24564 MiB, 96 %
2026/10/03 21:33:39.662, 9999 MiB, 24564 MiB, 21 %
2026/10/03 21:33:44.704, 9999 MiB, 24564 MiB, 21 %
2026/10/03 21:33:49.747, 9999 MiB, 24564 MiB, 19 %
2026/10/03 21:33:54.789, 9999 MiB, 24564 MiB, 11 %
2026/10/03 21:33:59.835, 9999 MiB, 24564 MiB, 17 %
2026/10/03 21:34:04.878, 3182 MiB, 24564 MiB, 0 %
2026/10/03 21:34:10.081, 5359 MiB, 24564 MiB, 0 %
2026/10/03 21:34:15.163, 9925 MiB, 24564 MiB, 0 %
2026/10/03 21:34:20.207, 9925 MiB, 24564 MiB, 47 %
2026/10/03 21:34:25.250, 9925 MiB, 24564 MiB, 27 %
2026/10/03 21:34:30.291, 9925 MiB, 24564 MiB, 16 %
2026/10/03 21:34:35.334, 9925 MiB, 24564 MiB, 14 %
2026/10/03 21:34:40.377, 9925 MiB, 24564 MiB, 33 %
2026/10/03 21:34:45.421, 3182 MiB, 24564 MiB, 0 %
2026/10/03 21:34:50.523, 5340 MiB, 24564 MiB, 90 %
2026/10/03 21:34:55.579, 9926 MiB, 24564 MiB, 58 %
2026/10/03 21:35:00.622, 9926 MiB, 24564 MiB, 13 %
2026/10/03 21:35:05.665, 9926 MiB, 24564 MiB, 12 %
2026/10/03 21:35:10.709, 9926 MiB, 24564 MiB, 15 %
2026/10/03 21:35:15.753, 9926 MiB, 24564 MiB, 39 %
2026/10/03 21:35:20.808, 3343 MiB, 24564 MiB, 46 %
2026/10/03 21:35:26.030, 4730 MiB, 24564 MiB, 1 %
2026/10/03 21:35:31.153, 5030 MiB, 24564 MiB, 100 %
2026/10/03 21:35:36.248, 9929 MiB, 24564 MiB, 8 %
2026/10/03 21:35:41.290, 9929 MiB, 24564 MiB, 7 %
2026/10/03 21:35:46.327, 3182 MiB, 24564 MiB, 0 %
2026/10/03 21:35:51.370, 3342 MiB, 24564 MiB, 0 %
2026/10/03 21:35:56.405, 9483 MiB, 24564 MiB, 99 %
2026/10/03 21:36:01.448, 9926 MiB, 24564 MiB, 19 %
2026/10/03 21:36:06.490, 9926 MiB, 24564 MiB, 11 %
2026/10/03 21:36:11.533, 9926 MiB, 24564 MiB, 11 %
2026/10/03 21:36:16.568, 9926 MiB, 24564 MiB, 14 %
2026/10/03 21:36:21.611, 9926 MiB, 24564 MiB, 12 %
2026/10/03 21:36:26.654, 3182 MiB, 24564 MiB, 0 %
2026/10/03 21:36:31.703, 7124 MiB, 24564 MiB, 100 %
2026/10/03 21:36:36.752, 5975 MiB, 24564 MiB, 100 %
2026/10/03 21:36:41.788, 9925 MiB, 24564 MiB, 12 %
2026/10/03 21:36:46.829, 9925 MiB, 24564 MiB, 14 %
2026/10/03 21:36:51.866, 9925 MiB, 24564 MiB, 19 %
2026/10/03 21:36:56.908, 9925 MiB, 24564 MiB, 17 %
2026/10/03 21:37:01.943, 9925 MiB, 24564 MiB, 17 %
2026/10/03 21:37:06.983, 9925 MiB, 24564 MiB, 20 %
2026/10/03 21:37:12.020, 3182 MiB, 24564 MiB, 0 %
2026/10/03 21:37:17.190, 5359 MiB, 24564 MiB, 71 %
2026/10/03 21:37:22.264, 9929 MiB, 24564 MiB, 2 %
2026/10/03 21:37:27.308, 9929 MiB, 24564 MiB, 44 %
2026/10/03 21:37:32.352, 9929 MiB, 24564 MiB, 13 %
2026/10/03 21:37:37.396, 9929 MiB, 24564 MiB, 13 %
2026/10/03 21:37:42.436, 9929 MiB, 24564 MiB, 14 %
2026/10/03 21:37:47.484, 3343 MiB, 24564 MiB, 35 %
2026/10/03 21:37:52.531, 1 MiB, 24564 MiB, 0 %
