view,base,label,method,delay,execute_horizon,P,gpu_ms_step,fe_step,wm_fe_step,dominated_gpu_ms_step,dominated_fe_step
latency-fair measured,1,naive,naive,1,1,0.7620442708333334,1.1271820403635502,5.0,,True,True
latency-fair measured,1,naive,naive,1,2,0.8126085069444445,0.5635910201817751,2.5,,True,True
latency-fair measured,1,naive,naive,1,3,0.7830946180555555,0.3757273467878501,1.6666666666666667,,True,True
latency-fair measured,1,naive,naive,1,4,0.7834201388888888,0.28179551009088755,1.25,,True,True
latency-fair measured,1,naive,naive,1,5,0.7464192708333334,0.22543640807271004,1.0,,True,True
latency-fair measured,1,naive,naive,1,6,0.7568359375,0.18786367339392504,0.8333333333333334,,False,True
latency-fair measured,1,naive,naive,1,7,0.7106119791666666,0.16102600576622145,0.7142857142857143,,False,False
latency-fair measured,1,realtime,realtime,1,1,0.892578125,1.804347150027752,15.0,,False,False
latency-fair measured,1,realtime,realtime,1,2,0.8805338541666666,0.902173575013876,7.5,,True,True
latency-fair measured,1,realtime,realtime,1,3,0.853732638888889,0.6014490500092506,5.0,,True,True
latency-fair measured,1,realtime,realtime,1,4,0.841579861111111,0.451086787506938,3.75,,True,True
latency-fair measured,1,realtime,realtime,1,5,0.8282335069444445,0.3608694300055504,3.0,,True,True
latency-fair measured,1,realtime,realtime,1,6,0.8170572916666666,0.3007245250046253,2.5,,True,True
latency-fair measured,1,realtime,realtime,1,7,0.7906901041666666,0.2577638785753931,2.142857142857143,,True,True
latency-fair measured,1,realtime10,realtime10,2,2,0.8324652777777778,1.6854351852089167,15.0,,True,True
latency-fair measured,1,realtime10,realtime10,2,3,0.8000217013888888,1.1236234568059444,10.0,,True,True
latency-fair measured,1,realtime10,realtime10,2,4,0.7652994791666666,0.8427175926044583,7.5,,True,True
latency-fair measured,1,realtime10,realtime10,2,5,0.7524956597222222,0.6741740740835667,6.0,,True,True
latency-fair measured,1,realtime10,realtime10,2,6,0.7169053819444445,0.5618117284029722,5.0,,True,True
latency-fair measured,1,A2C2 (bt-kinetix variant),a2c2,1,1,0.7679036458333334,1.1951243504881859,5.011940864509689,,True,True
latency-fair measured,1,A2C2 (bt-kinetix variant),a2c2,1,2,0.7625868055555555,0.6315333303064108,2.5119408645096883,,True,True
latency-fair measured,1,A2C2 (bt-kinetix variant),a2c2,1,3,0.7668185763888888,0.4436696569124858,1.678607531176355,,True,True
latency-fair measured,1,A2C2 (bt-kinetix variant),a2c2,1,4,0.7658420138888888,0.34973782021552324,1.2619408645096883,,True,True
latency-fair measured,1,A2C2 (bt-kinetix variant),a2c2,1,5,0.765625,0.29337871819734573,1.0119408645096883,,True,True
latency-fair measured,1,A2C2 (bt-kinetix variant),a2c2,1,6,0.7629123263888888,0.25580598351856076,0.8452741978430218,,True,True
latency-fair measured,1,A2C2 (bt-kinetix variant),a2c2,1,7,0.7642144097222223,0.22896831589085714,0.7262265787954028,,True,True
latency-fair measured,1,A2C2-distill,a2c2_distill,1,1,0.8564453125,1.1951243504881859,5.011940864509689,,True,True
latency-fair measured,1,A2C2-distill,a2c2_distill,1,2,0.8824869791666666,0.6315333303064108,2.5119408645096883,,False,False
latency-fair measured,1,A2C2-distill,a2c2_distill,1,3,0.8804253472222223,0.4436696569124858,1.678607531176355,,False,False
latency-fair measured,1,A2C2-distill,a2c2_distill,1,4,0.8594835069444443,0.34973782021552324,1.2619408645096883,,True,True
latency-fair measured,1,A2C2-distill,a2c2_distill,1,5,0.8534071180555555,0.29337871819734573,1.0119408645096883,,True,True
latency-fair measured,1,A2C2-distill,a2c2_distill,1,6,0.8694661458333334,0.25580598351856076,0.8452741978430218,,False,False
latency-fair measured,1,A2C2-distill,a2c2_distill,1,7,0.8559027777777777,0.22896831589085714,0.7262265787954028,,False,False
latency-fair measured,1,pred,pred,2,2,0.8601345486111112,0.9427277836948632,7.5,0.023911018171651192,True,True
latency-fair measured,1,pred,pred,2,6,0.647243923611111,0.325421259428064,5.833333333333333,0.018597458577950927,True,True
latency-fair measured,1,reflex,reflex,2,2,0.8703342013888888,1.4708235394209623,67.5,0.023911018171651192,True,True
latency-fair measured,1,reflex,reflex,2,6,0.7697482638888888,0.5533110039929549,65.83333333333333,0.018597458577950927,True,True
latency-fair measured,1,t3,t3,2,2,0.8731553819444445,1.3104351237416265,43.5,0.023911018171651192,True,True
latency-fair measured,1,t3,t3,2,6,0.7788628472222222,0.4809241897116105,41.833333333333336,0.018597458577950927,True,True
latency-fair measured,1,m3,m3,2,2,0.8731553819444443,1.152331242337823,41.5,0.023911018171651192,True,True
latency-fair measured,1,m3,m3,2,6,0.7760416666666666,0.41977510166664916,39.833333333333336,0.018597458577950927,True,True
latency-fair measured,1,rtc_reflex,rtc_reflex,3,5,0.7352430555555557,0.7816222496330738,68.0,0.02231695029354111,True,True
latency-fair measured,1,late,t3,3,3,0.8280164930555555,0.8911403516928355,42.666666666666664,0.026567797968501325,True,True
latency-fair measured,1,late,t3,3,4,0.7930772569444445,0.6909273797646165,42.25,0.023911018171651192,True,True
latency-fair measured,1,late,t3,3,5,0.7671440972222223,0.5555990152060986,42.0,0.02231695029354111,True,True
latency-fair second_gpu,1,naive,naive,1,1,0.7620442708333334,1.1271820403635502,5.0,,True,True
latency-fair second_gpu,1,naive,naive,1,2,0.8126085069444445,0.5635910201817751,2.5,,True,True
latency-fair second_gpu,1,naive,naive,1,3,0.7830946180555555,0.3757273467878501,1.6666666666666667,,True,True
latency-fair second_gpu,1,naive,naive,1,4,0.7834201388888888,0.28179551009088755,1.25,,True,True
latency-fair second_gpu,1,naive,naive,1,5,0.7464192708333334,0.22543640807271004,1.0,,True,True
latency-fair second_gpu,1,naive,naive,1,6,0.7568359375,0.18786367339392504,0.8333333333333334,,False,True
latency-fair second_gpu,1,naive,naive,1,7,0.7106119791666666,0.16102600576622145,0.7142857142857143,,False,False
latency-fair second_gpu,1,realtime,realtime,1,1,0.892578125,1.804347150027752,15.0,,False,False
latency-fair second_gpu,1,realtime,realtime,1,2,0.8805338541666666,0.902173575013876,7.5,,True,True
latency-fair second_gpu,1,realtime,realtime,1,3,0.853732638888889,0.6014490500092506,5.0,,True,True
latency-fair second_gpu,1,realtime,realtime,1,4,0.841579861111111,0.451086787506938,3.75,,True,True
latency-fair second_gpu,1,realtime,realtime,1,5,0.8282335069444445,0.3608694300055504,3.0,,True,True
latency-fair second_gpu,1,realtime,realtime,1,6,0.8170572916666666,0.3007245250046253,2.5,,True,True
latency-fair second_gpu,1,realtime,realtime,1,7,0.7906901041666666,0.2577638785753931,2.142857142857143,,True,True
latency-fair second_gpu,1,realtime10,realtime10,2,2,0.8324652777777778,1.6854351852089167,15.0,,True,True
latency-fair second_gpu,1,realtime10,realtime10,2,3,0.8000217013888888,1.1236234568059444,10.0,,True,True
latency-fair second_gpu,1,realtime10,realtime10,2,4,0.7652994791666666,0.8427175926044583,7.5,,True,True
latency-fair second_gpu,1,realtime10,realtime10,2,5,0.7524956597222222,0.6741740740835667,6.0,,True,True
latency-fair second_gpu,1,realtime10,realtime10,2,6,0.7169053819444445,0.5618117284029722,5.0,,True,True
latency-fair second_gpu,1,A2C2 (bt-kinetix variant),a2c2,1,1,0.7679036458333334,1.1951243504881859,5.011940864509689,,True,True
latency-fair second_gpu,1,A2C2 (bt-kinetix variant),a2c2,1,2,0.7625868055555555,0.6315333303064108,2.5119408645096883,,True,True
latency-fair second_gpu,1,A2C2 (bt-kinetix variant),a2c2,1,3,0.7668185763888888,0.4436696569124858,1.678607531176355,,True,True
latency-fair second_gpu,1,A2C2 (bt-kinetix variant),a2c2,1,4,0.7658420138888888,0.34973782021552324,1.2619408645096883,,True,True
latency-fair second_gpu,1,A2C2 (bt-kinetix variant),a2c2,1,5,0.765625,0.29337871819734573,1.0119408645096883,,True,True
latency-fair second_gpu,1,A2C2 (bt-kinetix variant),a2c2,1,6,0.7629123263888888,0.25580598351856076,0.8452741978430218,,True,True
latency-fair second_gpu,1,A2C2 (bt-kinetix variant),a2c2,1,7,0.7642144097222223,0.22896831589085714,0.7262265787954028,,True,True
latency-fair second_gpu,1,A2C2-distill,a2c2_distill,1,1,0.8564453125,1.1951243504881859,5.011940864509689,,True,True
latency-fair second_gpu,1,A2C2-distill,a2c2_distill,1,2,0.8824869791666666,0.6315333303064108,2.5119408645096883,,False,False
latency-fair second_gpu,1,A2C2-distill,a2c2_distill,1,3,0.8804253472222223,0.4436696569124858,1.678607531176355,,False,False
latency-fair second_gpu,1,A2C2-distill,a2c2_distill,1,4,0.8594835069444443,0.34973782021552324,1.2619408645096883,,True,True
latency-fair second_gpu,1,A2C2-distill,a2c2_distill,1,5,0.8534071180555555,0.29337871819734573,1.0119408645096883,,True,True
latency-fair second_gpu,1,A2C2-distill,a2c2_distill,1,6,0.8694661458333334,0.25580598351856076,0.8452741978430218,,False,False
latency-fair second_gpu,1,A2C2-distill,a2c2_distill,1,7,0.8559027777777777,0.22896831589085714,0.7262265787954028,,False,False
latency-fair second_gpu,1,pred,pred,2,2,0.8601345486111112,0.9427277836948632,7.5,0.023911018171651192,True,True
latency-fair second_gpu,1,pred,pred,2,6,0.647243923611111,0.325421259428064,5.833333333333333,0.018597458577950927,True,True
latency-fair second_gpu,1,reflex,reflex,2,2,0.8703342013888888,1.4708235394209623,67.5,0.023911018171651192,True,True
latency-fair second_gpu,1,reflex,reflex,2,6,0.7697482638888888,0.5533110039929549,65.83333333333333,0.018597458577950927,True,True
latency-fair second_gpu,1,t3,t3,2,2,0.8731553819444445,1.3104351237416265,43.5,0.023911018171651192,True,True
latency-fair second_gpu,1,t3,t3,2,6,0.7788628472222222,0.4809241897116105,41.833333333333336,0.018597458577950927,True,True
latency-fair second_gpu,1,m3,m3,2,2,0.8731553819444443,1.152331242337823,41.5,0.023911018171651192,True,True
latency-fair second_gpu,1,m3,m3,2,6,0.7760416666666666,0.41977510166664916,39.833333333333336,0.018597458577950927,True,True
latency-fair second_gpu,1,rtc_reflex,rtc_reflex,3,5,0.7352430555555557,0.7816222496330738,68.0,0.02231695029354111,True,True
latency-fair second_gpu,1,late,t3,2,2,0.8731553819444445,1.3104351237416265,43.5,0.023911018171651192,True,True
latency-fair second_gpu,1,late,t3,2,6,0.7788628472222222,0.4809241897116105,41.833333333333336,0.018597458577950927,True,True
latency-fair measured,2,naive,naive,2,2,0.7121310763888888,0.5635910201817751,2.5,,True,True
latency-fair measured,2,naive,naive,2,3,0.712890625,0.3757273467878501,1.6666666666666667,,True,True
latency-fair measured,2,naive,naive,2,4,0.6821831597222222,0.28179551009088755,1.25,,True,True
latency-fair measured,2,naive,naive,2,5,0.6684027777777777,0.22543640807271004,1.0,,False,True
latency-fair measured,2,naive,naive,2,6,0.6366102430555556,0.18786367339392504,0.8333333333333334,,False,False
latency-fair measured,2,realtime,realtime,2,2,0.8423394097222222,0.902173575013876,7.5,,True,True
latency-fair measured,2,realtime,realtime,2,3,0.8171657986111112,0.6014490500092506,5.0,,True,True
latency-fair measured,2,realtime,realtime,2,4,0.7874348958333334,0.451086787506938,3.75,,True,True
latency-fair measured,2,realtime,realtime,2,5,0.7728949652777777,0.3608694300055504,3.0,,True,True
latency-fair measured,2,realtime,realtime,2,6,0.739474826388889,0.3007245250046253,2.5,,True,True
latency-fair measured,2,realtime10,realtime10,4,4,0.6006944444444443,0.8427175926044583,7.5,,True,True
latency-fair measured,2,A2C2 (bt-kinetix variant),a2c2,2,2,0.7634548611111112,0.6315333303064108,2.5119408645096883,,True,True
latency-fair measured,2,A2C2 (bt-kinetix variant),a2c2,2,3,0.766384548611111,0.4436696569124858,1.678607531176355,,True,True
latency-fair measured,2,A2C2 (bt-kinetix variant),a2c2,2,4,0.765407986111111,0.34973782021552324,1.2619408645096883,,True,True
latency-fair measured,2,A2C2 (bt-kinetix variant),a2c2,2,5,0.7652994791666666,0.29337871819734573,1.0119408645096883,,True,True
latency-fair measured,2,A2C2 (bt-kinetix variant),a2c2,2,6,0.7619357638888888,0.25580598351856076,0.8452741978430218,,True,True
latency-fair measured,2,A2C2-distill,a2c2_distill,2,2,0.851779513888889,0.6315333303064108,2.5119408645096883,,True,True
latency-fair measured,2,A2C2-distill,a2c2_distill,2,3,0.8621961805555557,0.4436696569124858,1.678607531176355,,False,False
latency-fair measured,2,A2C2-distill,a2c2_distill,2,4,0.8608940972222223,0.34973782021552324,1.2619408645096883,,False,False
latency-fair measured,2,A2C2-distill,a2c2_distill,2,5,0.8396267361111112,0.29337871819734573,1.0119408645096883,,True,True
latency-fair measured,2,A2C2-distill,a2c2_distill,2,6,0.8531901041666666,0.25580598351856076,0.8452741978430218,,False,False
latency-fair measured,2,pred,pred,3,3,0.7905815972222223,0.647082459181547,6.666666666666667,0.026567797968501325,True,True
latency-fair measured,2,pred,pred,3,4,0.7452256944444445,0.482184230349958,6.25,0.023911018171651192,True,True
latency-fair measured,2,pred,pred,3,5,0.6741536458333334,0.3937356173992157,6.0,0.02231695029354111,True,True
latency-fair measured,2,reflex,reflex,4,4,0.763671875,0.7960477378219366,66.25,0.02789618786692639,True,True
latency-fair measured,2,t3,t3,3,3,0.8280164930555555,0.8911403516928355,42.666666666666664,0.026567797968501325,True,True
latency-fair measured,2,t3,t3,4,4,0.7766927083333334,0.6792357889935374,42.25,0.02789618786692639,True,True
latency-fair measured,2,m3,m3,3,3,0.8262803819444443,0.793543333808581,40.666666666666664,0.026567797968501325,True,True
latency-fair measured,2,m3,m3,3,4,0.7943793402777778,0.6199785275384783,40.25,0.023911018171651192,True,True
latency-fair measured,2,m3,m3,3,5,0.765625,0.4974748007953167,40.0,0.02231695029354111,True,True
latency-fair second_gpu,2,naive,naive,2,2,0.7121310763888888,0.5635910201817751,2.5,,True,True
latency-fair second_gpu,2,naive,naive,2,3,0.712890625,0.3757273467878501,1.6666666666666667,,True,True
latency-fair second_gpu,2,naive,naive,2,4,0.6821831597222222,0.28179551009088755,1.25,,True,True
latency-fair second_gpu,2,naive,naive,2,5,0.6684027777777777,0.22543640807271004,1.0,,False,True
latency-fair second_gpu,2,naive,naive,2,6,0.6366102430555556,0.18786367339392504,0.8333333333333334,,False,False
latency-fair second_gpu,2,realtime,realtime,2,2,0.8423394097222222,0.902173575013876,7.5,,True,True
latency-fair second_gpu,2,realtime,realtime,2,3,0.8171657986111112,0.6014490500092506,5.0,,True,True
latency-fair second_gpu,2,realtime,realtime,2,4,0.7874348958333334,0.451086787506938,3.75,,True,True
latency-fair second_gpu,2,realtime,realtime,2,5,0.7728949652777777,0.3608694300055504,3.0,,True,True
latency-fair second_gpu,2,realtime,realtime,2,6,0.739474826388889,0.3007245250046253,2.5,,True,True
latency-fair second_gpu,2,realtime10,realtime10,4,4,0.6006944444444443,0.8427175926044583,7.5,,True,True
latency-fair second_gpu,2,A2C2 (bt-kinetix variant),a2c2,2,2,0.7634548611111112,0.6315333303064108,2.5119408645096883,,True,True
latency-fair second_gpu,2,A2C2 (bt-kinetix variant),a2c2,2,3,0.766384548611111,0.4436696569124858,1.678607531176355,,True,True
latency-fair second_gpu,2,A2C2 (bt-kinetix variant),a2c2,2,4,0.765407986111111,0.34973782021552324,1.2619408645096883,,True,True
latency-fair second_gpu,2,A2C2 (bt-kinetix variant),a2c2,2,5,0.7652994791666666,0.29337871819734573,1.0119408645096883,,True,True
latency-fair second_gpu,2,A2C2 (bt-kinetix variant),a2c2,2,6,0.7619357638888888,0.25580598351856076,0.8452741978430218,,True,True
latency-fair second_gpu,2,A2C2-distill,a2c2_distill,2,2,0.851779513888889,0.6315333303064108,2.5119408645096883,,True,True
latency-fair second_gpu,2,A2C2-distill,a2c2_distill,2,3,0.8621961805555557,0.4436696569124858,1.678607531176355,,False,False
latency-fair second_gpu,2,A2C2-distill,a2c2_distill,2,4,0.8608940972222223,0.34973782021552324,1.2619408645096883,,False,False
latency-fair second_gpu,2,A2C2-distill,a2c2_distill,2,5,0.8396267361111112,0.29337871819734573,1.0119408645096883,,True,True
latency-fair second_gpu,2,A2C2-distill,a2c2_distill,2,6,0.8531901041666666,0.25580598351856076,0.8452741978430218,,False,False
latency-fair second_gpu,2,pred,pred,3,3,0.7905815972222223,0.647082459181547,6.666666666666667,0.026567797968501325,True,True
latency-fair second_gpu,2,pred,pred,3,4,0.7452256944444445,0.482184230349958,6.25,0.023911018171651192,True,True
latency-fair second_gpu,2,pred,pred,3,5,0.6741536458333334,0.3937356173992157,6.0,0.02231695029354111,True,True
latency-fair second_gpu,2,reflex,reflex,4,4,0.763671875,0.7960477378219366,66.25,0.02789618786692639,True,True
latency-fair second_gpu,2,t3,t3,3,3,0.8280164930555555,0.8911403516928355,42.666666666666664,0.026567797968501325,True,True
latency-fair second_gpu,2,t3,t3,4,4,0.7766927083333334,0.6792357889935374,42.25,0.02789618786692639,True,True
latency-fair second_gpu,2,m3,m3,3,3,0.8262803819444443,0.793543333808581,40.666666666666664,0.026567797968501325,True,True
latency-fair second_gpu,2,m3,m3,3,4,0.7943793402777778,0.6199785275384783,40.25,0.023911018171651192,True,True
latency-fair second_gpu,2,m3,m3,3,5,0.765625,0.4974748007953167,40.0,0.02231695029354111,True,True
latency-fair second_gpu,2,late,t3,3,3,0.8280164930555555,0.8911403516928355,42.666666666666664,0.026567797968501325,True,True
latency-fair second_gpu,2,late,late1,3,4,0.7788628472222222,1.381854759529233,42.25,0.023911018171651192,True,True
latency-fair second_gpu,2,late,late1,3,5,0.7486979166666666,1.1111980304121971,42.0,0.02231695029354111,True,True
latency-fair measured,3,naive,naive,2,2,0.7121310763888888,0.5635910201817751,2.5,,True,True
latency-fair measured,3,naive,naive,2,3,0.712890625,0.3757273467878501,1.6666666666666667,,True,True
latency-fair measured,3,naive,naive,2,4,0.6821831597222222,0.28179551009088755,1.25,,True,True
latency-fair measured,3,naive,naive,2,5,0.6684027777777777,0.22543640807271004,1.0,,False,True
latency-fair measured,3,naive,naive,2,6,0.6366102430555556,0.18786367339392504,0.8333333333333334,,False,False
latency-fair measured,3,realtime,realtime,3,3,0.7479383680555555,0.6014490500092506,5.0,,True,True
latency-fair measured,3,realtime,realtime,3,4,0.7021484375,0.451086787506938,3.75,,True,True
latency-fair measured,3,realtime,realtime,3,5,0.6803385416666666,0.3608694300055504,3.0,,True,True
latency-fair measured,3,A2C2 (bt-kinetix variant),a2c2,2,2,0.7634548611111112,0.6315333303064108,2.5119408645096883,,True,True
latency-fair measured,3,A2C2 (bt-kinetix variant),a2c2,2,3,0.766384548611111,0.4436696569124858,1.678607531176355,,True,True
latency-fair measured,3,A2C2 (bt-kinetix variant),a2c2,2,4,0.765407986111111,0.34973782021552324,1.2619408645096883,,True,True
latency-fair measured,3,A2C2 (bt-kinetix variant),a2c2,2,5,0.7652994791666666,0.29337871819734573,1.0119408645096883,,True,True
latency-fair measured,3,A2C2 (bt-kinetix variant),a2c2,2,6,0.7619357638888888,0.25580598351856076,0.8452741978430218,,True,True
latency-fair measured,3,A2C2-distill,a2c2_distill,2,2,0.851779513888889,0.6315333303064108,2.5119408645096883,,True,True
latency-fair measured,3,A2C2-distill,a2c2_distill,2,3,0.8621961805555557,0.4436696569124858,1.678607531176355,,False,False
latency-fair measured,3,A2C2-distill,a2c2_distill,2,4,0.8608940972222223,0.34973782021552324,1.2619408645096883,,False,False
latency-fair measured,3,A2C2-distill,a2c2_distill,2,5,0.8396267361111112,0.29337871819734573,1.0119408645096883,,True,True
latency-fair measured,3,A2C2-distill,a2c2_distill,2,6,0.8531901041666666,0.25580598351856076,0.8452741978430218,,False,False
latency-fair measured,3,pred,pred,4,4,0.7208116319444445,0.4823829513043165,6.25,0.02789618786692639,True,True
latency-fair second_gpu,3,naive,naive,2,2,0.7121310763888888,0.5635910201817751,2.5,,True,True
latency-fair second_gpu,3,naive,naive,2,3,0.712890625,0.3757273467878501,1.6666666666666667,,True,True
latency-fair second_gpu,3,naive,naive,2,4,0.6821831597222222,0.28179551009088755,1.25,,True,True
latency-fair second_gpu,3,naive,naive,2,5,0.6684027777777777,0.22543640807271004,1.0,,False,True
latency-fair second_gpu,3,naive,naive,2,6,0.6366102430555556,0.18786367339392504,0.8333333333333334,,False,False
latency-fair second_gpu,3,realtime,realtime,3,3,0.7479383680555555,0.6014490500092506,5.0,,True,True
latency-fair second_gpu,3,realtime,realtime,3,4,0.7021484375,0.451086787506938,3.75,,True,True
latency-fair second_gpu,3,realtime,realtime,3,5,0.6803385416666666,0.3608694300055504,3.0,,True,True
latency-fair second_gpu,3,A2C2 (bt-kinetix variant),a2c2,2,2,0.7634548611111112,0.6315333303064108,2.5119408645096883,,True,True
latency-fair second_gpu,3,A2C2 (bt-kinetix variant),a2c2,2,3,0.766384548611111,0.4436696569124858,1.678607531176355,,True,True
latency-fair second_gpu,3,A2C2 (bt-kinetix variant),a2c2,2,4,0.765407986111111,0.34973782021552324,1.2619408645096883,,True,True
latency-fair second_gpu,3,A2C2 (bt-kinetix variant),a2c2,2,5,0.7652994791666666,0.29337871819734573,1.0119408645096883,,True,True
latency-fair second_gpu,3,A2C2 (bt-kinetix variant),a2c2,2,6,0.7619357638888888,0.25580598351856076,0.8452741978430218,,True,True
latency-fair second_gpu,3,A2C2-distill,a2c2_distill,2,2,0.851779513888889,0.6315333303064108,2.5119408645096883,,True,True
latency-fair second_gpu,3,A2C2-distill,a2c2_distill,2,3,0.8621961805555557,0.4436696569124858,1.678607531176355,,False,False
latency-fair second_gpu,3,A2C2-distill,a2c2_distill,2,4,0.8608940972222223,0.34973782021552324,1.2619408645096883,,False,False
latency-fair second_gpu,3,A2C2-distill,a2c2_distill,2,5,0.8396267361111112,0.29337871819734573,1.0119408645096883,,True,True
latency-fair second_gpu,3,A2C2-distill,a2c2_distill,2,6,0.8531901041666666,0.25580598351856076,0.8452741978430218,,False,False
latency-fair second_gpu,3,pred,pred,4,4,0.7208116319444445,0.4823829513043165,6.25,0.02789618786692639,True,True
latency-fair second_gpu,3,late,late1,4,4,0.7628038194444445,1.3584715779870749,42.25,0.02789618786692639,True,True
latency-fair measured,4,naive,naive,3,3,0.5919053819444443,0.3757273467878501,1.6666666666666667,,True,True
latency-fair measured,4,naive,naive,3,4,0.5681423611111112,0.28179551009088755,1.25,,False,True
latency-fair measured,4,naive,naive,3,5,0.556640625,0.22543640807271004,1.0,,False,False
latency-fair measured,4,realtime,realtime,4,4,0.6144748263888888,0.451086787506938,3.75,,True,True
latency-fair measured,4,A2C2 (bt-kinetix variant),a2c2,3,3,0.7651909722222222,0.4436696569124858,1.678607531176355,,True,True
latency-fair measured,4,A2C2 (bt-kinetix variant),a2c2,3,4,0.767795138888889,0.34973782021552324,1.2619408645096883,,True,True
latency-fair measured,4,A2C2 (bt-kinetix variant),a2c2,3,5,0.7578125,0.29337871819734573,1.0119408645096883,,True,True
latency-fair measured,4,A2C2-distill,a2c2_distill,3,3,0.8438585069444443,0.4436696569124858,1.678607531176355,,False,False
latency-fair measured,4,A2C2-distill,a2c2_distill,3,4,0.8304036458333334,0.34973782021552324,1.2619408645096883,,False,False
latency-fair measured,4,A2C2-distill,a2c2_distill,3,5,0.8142361111111112,0.29337871819734573,1.0119408645096883,,False,False
latency-fair second_gpu,4,naive,naive,3,3,0.5919053819444443,0.3757273467878501,1.6666666666666667,,True,True
latency-fair second_gpu,4,naive,naive,3,4,0.5681423611111112,0.28179551009088755,1.25,,False,True
latency-fair second_gpu,4,naive,naive,3,5,0.556640625,0.22543640807271004,1.0,,False,False
latency-fair second_gpu,4,realtime,realtime,4,4,0.6144748263888888,0.451086787506938,3.75,,True,True
latency-fair second_gpu,4,A2C2 (bt-kinetix variant),a2c2,3,3,0.7651909722222222,0.4436696569124858,1.678607531176355,,True,True
latency-fair second_gpu,4,A2C2 (bt-kinetix variant),a2c2,3,4,0.767795138888889,0.34973782021552324,1.2619408645096883,,True,True
latency-fair second_gpu,4,A2C2 (bt-kinetix variant),a2c2,3,5,0.7578125,0.29337871819734573,1.0119408645096883,,True,True
latency-fair second_gpu,4,A2C2-distill,a2c2_distill,3,3,0.8438585069444443,0.4436696569124858,1.678607531176355,,False,False
latency-fair second_gpu,4,A2C2-distill,a2c2_distill,3,4,0.8304036458333334,0.34973782021552324,1.2619408645096883,,False,False
latency-fair second_gpu,4,A2C2-distill,a2c2_distill,3,5,0.8142361111111112,0.29337871819734573,1.0119408645096883,,False,False
same-delay,1,A2C2 (bt-kinetix variant),a2c2,1,5,0.765625,0.29337871819734573,1.0119408645096883,,True,True
same-delay,1,A2C2-distill,a2c2_distill,1,5,0.8534071180555555,0.29337871819734573,1.0119408645096883,,True,True
same-delay,1,m3,m3,1,5,0.8317057291666666,0.48977257683873177,40.0,0.015940678781100795,True,True
same-delay,1,naive,naive,1,5,0.7464192708333334,0.22543640807271004,1.0,,True,True
same-delay,1,pred,pred,1,5,0.7750651041666666,0.3819242119789123,6.0,0.015940678781100795,True,True
same-delay,1,realtime,realtime,1,5,0.8282335069444445,0.3608694300055504,3.0,,True,True
same-delay,1,realtime10,realtime10,1,5,0.8195529513888888,0.6741740740835667,6.0,,True,True
same-delay,1,reflex,reflex,1,5,0.8275824652777777,0.640626810491085,66.0,0.015940678781100795,True,True
same-delay,1,rtc_reflex,rtc_reflex,1,5,0.8491753472222222,0.7807902060449123,68.0,0.015940678781100795,True,True
same-delay,1,t3,t3,1,5,0.8340928819444443,0.546758808195591,42.0,0.015940678781100795,True,True
same-delay,1,A2C2 (bt-kinetix variant),a2c2,1,6,0.7629123263888888,0.25580598351856076,0.8452741978430218,,True,True
same-delay,1,A2C2-distill,a2c2_distill,1,6,0.8694661458333334,0.25580598351856076,0.8452741978430218,,False,False
same-delay,1,m3,m3,1,6,0.8194444444444445,0.4166041811307271,39.833333333333336,0.015940678781100795,True,True
same-delay,1,naive,naive,1,6,0.7568359375,0.18786367339392504,0.8333333333333334,,False,True
same-delay,1,pred,pred,1,6,0.7242838541666666,0.32033274571100867,5.833333333333333,0.015940678781100795,True,True
same-delay,1,realtime,realtime,1,6,0.8170572916666666,0.3007245250046253,2.5,,True,True
same-delay,1,realtime10,realtime10,1,6,0.8034939236111112,0.5618117284029722,5.0,,True,True
same-delay,1,reflex,reflex,1,6,0.8182508680555557,0.552574327836434,65.83333333333333,0.015940678781100795,True,True
same-delay,1,rtc_reflex,rtc_reflex,1,6,0.845920138888889,0.6651023868471384,67.5,0.015940678781100795,True,True
same-delay,1,t3,t3,1,6,0.8187934027777778,0.465946892897288,41.833333333333336,0.015940678781100795,True,True
same-delay,1,A2C2 (bt-kinetix variant),a2c2,1,7,0.7642144097222223,0.22896831589085714,0.7262265787954028,,True,True
same-delay,1,A2C2-distill,a2c2_distill,1,7,0.8559027777777777,0.22896831589085714,0.7262265787954028,,False,False
same-delay,1,m3,m3,1,7,0.7902560763888888,0.3657117486000061,39.714285714285715,0.015940678781100795,True,True
same-delay,1,naive,naive,1,7,0.7106119791666666,0.16102600576622145,0.7142857142857143,,False,False
same-delay,1,pred,pred,1,7,0.6698133680555557,0.27850682714155744,5.714285714285714,0.015940678781100795,True,True
same-delay,1,realtime,realtime,1,7,0.7906901041666666,0.2577638785753931,2.142857142857143,,True,True
same-delay,1,realtime10,realtime10,1,7,0.775607638888889,0.4815529100596905,4.285714285714286,,True,True
same-delay,1,reflex,reflex,1,7,0.7799479166666666,0.48873799719980787,65.71428571428571,0.015940678781100795,True,True
same-delay,1,rtc_reflex,rtc_reflex,1,7,0.8260633680555555,0.589037047965186,67.14285714285714,0.015940678781100795,True,True
same-delay,1,t3,t3,1,7,0.7852647569444443,0.4093698891145842,41.714285714285715,0.015940678781100795,True,True
same-delay,3,A2C2 (bt-kinetix variant),a2c2,3,3,0.7651909722222222,0.4436696569124858,1.678607531176355,,True,True
same-delay,3,A2C2-distill,a2c2_distill,3,3,0.8438585069444443,0.4436696569124858,1.678607531176355,,False,False
same-delay,3,late1,late1,3,3,0.8202039930555557,0.8911403516928355,42.666666666666664,0.026567797968501325,True,True
same-delay,3,m3,m3,3,3,0.8262803819444443,0.793543333808581,40.666666666666664,0.026567797968501325,True,True
same-delay,3,naive,naive,3,3,0.5919053819444443,0.3757273467878501,1.6666666666666667,,True,True
same-delay,3,pred,pred,3,3,0.7905815972222223,0.647082459181547,6.666666666666667,0.026567797968501325,True,True
same-delay,3,realtime,realtime,3,3,0.7479383680555555,0.6014490500092506,5.0,,True,True
same-delay,3,realtime10,realtime10,3,3,0.7216796875,1.1236234568059444,10.0,,True,True
same-delay,3,reflex,reflex,3,3,0.8174913194444445,1.0030129924416542,66.66666666666667,0.026567797968501325,True,True
same-delay,3,t3,t3,3,3,0.8280164930555555,0.8911403516928355,42.666666666666664,0.026567797968501325,True,True
same-delay,3,A2C2 (bt-kinetix variant),a2c2,3,4,0.767795138888889,0.34973782021552324,1.2619408645096883,,True,True
same-delay,3,A2C2-distill,a2c2_distill,3,4,0.8304036458333334,0.34973782021552324,1.2619408645096883,,False,False
same-delay,3,late1,late1,3,4,0.7788628472222222,0.6909273797646165,42.25,0.023911018171651192,True,True
same-delay,3,m3,m3,3,4,0.7943793402777778,0.6199785275384783,40.25,0.023911018171651192,True,True
same-delay,3,naive,naive,3,4,0.5681423611111112,0.28179551009088755,1.25,,False,True
same-delay,3,pred,pred,3,4,0.7452256944444445,0.482184230349958,6.25,0.023911018171651192,True,True
same-delay,3,realtime,realtime,3,4,0.7021484375,0.451086787506938,3.75,,True,True
same-delay,3,realtime10,realtime10,3,4,0.6879340277777777,0.8427175926044583,7.5,,True,True
same-delay,3,reflex,reflex,3,4,0.7827690972222222,0.7892162539064884,66.25,0.023911018171651192,True,True
same-delay,3,t3,t3,3,4,0.7930772569444445,0.6909273797646165,42.25,0.023911018171651192,True,True
same-delay,3,A2C2 (bt-kinetix variant),a2c2,3,5,0.7578125,0.29337871819734573,1.0119408645096883,,True,True
same-delay,3,A2C2-distill,a2c2_distill,3,5,0.8142361111111112,0.29337871819734573,1.0119408645096883,,False,False
same-delay,3,late1,late1,3,5,0.7486979166666666,0.5555990152060986,42.0,0.02231695029354111,True,True
same-delay,3,m3,m3,3,5,0.765625,0.4974748007953167,40.0,0.02231695029354111,True,True
same-delay,3,naive,naive,3,5,0.556640625,0.22543640807271004,1.0,,False,False
same-delay,3,pred,pred,3,5,0.6741536458333334,0.3937356173992157,6.0,0.02231695029354111,True,True
same-delay,3,realtime,realtime,3,5,0.6803385416666666,0.3608694300055504,3.0,,True,True
same-delay,3,realtime10,realtime10,3,5,0.6544053819444445,0.6741740740835667,6.0,,True,True
same-delay,3,reflex,reflex,3,5,0.7486979166666666,0.6494517438113689,66.0,0.02231695029354111,True,True
same-delay,3,rtc_reflex,rtc_reflex,3,5,0.7352430555555557,0.7816222496330738,68.0,0.02231695029354111,True,True
same-delay,3,t3,t3,3,5,0.7671440972222223,0.5555990152060986,42.0,0.02231695029354111,True,True
same-delay,4,A2C2 (bt-kinetix variant),a2c2,4,4,0.7660590277777778,0.34973782021552324,1.2619408645096883,,True,True
same-delay,4,A2C2-distill,a2c2_distill,4,4,0.8032769097222222,0.34973782021552324,1.2619408645096883,,False,False
same-delay,4,late1,late1,4,4,0.7628038194444445,0.6792357889935374,42.25,0.02789618786692639,True,True
same-delay,4,late2,late2,4,4,0.7451171875,0.6792357889935374,42.25,0.02789618786692639,True,True
same-delay,4,m3,m3,4,4,0.7664930555555557,0.6245750701054931,40.25,0.02789618786692639,True,True
same-delay,4,naive,naive,4,4,0.4856770833333333,0.28179551009088755,1.25,,False,False
same-delay,4,pred,pred,4,4,0.7208116319444445,0.4823829513043165,6.25,0.02789618786692639,True,True
same-delay,4,realtime,realtime,4,4,0.6144748263888888,0.451086787506938,3.75,,True,True
same-delay,4,realtime10,realtime10,4,4,0.6006944444444443,0.8427175926044583,7.5,,True,True
same-delay,4,reflex,reflex,4,4,0.763671875,0.7960477378219366,66.25,0.02789618786692639,True,True
same-delay,4,t3,t3,4,4,0.7766927083333334,0.6792357889935374,42.25,0.02789618786692639,True,True
