,a2c2_paper,t3,realtime,a2c2_distill,a2c2,naive,variant,slice,development,a2c2_wide
worlds/l/car_launch.json,,0.8715277777777778,0.8506944444444445,0.9813368055555555,0.98828125,0.799045138888889,a2c2_paper,D1,True,
worlds/l/cartpole_thrust.json,,0.9817708333333334,0.9809027777777777,0.9878472222222222,0.9995659722222222,0.9444444444444445,a2c2_paper,D1,False,
worlds/l/catapult.json,,0.39453125,0.4934895833333333,0.7287326388888888,0.6753472222222222,0.4388020833333333,a2c2_paper,D1,False,
worlds/l/catcher_v3.json,,0.7925347222222223,0.8368055555555557,0.9704861111111112,0.98046875,0.5677083333333334,a2c2_paper,D1,False,
worlds/l/chain_lander.json,,0.9440104166666666,0.9357638888888888,0.9440104166666666,0.9479166666666666,0.9418402777777778,a2c2_paper,D1,False,
worlds/l/grasp_easy.json,,0.8849826388888888,0.8802083333333334,0.7413194444444443,0.95703125,0.6497395833333334,a2c2_paper,D1,False,
worlds/l/h17_unicycle.json,,0.728732638888889,0.921875,0.9917534722222222,0.9887152777777778,0.8311631944444445,a2c2_paper,D1,False,
worlds/l/hard_lunar_lander.json,,0.9461805555555555,0.9401041666666666,0.9422743055555557,0.9366319444444443,0.93359375,a2c2_paper,D1,False,
worlds/l/mjc_half_cheetah.json,,0.875,0.8563368055555557,0.859375,0.7408854166666666,0.8572048611111112,a2c2_paper,D1,False,
worlds/l/mjc_swimmer.json,,0.8797743055555555,0.7582465277777778,0.9205729166666666,0.93359375,0.677951388888889,a2c2_paper,D1,False,
worlds/l/mjc_walker.json,,0.6393229166666666,0.4583333333333333,0.3663194444444444,0.021267361111111115,0.39105902777777773,a2c2_paper,D1,True,
worlds/l/trampoline.json,,0.8142361111111112,0.8311631944444445,0.881076388888889,0.0013020833333333333,0.8229166666666666,a2c2_paper,D1,True,
worlds/l/car_launch.json,,0.7877604166666666,0.7994791666666666,0.98046875,0.9765625,0.7552083333333334,a2c2_paper,D3,True,
worlds/l/cartpole_thrust.json,,0.9453125,0.60546875,0.9856770833333334,0.9986979166666666,0.4700520833333333,a2c2_paper,D3,False,
worlds/l/catapult.json,,0.2981770833333333,0.38671875,0.7005208333333334,0.6171875,0.3229166666666667,a2c2_paper,D3,False,
worlds/l/catcher_v3.json,,0.7291666666666666,0.5390625,0.9453125,0.9856770833333334,0.3229166666666667,a2c2_paper,D3,False,
worlds/l/chain_lander.json,,0.953125,0.9505208333333334,0.9466145833333334,0.9270833333333334,0.9296875,a2c2_paper,D3,False,
worlds/l/grasp_easy.json,,0.91015625,0.8841145833333334,0.5416666666666666,0.9635416666666666,0.6015625,a2c2_paper,D3,False,
worlds/l/h17_unicycle.json,,0.71484375,0.7174479166666666,0.98828125,0.9895833333333334,0.73046875,a2c2_paper,D3,False,
worlds/l/hard_lunar_lander.json,,0.9283854166666666,0.8502604166666666,0.9466145833333334,0.921875,0.625,a2c2_paper,D3,False,
worlds/l/mjc_half_cheetah.json,,0.8671875,0.8567708333333334,0.8333333333333334,0.7604166666666666,0.82421875,a2c2_paper,D3,False,
worlds/l/mjc_swimmer.json,,0.8059895833333334,0.46484375,0.9153645833333334,0.9453125,0.24869791666666666,a2c2_paper,D3,False,
worlds/l/mjc_walker.json,,0.51171875,0.2981770833333333,0.19010416666666666,0.0078125,0.053385416666666664,a2c2_paper,D3,True,
worlds/l/trampoline.json,0.0,0.75390625,0.8111979166666666,0.796875,0.0,0.7955729166666666,a2c2_paper,D3,True,
worlds/l/car_launch.json,,0.86328125,0.6875,0.9752604166666666,0.984375,0.5924479166666666,a2c2_paper,D4,True,
worlds/l/cartpole_thrust.json,,0.9270833333333334,0.515625,0.9700520833333334,1.0,0.4049479166666667,a2c2_paper,D4,False,
worlds/l/catapult.json,,0.31640625,0.4140625,0.6770833333333334,0.65625,0.2942708333333333,a2c2_paper,D4,False,
worlds/l/catcher_v3.json,,0.84375,0.4505208333333333,0.9427083333333334,0.9895833333333334,0.23958333333333334,a2c2_paper,D4,False,
worlds/l/chain_lander.json,,0.94140625,0.9361979166666666,0.95703125,0.95703125,0.9348958333333334,a2c2_paper,D4,False,
worlds/l/grasp_easy.json,,0.9075520833333334,0.8815104166666666,0.4817708333333333,0.9830729166666666,0.5911458333333334,a2c2_paper,D4,False,
worlds/l/h17_unicycle.json,,0.7708333333333334,0.5768229166666666,0.9830729166666666,0.9856770833333334,0.6809895833333334,a2c2_paper,D4,False,
worlds/l/hard_lunar_lander.json,,0.9244791666666666,0.7473958333333334,0.9322916666666666,0.9375,0.52734375,a2c2_paper,D4,False,
worlds/l/mjc_half_cheetah.json,,0.87109375,0.8151041666666666,0.8450520833333334,0.734375,0.7057291666666666,a2c2_paper,D4,False,
worlds/l/mjc_swimmer.json,,0.7591145833333334,0.296875,0.9205729166666666,0.9401041666666666,0.12890625,a2c2_paper,D4,False,
worlds/l/mjc_walker.json,,0.4765625,0.2630208333333333,0.16927083333333334,0.018229166666666668,0.016927083333333332,a2c2_paper,D4,True,
worlds/l/trampoline.json,,0.71875,0.7890625,0.78515625,0.006510416666666667,0.7109375,a2c2_paper,D4,True,
worlds/l/car_launch.json,,0.8715277777777778,0.8506944444444445,0.9813368055555555,0.98828125,0.799045138888889,a2c2_wide,D1,True,
worlds/l/cartpole_thrust.json,,0.9817708333333334,0.9809027777777777,0.9878472222222222,0.9995659722222222,0.9444444444444445,a2c2_wide,D1,False,
worlds/l/catapult.json,,0.39453125,0.4934895833333333,0.7287326388888888,0.6753472222222222,0.4388020833333333,a2c2_wide,D1,False,
worlds/l/catcher_v3.json,,0.7925347222222223,0.8368055555555557,0.9704861111111112,0.98046875,0.5677083333333334,a2c2_wide,D1,False,
worlds/l/chain_lander.json,,0.9440104166666666,0.9357638888888888,0.9440104166666666,0.9479166666666666,0.9418402777777778,a2c2_wide,D1,False,
worlds/l/grasp_easy.json,,0.8849826388888888,0.8802083333333334,0.7413194444444443,0.95703125,0.6497395833333334,a2c2_wide,D1,False,
worlds/l/h17_unicycle.json,,0.728732638888889,0.921875,0.9917534722222222,0.9887152777777778,0.8311631944444445,a2c2_wide,D1,False,
worlds/l/hard_lunar_lander.json,,0.9461805555555555,0.9401041666666666,0.9422743055555557,0.9366319444444443,0.93359375,a2c2_wide,D1,False,
worlds/l/mjc_half_cheetah.json,,0.875,0.8563368055555557,0.859375,0.7408854166666666,0.8572048611111112,a2c2_wide,D1,False,
worlds/l/mjc_swimmer.json,,0.8797743055555555,0.7582465277777778,0.9205729166666666,0.93359375,0.677951388888889,a2c2_wide,D1,False,
worlds/l/mjc_walker.json,,0.6393229166666666,0.4583333333333333,0.3663194444444444,0.021267361111111115,0.39105902777777773,a2c2_wide,D1,True,
worlds/l/trampoline.json,,0.8142361111111112,0.8311631944444445,0.881076388888889,0.0013020833333333333,0.8229166666666666,a2c2_wide,D1,True,
worlds/l/car_launch.json,,0.7877604166666666,0.7994791666666666,0.98046875,0.9765625,0.7552083333333334,a2c2_wide,D3,True,
worlds/l/cartpole_thrust.json,,0.9453125,0.60546875,0.9856770833333334,0.9986979166666666,0.4700520833333333,a2c2_wide,D3,False,
worlds/l/catapult.json,,0.2981770833333333,0.38671875,0.7005208333333334,0.6171875,0.3229166666666667,a2c2_wide,D3,False,
worlds/l/catcher_v3.json,,0.7291666666666666,0.5390625,0.9453125,0.9856770833333334,0.3229166666666667,a2c2_wide,D3,False,
worlds/l/chain_lander.json,,0.953125,0.9505208333333334,0.9466145833333334,0.9270833333333334,0.9296875,a2c2_wide,D3,False,
worlds/l/grasp_easy.json,,0.91015625,0.8841145833333334,0.5416666666666666,0.9635416666666666,0.6015625,a2c2_wide,D3,False,
worlds/l/h17_unicycle.json,,0.71484375,0.7174479166666666,0.98828125,0.9895833333333334,0.73046875,a2c2_wide,D3,False,
worlds/l/hard_lunar_lander.json,,0.9283854166666666,0.8502604166666666,0.9466145833333334,0.921875,0.625,a2c2_wide,D3,False,
worlds/l/mjc_half_cheetah.json,,0.8671875,0.8567708333333334,0.8333333333333334,0.7604166666666666,0.82421875,a2c2_wide,D3,False,
worlds/l/mjc_swimmer.json,,0.8059895833333334,0.46484375,0.9153645833333334,0.9453125,0.24869791666666666,a2c2_wide,D3,False,
worlds/l/mjc_walker.json,,0.51171875,0.2981770833333333,0.19010416666666666,0.0078125,0.053385416666666664,a2c2_wide,D3,True,
worlds/l/trampoline.json,,0.75390625,0.8111979166666666,0.796875,0.0,0.7955729166666666,a2c2_wide,D3,True,0.875
worlds/l/car_launch.json,,0.86328125,0.6875,0.9752604166666666,0.984375,0.5924479166666666,a2c2_wide,D4,True,
worlds/l/cartpole_thrust.json,,0.9270833333333334,0.515625,0.9700520833333334,1.0,0.4049479166666667,a2c2_wide,D4,False,
worlds/l/catapult.json,,0.31640625,0.4140625,0.6770833333333334,0.65625,0.2942708333333333,a2c2_wide,D4,False,
worlds/l/catcher_v3.json,,0.84375,0.4505208333333333,0.9427083333333334,0.9895833333333334,0.23958333333333334,a2c2_wide,D4,False,
worlds/l/chain_lander.json,,0.94140625,0.9361979166666666,0.95703125,0.95703125,0.9348958333333334,a2c2_wide,D4,False,
worlds/l/grasp_easy.json,,0.9075520833333334,0.8815104166666666,0.4817708333333333,0.9830729166666666,0.5911458333333334,a2c2_wide,D4,False,
worlds/l/h17_unicycle.json,,0.7708333333333334,0.5768229166666666,0.9830729166666666,0.9856770833333334,0.6809895833333334,a2c2_wide,D4,False,
worlds/l/hard_lunar_lander.json,,0.9244791666666666,0.7473958333333334,0.9322916666666666,0.9375,0.52734375,a2c2_wide,D4,False,
worlds/l/mjc_half_cheetah.json,,0.87109375,0.8151041666666666,0.8450520833333334,0.734375,0.7057291666666666,a2c2_wide,D4,False,
worlds/l/mjc_swimmer.json,,0.7591145833333334,0.296875,0.9205729166666666,0.9401041666666666,0.12890625,a2c2_wide,D4,False,
worlds/l/mjc_walker.json,,0.4765625,0.2630208333333333,0.16927083333333334,0.018229166666666668,0.016927083333333332,a2c2_wide,D4,True,
worlds/l/trampoline.json,,0.71875,0.7890625,0.78515625,0.006510416666666667,0.7109375,a2c2_wide,D4,True,
