level,mode,history,wide,experts,transitions,items,steps,loss_first,loss_last,mse,mse_base,check,seconds
worlds/l/grasp_easy.json,one,True,True,seed_6_step_700_worlds_l_grasp_easy.pkl,262144,238661,7456,0.2828895151615143,0.01129088830202818,0.010362238623201847,0.7137250304222107,held-out,67
worlds/l/catapult.json,one,True,True,seed_3_step_980_worlds_l_catapult.pkl,262144,254084,7936,0.33909913897514343,0.0029875957407057285,0.002456728368997574,0.8737626075744629,held-out,69
worlds/l/cartpole_thrust.json,one,True,True,seed_1_step_700_worlds_l_cartpole_thrust.pkl,262144,242864,7584,0.24508830904960632,0.0007882537320256233,0.0005087265744805336,0.6840419173240662,held-out,68
worlds/l/hard_lunar_lander.json,one,True,True,seed_6_step_540_worlds_l_hard_lunar_lander.pkl,262144,241039,7520,0.16868600249290466,0.001034432789310813,0.0006813315558247268,0.6151912808418274,held-out,69
worlds/l/mjc_half_cheetah.json,one,True,True,seed_6_step_940_worlds_l_mjc_half_cheetah.pkl,262144,251132,7840,0.3135495185852051,0.03742213174700737,0.039463695138692856,0.6494625210762024,held-out,68
worlds/l/mjc_swimmer.json,one,True,True,seed_7_step_900_worlds_l_mjc_swimmer.pkl,262144,256759,8016,0.2904037535190582,0.016783658415079117,0.015346139669418335,0.5352011322975159,held-out,69
worlds/l/mjc_walker.json,one,True,True,seed_7_step_580_worlds_l_mjc_walker.pkl,262144,257303,8032,0.18927781283855438,0.00563069200143218,0.004401609301567078,0.2832379937171936,held-out,68
worlds/l/h17_unicycle.json,one,True,True,seed_0_step_700_worlds_l_h17_unicycle.pkl,262144,249658,7792,0.1920487880706787,0.003324310528114438,0.003312637098133564,0.5893613696098328,held-out,69
worlds/l/chain_lander.json,one,True,True,seed_2_step_840_worlds_l_chain_lander.pkl,262144,234652,7328,0.2336059957742691,0.0033011476043611765,0.003035015659406781,0.7274696826934814,held-out,67
worlds/l/catcher_v3.json,one,True,True,seed_4_step_380_worlds_l_catcher_v3.pkl,262144,246911,7712,0.21358995139598846,0.003586790757253766,0.00298366229981184,0.4185847043991089,held-out,69
worlds/l/trampoline.json,one,True,True,seed_2_step_840_worlds_l_trampoline.pkl,262144,255463,7968,0.16605667769908905,0.0019106253748759627,0.0016079172492027283,0.36056625843048096,held-out,68
worlds/l/car_launch.json,one,True,True,seed_0_step_920_worlds_l_car_launch.pkl,262144,252366,7872,0.16823486983776093,0.005141119472682476,0.004985342267900705,0.28047171235084534,held-out,67
