level,moving,median_std,same_valid,same_e_1e-5,dropped_tau1e-05,dropped_std_tau1e-05,dropped_tau0.0001,dropped_std_tau0.0001,dropped_tau0.001,dropped_std_tau0.001
worlds_l_grasp_easy,49,0.6118242740631104,1.0,1.0,0,,0,,0,
worlds_l_catapult,35,0.3944665193557739,1.0,1.0,0,,0,,0,
worlds_l_cartpole_thrust,20,0.0014166628243401647,1.0,1.0,7,1.2e-06 1.4e-06 1.4e-06 1.9e-06 1.9e-06 1.9e-06 1.9e-06,7,1.2e-06 1.4e-06 1.4e-06 1.9e-06 1.9e-06 1.9e-06 1.9e-06,7,1.2e-06 1.4e-06 1.4e-06 1.9e-06 1.9e-06 1.9e-06 1.9e-06
worlds_l_hard_lunar_lander,28,0.3180753290653229,1.0,1.0,7,1.4e-06 1.7e-06 1.9e-06 1.9e-06 1.9e-06 1.9e-06 5.7e-06,7,1.4e-06 1.7e-06 1.9e-06 1.9e-06 1.9e-06 1.9e-06 5.7e-06,7,1.4e-06 1.7e-06 1.9e-06 1.9e-06 1.9e-06 1.9e-06 5.7e-06
worlds_l_mjc_half_cheetah,54,0.499304860830307,1.0,1.0,5,1.4e-06 1.4e-06 1.4e-06 1.4e-06 1.9e-06,5,1.4e-06 1.4e-06 1.4e-06 1.4e-06 1.9e-06,5,1.4e-06 1.4e-06 1.4e-06 1.4e-06 1.9e-06
worlds_l_mjc_swimmer,26,0.4071716070175171,1.0,1.0,5,1.4e-06 1.4e-06 1.4e-06 1.4e-06 1.4e-06,5,1.4e-06 1.4e-06 1.4e-06 1.4e-06 1.4e-06,5,1.4e-06 1.4e-06 1.4e-06 1.4e-06 1.4e-06
worlds_l_mjc_walker,54,0.342387318611145,1.0,1.0,5,1.4e-06 1.4e-06 1.4e-06 1.4e-06 1.4e-06,5,1.4e-06 1.4e-06 1.4e-06 1.4e-06 1.4e-06,5,1.4e-06 1.4e-06 1.4e-06 1.4e-06 1.4e-06
worlds_l_h17_unicycle,27,0.07578354328870773,1.0,1.0,6,1.4e-06 1.9e-06 1.9e-06 1.9e-06 1.9e-06 1.9e-06,6,1.4e-06 1.9e-06 1.9e-06 1.9e-06 1.9e-06 1.9e-06,6,1.4e-06 1.9e-06 1.9e-06 1.9e-06 1.9e-06 1.9e-06
worlds_l_chain_lander,48,0.3639029860496521,1.0,1.0,6,1.9e-06 1.9e-06 1.9e-06 1.9e-06 1.9e-06 2.9e-06,8,1.9e-06 1.9e-06 1.9e-06 1.9e-06 1.9e-06 2.9e-06 1.3e-05 1.2e-04,8,1.9e-06 1.9e-06 1.9e-06 1.9e-06 1.9e-06 2.9e-06 1.3e-05 1.2e-04
worlds_l_catcher_v3,49,0.41698622703552246,1.0,1.0,7,1.9e-06 1.9e-06 1.9e-06 1.9e-06 1.9e-06 1.9e-06 1.9e-06,7,1.9e-06 1.9e-06 1.9e-06 1.9e-06 1.9e-06 1.9e-06 1.9e-06,7,1.9e-06 1.9e-06 1.9e-06 1.9e-06 1.9e-06 1.9e-06 1.9e-06
worlds_l_trampoline,34,0.3188283443450928,1.0,1.0,6,1.4e-06 1.9e-06 1.9e-06 1.9e-06 1.9e-06 1.9e-06,7,1.4e-06 1.9e-06 1.9e-06 1.9e-06 1.9e-06 1.9e-06 4.6e-05,7,1.4e-06 1.9e-06 1.9e-06 1.9e-06 1.9e-06 1.9e-06 4.6e-05
worlds_l_car_launch,38,0.46698951721191406,1.0,1.0,7,1.4e-06 1.4e-06 1.4e-06 1.4e-06 1.4e-06 1.4e-06 4.0e-06,7,1.4e-06 1.4e-06 1.4e-06 1.4e-06 1.4e-06 1.4e-06 4.0e-06,7,1.4e-06 1.4e-06 1.4e-06 1.4e-06 1.4e-06 1.4e-06 4.0e-06
