bin,e_lo,e_hi,rho_clip,levels,pairs,k_med,case,edges
0,0.0,0.16467030644416814,0.7932616323232651,12,71868,7.0,published (stored raw),deciles
1,0.16467030644416814,0.36201492547988895,0.6998466402292252,12,71867,7.0,published (stored raw),deciles
2,0.36201492547988895,0.6287125468254091,0.5780414640903473,12,71868,9.0,published (stored raw),deciles
3,0.6287125468254091,1.0134487152099614,0.5104199945926666,12,71867,10.0,published (stored raw),deciles
4,1.0134487152099614,1.5638152360916138,0.40805110335350037,12,71867,12.0,published (stored raw),deciles
5,1.5638152360916138,2.316591930389405,0.35285648703575134,12,71868,13.0,published (stored raw),deciles
6,2.316591930389405,3.2895487308502207,0.2487543225288391,12,71867,15.0,published (stored raw),deciles
7,3.2895487308502207,4.601943588256838,0.21787947416305542,12,71868,17.0,published (stored raw),deciles
8,4.601943588256838,7.036930656433105,0.17604967951774597,12,71867,19.0,published (stored raw),deciles
9,7.036930656433105,74262.6484375,0.05635213851928711,12,71868,22.0,published (stored raw),deciles
0,0.0,0.1646703064441681,0.7932616323232651,12,71868,7.0,published (stored raw),published edges
1,0.1646703064441681,0.3620149254798889,0.6998466402292252,12,71867,7.0,published (stored raw),published edges
2,0.3620149254798889,0.6287125468254091,0.5780414640903473,12,71868,9.0,published (stored raw),published edges
3,0.6287125468254091,1.0134487152099614,0.5104199945926666,12,71867,10.0,published (stored raw),published edges
4,1.0134487152099614,1.5638152360916138,0.40805110335350037,12,71867,12.0,published (stored raw),published edges
5,1.5638152360916138,2.316591930389405,0.35285648703575134,12,71868,13.0,published (stored raw),published edges
6,2.316591930389405,3.2895487308502207,0.2487543225288391,12,71867,15.0,published (stored raw),published edges
7,3.2895487308502207,4.601943588256838,0.21787947416305542,12,71868,17.0,published (stored raw),published edges
8,4.601943588256838,7.036930656433105,0.17604967951774597,12,71867,19.0,published (stored raw),published edges
9,7.036930656433105,74262.6484375,0.05635213851928711,12,71868,22.0,published (stored raw),published edges
0,0.0,0.15354334264993674,0.8146688789129257,11,66371,7.0,"stored, no cartpole",deciles
1,0.15354334264993674,0.33922148346900943,0.7153453528881073,11,66371,7.0,"stored, no cartpole",deciles
2,0.33922148346900943,0.584982752799988,0.584106057882309,11,66371,9.0,"stored, no cartpole",deciles
3,0.584982752799988,0.9350027561187748,0.5310403406620026,11,66371,10.0,"stored, no cartpole",deciles
4,0.9350027561187748,1.4362136721611023,0.42337119579315186,11,66371,12.0,"stored, no cartpole",deciles
5,1.4362136721611023,2.1195710182189944,0.34927618503570557,11,66371,13.0,"stored, no cartpole",deciles
6,2.1195710182189944,3.002267599105835,0.275371253490448,11,66371,15.0,"stored, no cartpole",deciles
7,3.002267599105835,4.146239948272706,0.19552451372146606,11,66371,17.0,"stored, no cartpole",deciles
8,4.146239948272706,5.937511301040647,0.17302155494689941,11,66371,19.0,"stored, no cartpole",deciles
9,5.937511301040647,56373.8984375,0.09226459264755249,11,66371,23.0,"stored, no cartpole",deciles
0,0.0,0.1646703064441681,0.797462522983551,11,70470,7.0,"stored, no cartpole",published edges
1,0.1646703064441681,0.3620149254798889,0.7078779637813568,11,69496,8.0,"stored, no cartpole",published edges
2,0.3620149254798889,0.6287125468254091,0.5744334161281586,11,68903,9.0,"stored, no cartpole",published edges
3,0.6287125468254091,1.0134487152099614,0.5133295655250549,11,68651,11.0,"stored, no cartpole",published edges
4,1.0134487152099614,1.5638152360916138,0.40762531757354736,11,68357,12.0,"stored, no cartpole",published edges
5,1.5638152360916138,2.316591930389405,0.34898126125335693,11,68511,14.0,"stored, no cartpole",published edges
6,2.316591930389405,3.2895487308502207,0.22978931665420532,11,68676,16.0,"stored, no cartpole",published edges
7,3.2895487308502207,4.601943588256838,0.20543426275253296,11,68788,18.0,"stored, no cartpole",published edges
8,4.601943588256838,7.036930656433105,0.1641330122947693,11,67917,20.0,"stored, no cartpole",published edges
9,7.036930656433105,74262.6484375,0.034955382347106934,11,43941,24.0,"stored, no cartpole",published edges
0,0.0,0.16467030644416814,0.7932616323232651,12,71868,7.0,"new run, orig",deciles
1,0.16467030644416814,0.36201492547988895,0.6998466402292252,12,71867,7.0,"new run, orig",deciles
2,0.36201492547988895,0.6287125468254091,0.5780414640903473,12,71868,9.0,"new run, orig",deciles
3,0.6287125468254091,1.0134487152099614,0.5104199945926666,12,71867,10.0,"new run, orig",deciles
4,1.0134487152099614,1.5638152360916138,0.40805110335350037,12,71867,12.0,"new run, orig",deciles
5,1.5638152360916138,2.316591930389405,0.35285648703575134,12,71868,13.0,"new run, orig",deciles
6,2.316591930389405,3.2895487308502207,0.2487543225288391,12,71867,15.0,"new run, orig",deciles
7,3.2895487308502207,4.601943588256838,0.21787947416305542,12,71868,17.0,"new run, orig",deciles
8,4.601943588256838,7.036930656433105,0.17604967951774597,12,71867,19.0,"new run, orig",deciles
9,7.036930656433105,74262.6484375,0.05635213851928711,12,71868,22.0,"new run, orig",deciles
0,0.0,0.1646703064441681,0.7932616323232651,12,71868,7.0,"new run, orig",published edges
1,0.1646703064441681,0.3620149254798889,0.6998466402292252,12,71867,7.0,"new run, orig",published edges
2,0.3620149254798889,0.6287125468254091,0.5780414640903473,12,71868,9.0,"new run, orig",published edges
3,0.6287125468254091,1.0134487152099614,0.5104199945926666,12,71867,10.0,"new run, orig",published edges
4,1.0134487152099614,1.5638152360916138,0.40805110335350037,12,71867,12.0,"new run, orig",published edges
5,1.5638152360916138,2.316591930389405,0.35285648703575134,12,71868,13.0,"new run, orig",published edges
6,2.316591930389405,3.2895487308502207,0.2487543225288391,12,71867,15.0,"new run, orig",published edges
7,3.2895487308502207,4.601943588256838,0.21787947416305542,12,71868,17.0,"new run, orig",published edges
8,4.601943588256838,7.036930656433105,0.17604967951774597,12,71867,19.0,"new run, orig",published edges
9,7.036930656433105,74262.6484375,0.05635213851928711,12,71868,22.0,"new run, orig",published edges
0,0.0,0.15354334264993674,0.8146688789129257,11,66371,7.0,"new run, orig, no cartpole",deciles
1,0.15354334264993674,0.33922148346900943,0.7153453528881073,11,66371,7.0,"new run, orig, no cartpole",deciles
2,0.33922148346900943,0.584982752799988,0.584106057882309,11,66371,9.0,"new run, orig, no cartpole",deciles
3,0.584982752799988,0.9350027561187748,0.5310403406620026,11,66371,10.0,"new run, orig, no cartpole",deciles
4,0.9350027561187748,1.4362136721611023,0.42337119579315186,11,66371,12.0,"new run, orig, no cartpole",deciles
5,1.4362136721611023,2.1195710182189944,0.34927618503570557,11,66371,13.0,"new run, orig, no cartpole",deciles
6,2.1195710182189944,3.002267599105835,0.275371253490448,11,66371,15.0,"new run, orig, no cartpole",deciles
7,3.002267599105835,4.146239948272706,0.19552451372146606,11,66371,17.0,"new run, orig, no cartpole",deciles
8,4.146239948272706,5.937511301040647,0.17302155494689941,11,66371,19.0,"new run, orig, no cartpole",deciles
9,5.937511301040647,56373.8984375,0.09226459264755249,11,66371,23.0,"new run, orig, no cartpole",deciles
0,0.0,0.1646703064441681,0.797462522983551,11,70470,7.0,"new run, orig, no cartpole",published edges
1,0.1646703064441681,0.3620149254798889,0.7078779637813568,11,69496,8.0,"new run, orig, no cartpole",published edges
2,0.3620149254798889,0.6287125468254091,0.5744334161281586,11,68903,9.0,"new run, orig, no cartpole",published edges
3,0.6287125468254091,1.0134487152099614,0.5133295655250549,11,68651,11.0,"new run, orig, no cartpole",published edges
4,1.0134487152099614,1.5638152360916138,0.40762531757354736,11,68357,12.0,"new run, orig, no cartpole",published edges
5,1.5638152360916138,2.316591930389405,0.34898126125335693,11,68511,14.0,"new run, orig, no cartpole",published edges
6,2.316591930389405,3.2895487308502207,0.22978931665420532,11,68676,16.0,"new run, orig, no cartpole",published edges
7,3.2895487308502207,4.601943588256838,0.20543426275253296,11,68788,18.0,"new run, orig, no cartpole",published edges
8,4.601943588256838,7.036930656433105,0.1641330122947693,11,67917,20.0,"new run, orig, no cartpole",published edges
9,7.036930656433105,74262.6484375,0.034955382347106934,11,43941,24.0,"new run, orig, no cartpole",published edges
0,0.0,0.16462828516960146,0.7932533547282219,12,71868,7.0,"new run, tau1e-05",deciles
1,0.16462828516960146,0.36175310611724865,0.7026296257972717,12,71867,7.0,"new run, tau1e-05",deciles
2,0.36175310611724865,0.6281742215156556,0.577296108007431,12,71868,9.0,"new run, tau1e-05",deciles
3,0.6281742215156556,1.0120263814926147,0.5173262357711792,12,71867,10.0,"new run, tau1e-05",deciles
4,1.0120263814926147,1.5608047246932983,0.4101772606372833,12,71867,12.0,"new run, tau1e-05",deciles
5,1.5608047246932983,2.3102231979370123,0.35335373878479004,12,71868,13.0,"new run, tau1e-05",deciles
6,2.3102231979370123,3.281408596038819,0.2500292658805847,12,71867,15.0,"new run, tau1e-05",deciles
7,3.281408596038819,4.591759204864502,0.2183779776096344,12,71868,17.0,"new run, tau1e-05",deciles
8,4.591759204864502,7.011746311187744,0.17504939436912537,12,71867,19.0,"new run, tau1e-05",deciles
9,7.011746311187744,73740.34375,0.05804625153541565,12,71868,22.0,"new run, tau1e-05",deciles
0,0.0,0.1646703064441681,0.7932616323232651,12,71881,7.0,"new run, tau1e-05",published edges
1,0.1646703064441681,0.3620149254798889,0.7031267732381821,12,71941,7.0,"new run, tau1e-05",published edges
2,0.3620149254798889,0.6287125468254091,0.5780414640903473,12,71907,9.0,"new run, tau1e-05",published edges
3,0.6287125468254091,1.0134487152099614,0.5177833288908005,12,71952,10.0,"new run, tau1e-05",published edges
4,1.0134487152099614,1.5638152360916138,0.40805110335350037,12,71989,12.0,"new run, tau1e-05",published edges
5,1.5638152360916138,2.316591930389405,0.35285648703575134,12,72042,13.0,"new run, tau1e-05",published edges
6,2.316591930389405,3.2895487308502207,0.2487543225288391,12,71880,15.0,"new run, tau1e-05",published edges
7,3.2895487308502207,4.601943588256838,0.21787947416305542,12,71804,17.0,"new run, tau1e-05",published edges
8,4.601943588256838,7.036930656433105,0.17604967951774597,12,71831,19.0,"new run, tau1e-05",published edges
9,7.036930656433105,74262.6484375,0.05635213851928711,12,71448,22.0,"new run, tau1e-05",published edges
0,0.0,0.15354334264993674,0.8146688789129257,11,66371,7.0,"new run, tau1e-05, no cartpole",deciles
1,0.15354334264993674,0.3392199754714966,0.7153453528881073,11,66371,7.0,"new run, tau1e-05, no cartpole",deciles
2,0.3392199754714966,0.5849146842956543,0.5840187072753906,11,66369,9.0,"new run, tau1e-05, no cartpole",deciles
3,0.5849146842956543,0.9348246932029732,0.5310081541538239,11,66373,10.0,"new run, tau1e-05, no cartpole",deciles
4,0.9348246932029732,1.435303807258606,0.4238295555114746,11,66371,12.0,"new run, tau1e-05, no cartpole",deciles
5,1.435303807258606,2.1163486480712903,0.3485150933265686,11,66371,13.0,"new run, tau1e-05, no cartpole",deciles
6,2.1163486480712903,2.996841025352478,0.27670562267303467,11,66371,15.0,"new run, tau1e-05, no cartpole",deciles
7,2.996841025352478,4.140733242034915,0.1957082748413086,11,66371,17.0,"new run, tau1e-05, no cartpole",deciles
8,4.140733242034915,5.93014097213745,0.17342263460159302,11,66371,19.0,"new run, tau1e-05, no cartpole",deciles
9,5.93014097213745,11559.1591796875,0.09272480010986328,11,66371,23.0,"new run, tau1e-05, no cartpole",deciles
0,0.0,0.1646703064441681,0.797462522983551,11,70470,7.0,"new run, tau1e-05, no cartpole",published edges
1,0.1646703064441681,0.3620149254798889,0.7078779637813568,11,69499,8.0,"new run, tau1e-05, no cartpole",published edges
2,0.3620149254798889,0.6287125468254091,0.5744334161281586,11,68914,9.0,"new run, tau1e-05, no cartpole",published edges
3,0.6287125468254091,1.0134487152099614,0.5133295655250549,11,68673,10.0,"new run, tau1e-05, no cartpole",published edges
4,1.0134487152099614,1.5638152360916138,0.40762531757354736,11,68522,12.0,"new run, tau1e-05, no cartpole",published edges
5,1.5638152360916138,2.316591930389405,0.34898126125335693,11,68653,14.0,"new run, tau1e-05, no cartpole",published edges
6,2.316591930389405,3.2895487308502207,0.22978931665420532,11,68640,16.0,"new run, tau1e-05, no cartpole",published edges
7,3.2895487308502207,4.601943588256838,0.20543426275253296,11,68754,18.0,"new run, tau1e-05, no cartpole",published edges
8,4.601943588256838,7.036930656433105,0.1641330122947693,11,67856,20.0,"new run, tau1e-05, no cartpole",published edges
9,7.036930656433105,74262.6484375,0.034955382347106934,11,43729,24.0,"new run, tau1e-05, no cartpole",published edges
0,0.0,0.16371148228645335,0.7979598939418793,12,71868,7.0,"new run, tau0.0001",deciles
1,0.16371148228645335,0.35998706221580506,0.7044493705034256,12,71867,7.0,"new run, tau0.0001",deciles
2,0.35998706221580506,0.6259367227554323,0.576882615685463,12,71868,9.0,"new run, tau0.0001",deciles
3,0.6259367227554323,1.0074801683425902,0.5188682824373245,12,71867,10.0,"new run, tau0.0001",deciles
4,1.0074801683425902,1.5541633367538452,0.40948477387428284,12,71867,12.0,"new run, tau0.0001",deciles
5,1.5541633367538452,2.303625345230103,0.3548582196235657,12,71868,13.0,"new run, tau0.0001",deciles
6,2.303625345230103,3.2749568939208995,0.24985304474830627,12,71867,15.0,"new run, tau0.0001",deciles
7,3.2749568939208995,4.581842041015628,0.21690112352371216,12,71868,17.0,"new run, tau0.0001",deciles
8,4.581842041015628,6.99095287322998,0.1748594343662262,12,71867,19.0,"new run, tau0.0001",deciles
9,6.99095287322998,73740.34375,0.05924740433692932,12,71868,22.0,"new run, tau0.0001",deciles
0,0.0,0.1646703064441681,0.795079879462719,12,72210,7.0,"new run, tau0.0001",published edges
1,0.1646703064441681,0.3620149254798889,0.7031267732381821,12,72156,7.0,"new run, tau0.0001",published edges
2,0.3620149254798889,0.6287125468254091,0.5780414640903473,12,71902,9.0,"new run, tau0.0001",published edges
3,0.6287125468254091,1.0134487152099614,0.5177833288908005,12,72105,10.0,"new run, tau0.0001",published edges
4,1.0134487152099614,1.5638152360916138,0.40805110335350037,12,72036,12.0,"new run, tau0.0001",published edges
5,1.5638152360916138,2.316591930389405,0.35285648703575134,12,71835,13.0,"new run, tau0.0001",published edges
6,2.316591930389405,3.2895487308502207,0.2487543225288391,12,71815,15.0,"new run, tau0.0001",published edges
7,3.2895487308502207,4.601943588256838,0.21787947416305542,12,71784,17.0,"new run, tau0.0001",published edges
8,4.601943588256838,7.036930656433105,0.17604967951774597,12,71751,19.0,"new run, tau0.0001",published edges
9,7.036930656433105,74262.6484375,0.05635213851928711,12,71081,22.0,"new run, tau0.0001",published edges
0,0.0,0.15264569222927094,0.8157633692026138,11,66370,7.0,"new run, tau0.0001, no cartpole",deciles
1,0.15264569222927094,0.337713897228241,0.7173023819923401,11,66372,7.0,"new run, tau0.0001, no cartpole",deciles
2,0.337713897228241,0.5826120972633364,0.5856912434101105,11,66371,9.0,"new run, tau0.0001, no cartpole",deciles
3,0.5826120972633364,0.9305558681488039,0.5275022089481354,11,66371,10.0,"new run, tau0.0001, no cartpole",deciles
4,0.9305558681488039,1.42908775806427,0.42881011962890625,11,66371,12.0,"new run, tau0.0001, no cartpole",deciles
5,1.42908775806427,2.109192180633545,0.34712475538253784,11,66371,13.0,"new run, tau0.0001, no cartpole",deciles
6,2.109192180633545,2.990277552604675,0.2832149267196655,11,66371,15.0,"new run, tau0.0001, no cartpole",deciles
7,2.990277552604675,4.132307815551759,0.19505107402801514,11,66371,17.0,"new run, tau0.0001, no cartpole",deciles
8,4.132307815551759,5.910832405090331,0.17467021942138672,11,66371,19.0,"new run, tau0.0001, no cartpole",deciles
9,5.910832405090331,11559.1591796875,0.0952407717704773,11,66371,23.0,"new run, tau0.0001, no cartpole",deciles
0,0.0,0.1646703064441681,0.8010990172624588,11,70799,7.0,"new run, tau0.0001, no cartpole",published edges
1,0.1646703064441681,0.3620149254798889,0.7078779637813568,11,69714,8.0,"new run, tau0.0001, no cartpole",published edges
2,0.3620149254798889,0.6287125468254091,0.5744334161281586,11,68909,9.0,"new run, tau0.0001, no cartpole",published edges
3,0.6287125468254091,1.0134487152099614,0.5133295655250549,11,68826,11.0,"new run, tau0.0001, no cartpole",published edges
4,1.0134487152099614,1.5638152360916138,0.40762531757354736,11,68569,12.0,"new run, tau0.0001, no cartpole",published edges
5,1.5638152360916138,2.316591930389405,0.34898126125335693,11,68446,14.0,"new run, tau0.0001, no cartpole",published edges
6,2.316591930389405,3.2895487308502207,0.22978931665420532,11,68575,16.0,"new run, tau0.0001, no cartpole",published edges
7,3.2895487308502207,4.601943588256838,0.20543426275253296,11,68734,18.0,"new run, tau0.0001, no cartpole",published edges
8,4.601943588256838,7.036930656433105,0.1641330122947693,11,67776,20.0,"new run, tau0.0001, no cartpole",published edges
9,7.036930656433105,74262.6484375,0.034955382347106934,11,43362,24.0,"new run, tau0.0001, no cartpole",published edges
0,0.0,0.16371148228645335,0.7979598939418793,12,71868,7.0,"new run, tau0.001",deciles
1,0.16371148228645335,0.35998706221580506,0.7044493705034256,12,71867,7.0,"new run, tau0.001",deciles
2,0.35998706221580506,0.6259367227554323,0.576882615685463,12,71868,9.0,"new run, tau0.001",deciles
3,0.6259367227554323,1.0074801683425902,0.5188682824373245,12,71867,10.0,"new run, tau0.001",deciles
4,1.0074801683425902,1.5541633367538452,0.40948477387428284,12,71867,12.0,"new run, tau0.001",deciles
5,1.5541633367538452,2.303625345230103,0.3548582196235657,12,71868,13.0,"new run, tau0.001",deciles
6,2.303625345230103,3.2749568939208995,0.24985304474830627,12,71867,15.0,"new run, tau0.001",deciles
7,3.2749568939208995,4.581842041015628,0.21690112352371216,12,71868,17.0,"new run, tau0.001",deciles
8,4.581842041015628,6.99095287322998,0.1748594343662262,12,71867,19.0,"new run, tau0.001",deciles
9,6.99095287322998,73740.34375,0.05924740433692932,12,71868,22.0,"new run, tau0.001",deciles
0,0.0,0.1646703064441681,0.795079879462719,12,72210,7.0,"new run, tau0.001",published edges
1,0.1646703064441681,0.3620149254798889,0.7031267732381821,12,72156,7.0,"new run, tau0.001",published edges
2,0.3620149254798889,0.6287125468254091,0.5780414640903473,12,71902,9.0,"new run, tau0.001",published edges
3,0.6287125468254091,1.0134487152099614,0.5177833288908005,12,72105,10.0,"new run, tau0.001",published edges
4,1.0134487152099614,1.5638152360916138,0.40805110335350037,12,72036,12.0,"new run, tau0.001",published edges
5,1.5638152360916138,2.316591930389405,0.35285648703575134,12,71835,13.0,"new run, tau0.001",published edges
6,2.316591930389405,3.2895487308502207,0.2487543225288391,12,71815,15.0,"new run, tau0.001",published edges
7,3.2895487308502207,4.601943588256838,0.21787947416305542,12,71784,17.0,"new run, tau0.001",published edges
8,4.601943588256838,7.036930656433105,0.17604967951774597,12,71751,19.0,"new run, tau0.001",published edges
9,7.036930656433105,74262.6484375,0.05635213851928711,12,71081,22.0,"new run, tau0.001",published edges
0,0.0,0.15264569222927094,0.8157633692026138,11,66370,7.0,"new run, tau0.001, no cartpole",deciles
1,0.15264569222927094,0.337713897228241,0.7173023819923401,11,66372,7.0,"new run, tau0.001, no cartpole",deciles
2,0.337713897228241,0.5826120972633364,0.5856912434101105,11,66371,9.0,"new run, tau0.001, no cartpole",deciles
3,0.5826120972633364,0.9305558681488039,0.5275022089481354,11,66371,10.0,"new run, tau0.001, no cartpole",deciles
4,0.9305558681488039,1.42908775806427,0.42881011962890625,11,66371,12.0,"new run, tau0.001, no cartpole",deciles
5,1.42908775806427,2.109192180633545,0.34712475538253784,11,66371,13.0,"new run, tau0.001, no cartpole",deciles
6,2.109192180633545,2.990277552604675,0.2832149267196655,11,66371,15.0,"new run, tau0.001, no cartpole",deciles
7,2.990277552604675,4.132307815551759,0.19505107402801514,11,66371,17.0,"new run, tau0.001, no cartpole",deciles
8,4.132307815551759,5.910832405090331,0.17467021942138672,11,66371,19.0,"new run, tau0.001, no cartpole",deciles
9,5.910832405090331,11559.1591796875,0.0952407717704773,11,66371,23.0,"new run, tau0.001, no cartpole",deciles
0,0.0,0.1646703064441681,0.8010990172624588,11,70799,7.0,"new run, tau0.001, no cartpole",published edges
1,0.1646703064441681,0.3620149254798889,0.7078779637813568,11,69714,8.0,"new run, tau0.001, no cartpole",published edges
2,0.3620149254798889,0.6287125468254091,0.5744334161281586,11,68909,9.0,"new run, tau0.001, no cartpole",published edges
3,0.6287125468254091,1.0134487152099614,0.5133295655250549,11,68826,11.0,"new run, tau0.001, no cartpole",published edges
4,1.0134487152099614,1.5638152360916138,0.40762531757354736,11,68569,12.0,"new run, tau0.001, no cartpole",published edges
5,1.5638152360916138,2.316591930389405,0.34898126125335693,11,68446,14.0,"new run, tau0.001, no cartpole",published edges
6,2.316591930389405,3.2895487308502207,0.22978931665420532,11,68575,16.0,"new run, tau0.001, no cartpole",published edges
7,3.2895487308502207,4.601943588256838,0.20543426275253296,11,68734,18.0,"new run, tau0.001, no cartpole",published edges
8,4.601943588256838,7.036930656433105,0.1641330122947693,11,67776,20.0,"new run, tau0.001, no cartpole",published edges
9,7.036930656433105,74262.6484375,0.034955382347106934,11,43362,24.0,"new run, tau0.001, no cartpole",published edges
