level,variant,pairs,share_far,median_e
worlds_l_grasp_easy,orig,3218,0.12865133623368552,0.9368213415145874
worlds_l_grasp_easy,tau1e-05,3218,0.12865133623368552,0.9368213415145874
worlds_l_grasp_easy,tau0.0001,3218,0.12865133623368552,0.9368213415145874
worlds_l_grasp_easy,tau0.001,3218,0.12865133623368552,0.9368213415145874
worlds_l_catapult,orig,3516,0.026734926052332197,0.3297925889492035
worlds_l_catapult,tau1e-05,3516,0.026734926052332197,0.3297925889492035
worlds_l_catapult,tau0.0001,3516,0.026734926052332197,0.3297925889492035
worlds_l_catapult,tau0.001,3516,0.026734926052332197,0.3297925889492035
worlds_l_cartpole_thrust,orig,3380,0.9689349112426036,29.58184814453125
worlds_l_cartpole_thrust,tau1e-05,3380,0.9644970414201184,29.571935653686523
worlds_l_cartpole_thrust,tau0.0001,3380,0.9644970414201184,29.571935653686523
worlds_l_cartpole_thrust,tau0.001,3380,0.9644970414201184,29.571935653686523
worlds_l_hard_lunar_lander,orig,3287,0.026163675083662914,0.17543649673461914
worlds_l_hard_lunar_lander,tau1e-05,3287,0.026163675083662914,0.17543649673461914
worlds_l_hard_lunar_lander,tau0.0001,3287,0.026163675083662914,0.17543649673461914
worlds_l_hard_lunar_lander,tau0.001,3287,0.026163675083662914,0.17543649673461914
worlds_l_mjc_half_cheetah,orig,3317,0.16400361772686162,1.2897273302078247
worlds_l_mjc_half_cheetah,tau1e-05,3317,0.16400361772686162,1.2897273302078247
worlds_l_mjc_half_cheetah,tau0.0001,3317,0.16400361772686162,1.2897273302078247
worlds_l_mjc_half_cheetah,tau0.001,3317,0.16400361772686162,1.2897273302078247
worlds_l_mjc_swimmer,orig,3525,0.4266666666666667,2.000213146209717
worlds_l_mjc_swimmer,tau1e-05,3525,0.4266666666666667,2.000213146209717
worlds_l_mjc_swimmer,tau0.0001,3525,0.4266666666666667,2.000213146209717
worlds_l_mjc_swimmer,tau0.001,3525,0.4266666666666667,2.000213146209717
worlds_l_mjc_walker,orig,3511,0.32213044716604955,1.5875589847564697
worlds_l_mjc_walker,tau1e-05,3511,0.32213044716604955,1.5875589847564697
worlds_l_mjc_walker,tau0.0001,3511,0.32213044716604955,1.5875589847564697
worlds_l_mjc_walker,tau0.001,3511,0.32213044716604955,1.5875589847564697
worlds_l_h17_unicycle,orig,3485,0.006886657101865136,0.23674671351909637
worlds_l_h17_unicycle,tau1e-05,3485,0.006886657101865136,0.23674671351909637
worlds_l_h17_unicycle,tau0.0001,3485,0.006886657101865136,0.23674671351909637
worlds_l_h17_unicycle,tau0.001,3485,0.006886657101865136,0.23674671351909637
worlds_l_chain_lander,orig,3336,0.19394484412470023,0.40673738718032837
worlds_l_chain_lander,tau1e-05,3336,0.19394484412470023,0.40673738718032837
worlds_l_chain_lander,tau0.0001,3336,0.17805755395683454,0.3593583106994629
worlds_l_chain_lander,tau0.001,3336,0.17805755395683454,0.3593583106994629
worlds_l_catcher_v3,orig,3348,0.08751493428912784,0.5711827278137207
worlds_l_catcher_v3,tau1e-05,3348,0.08751493428912784,0.5711827278137207
worlds_l_catcher_v3,tau0.0001,3348,0.08751493428912784,0.5711827278137207
worlds_l_catcher_v3,tau0.001,3348,0.08751493428912784,0.5711827278137207
worlds_l_trampoline,orig,3448,0.037703016241299306,0.32398033142089844
worlds_l_trampoline,tau1e-05,3448,0.037703016241299306,0.32398033142089844
worlds_l_trampoline,tau0.0001,3448,0.036832946635730855,0.31463387608528137
worlds_l_trampoline,tau0.001,3448,0.036832946635730855,0.31463387608528137
worlds_l_car_launch,orig,3293,0.03583358639538415,0.6586251854896545
worlds_l_car_launch,tau1e-05,3293,0.03583358639538415,0.6586251854896545
worlds_l_car_launch,tau0.0001,3293,0.03583358639538415,0.6586251854896545
worlds_l_car_launch,tau0.001,3293,0.03583358639538415,0.6586251854896545
