level,pairs,size_ratio,overshoot_reflex,overshoot_T3,e_col
worlds_l_car_launch,1491.0,0.8928961157798767,0.3346747149564051,0.28772635814889336,e
worlds_l_cartpole_thrust,12779.0,0.9522695541381836,0.5498224852071006,0.4594871794871795,e
worlds_l_catapult,916.0,0.6923062801361084,0.36140350877192984,0.3017543859649123,e
worlds_l_catcher_v3,1421.0,0.8048943281173706,0.33004926108374383,0.247009148486981,e
worlds_l_chain_lander,2462.0,0.8384939432144165,0.298440065681445,0.24917898193760263,e
worlds_l_grasp_easy,1256.0,0.7551120519638062,0.4211783439490446,0.22372611464968153,e
worlds_l_h17_unicycle,225.0,0.9545581936836243,0.49765258215962443,0.5117370892018779,e
worlds_l_hard_lunar_lander,417.0,0.9197883605957031,0.302158273381295,0.2829736211031175,e
worlds_l_mjc_half_cheetah,1964.0,0.7589548230171204,0.3905295315682281,0.26578411405295316,e
worlds_l_mjc_swimmer,5822.0,0.8039005398750305,0.33075601374570446,0.2486254295532646,e
worlds_l_mjc_walker,4312.0,0.7397236824035645,0.3529684601113173,0.27620593692022266,e
worlds_l_trampoline,612.0,0.8939303755760193,0.393526405451448,0.32538330494037476,e
worlds_l_car_launch,1491.0,0.8928961157798767,0.3346747149564051,0.28772635814889336,e_rel
worlds_l_cartpole_thrust,12752.0,0.9525413513183594,0.5502846299810247,0.4596774193548387,e_rel
worlds_l_catapult,916.0,0.6923062801361084,0.36140350877192984,0.3017543859649123,e_rel
worlds_l_catcher_v3,1421.0,0.8048943281173706,0.33004926108374383,0.247009148486981,e_rel
worlds_l_chain_lander,2275.0,0.844779372215271,0.28888888888888886,0.24355555555555555,e_rel
worlds_l_grasp_easy,1256.0,0.7551120519638062,0.4211783439490446,0.22372611464968153,e_rel
worlds_l_h17_unicycle,225.0,0.9545581936836243,0.49765258215962443,0.5117370892018779,e_rel
worlds_l_hard_lunar_lander,417.0,0.9197883605957031,0.302158273381295,0.2829736211031175,e_rel
worlds_l_mjc_half_cheetah,1964.0,0.7589548230171204,0.3905295315682281,0.26578411405295316,e_rel
worlds_l_mjc_swimmer,5822.0,0.8039005398750305,0.33075601374570446,0.2486254295532646,e_rel
worlds_l_mjc_walker,4312.0,0.7397236824035645,0.3529684601113173,0.27620593692022266,e_rel
worlds_l_trampoline,600.0,0.8914896845817566,0.3940972222222222,0.3246527777777778,e_rel
