bin,pairs,e_lo,size_ratio,lin_ratio,overshoot_reflex,overshoot_T3,proj_reflex,proj_T3,res_reflex,res_T3,e_col
0,17652.0,0.0,0.7531622648239136,0.5489635467529297,0.4972067039106145,0.2973447994476178,1.0,0.9350073933601379,0.005878371652215719,0.007391996216028929,e
1,28900.0,0.1646703064441681,0.7807826399803162,0.5941177606582642,0.4898758498374224,0.30860183269287617,0.9992452263832092,0.9027023315429688,0.01827680505812168,0.020592302083969116,e
2,25755.0,0.3620149254798889,0.7593933939933777,0.5981497764587402,0.46551724137931033,0.2961460446247465,0.9852586984634399,0.840019702911377,0.03093400038778782,0.03411107510328293,e
3,22031.0,0.6287125468254091,0.7326311469078064,0.6013445854187012,0.4493729679516953,0.27445424988388295,0.9634661674499512,0.771527886390686,0.06515366584062576,0.07630063593387604,e
4,19217.0,1.0134487152099614,0.7209820747375488,0.6237491965293884,0.4269354583355322,0.2536809330307668,0.9163640141487122,0.6984740495681763,0.11070594936609268,0.12698973715305328,e
5,15337.0,1.5638152360916138,0.7469666600227356,0.6262909173965454,0.4069919979010888,0.27036599763872493,0.8657011985778809,0.6617324352264404,0.2143283188343048,0.23343272507190704,e
6,10335.0,2.316591930389405,0.7740764021873474,0.6346602439880371,0.3753165789986363,0.27771283849600625,0.7833983898162842,0.6152600049972534,0.307626336812973,0.3215998113155365,e
7,6502.0,3.2895487308502207,0.8019902110099792,0.6405678987503052,0.351093316907915,0.2696335078534031,0.6985130310058594,0.570266842842102,0.3912210762500763,0.3967560827732086,e
8,3990.0,4.601943588256838,0.8321462869644165,0.6135917901992798,0.34360010098459987,0.2865438020701843,0.7317475080490112,0.6027884483337402,0.3732967674732208,0.3731243312358856,e
9,12609.0,7.036930656433105,0.9185495972633362,0.6883029341697693,0.5275086089533114,0.44173940898534475,1.0078591108322144,0.9706013798713684,0.07168079167604446,0.07095834612846375,e
0,18242.0,0.0,0.7539027333259583,0.5496304631233215,0.49530331495060903,0.2977395309375189,1.0,0.9345946907997131,0.005690273828804493,0.007155493833124638,e_rel
1,29567.0,0.1646703064441681,0.7817567586898804,0.5924546718597412,0.48871828143021917,0.30893166089965396,0.9987825155258179,0.9019705057144165,0.017925690859556198,0.020185554400086403,e_rel
2,25761.0,0.3620149254798889,0.7601426243782043,0.5948042869567871,0.464882400648824,0.29712084347120843,0.9843504428863525,0.8384304046630859,0.03102644346654415,0.03421195596456528,e_rel
3,21065.0,0.6287125468254091,0.7309479117393494,0.6053229570388794,0.4497398239556485,0.2712152895978213,0.9637963175773621,0.7651882767677307,0.0692225843667984,0.08083903044462204,e_rel
4,19142.0,1.0134487152099614,0.720879852771759,0.6233987808227539,0.42629988869454605,0.25245137011713575,0.9146602153778076,0.6967134475708008,0.11028483510017395,0.12667112052440643,e_rel
5,15343.0,1.5638152360916138,0.7469645738601685,0.6269108653068542,0.4078248902287175,0.27203617537191166,0.8656367659568787,0.6625736951828003,0.21425315737724304,0.23322394490242004,e_rel
6,10317.0,2.316591930389405,0.7743523716926575,0.6333187222480774,0.3740733515411627,0.2745805696449473,0.7779027223587036,0.6118413209915161,0.3083133101463318,0.3223456144332886,e_rel
7,6405.0,3.2895487308502207,0.8021793365478516,0.6418301463127136,0.3500078161638268,0.2709082382366734,0.6907020807266235,0.5663108229637146,0.3968569338321686,0.40261608362197876,e_rel
8,3932.0,4.601943588256838,0.8333813548088074,0.6172757148742676,0.3441025641025641,0.2882051282051282,0.7386884689331055,0.6106131076812744,0.376761257648468,0.37680473923683167,e_rel
9,12554.0,7.036930656433105,0.9182342886924744,0.6878020763397217,0.529071170084439,0.44278246883795735,1.008410096168518,0.9708744883537292,0.07178568094968796,0.07104519754648209,e_rel
