level,predictor,k,err,ratio
worlds/l/grasp_easy.json,hold,1,2.8267617225646973,9.423197722625497
worlds/l/grasp_easy.json,hold,2,3.9498214721679688,8.68956766826094
worlds/l/grasp_easy.json,hold,3,4.922360420227051,8.54018504672704
worlds/l/grasp_easy.json,hold,4,5.7748613357543945,8.673894098846448
worlds/l/grasp_easy.json,hold,5,6.408454418182373,8.159428624595181
worlds/l/grasp_easy.json,hold,6,6.895410537719727,7.687441921785524
worlds/l/grasp_easy.json,hold,7,7.335532188415527,8.763033171980865
worlds/l/grasp_easy.json,learned,1,0.8556137084960938,2.8522450565916118
worlds/l/grasp_easy.json,learned,2,1.25230872631073,2.7550666518752456
worlds/l/grasp_easy.json,learned,3,1.3035633563995361,2.261653217842004
worlds/l/grasp_easy.json,learned,4,1.368727445602417,2.0558410363612762
worlds/l/grasp_easy.json,learned,5,1.6074936389923096,2.046707170863934
worlds/l/grasp_easy.json,learned,6,1.8245718479156494,2.034148661091158
worlds/l/grasp_easy.json,learned,7,1.7975752353668213,2.1473849493192994
worlds/l/grasp_easy.json,noise,1,0.299979031085968,1.0
worlds/l/grasp_easy.json,noise,2,0.4545475244522095,1.0
worlds/l/grasp_easy.json,noise,3,0.5763763189315796,1.0
worlds/l/grasp_easy.json,noise,4,0.665774941444397,1.0
worlds/l/grasp_easy.json,noise,5,0.7854048013687134,1.0
worlds/l/grasp_easy.json,noise,6,0.8969707489013672,1.0
worlds/l/grasp_easy.json,noise,7,0.8370996713638306,1.0
worlds/l/grasp_easy.json,oracle,1,0.0,0.0
worlds/l/grasp_easy.json,oracle,2,0.0,0.0
worlds/l/grasp_easy.json,oracle,3,0.0,0.0
worlds/l/grasp_easy.json,oracle,4,0.0,0.0
worlds/l/grasp_easy.json,oracle,5,0.0,0.0
worlds/l/grasp_easy.json,oracle,6,0.0,0.0
worlds/l/grasp_easy.json,oracle,7,0.0,0.0
worlds/l/grasp_easy.json,phys0.1,1,0.38018810749053955,1.2673822770685101
worlds/l/grasp_easy.json,phys0.1,2,0.5247402787208557,1.154423356178736
worlds/l/grasp_easy.json,phys0.1,3,0.716559112071991,1.2432140053919394
worlds/l/grasp_easy.json,phys0.1,4,0.8839859962463379,1.3277549832808857
worlds/l/grasp_easy.json,phys0.1,5,0.9144244194030762,1.1642714913500938
worlds/l/grasp_easy.json,phys0.1,6,1.022452712059021,1.1398952678349292
worlds/l/grasp_easy.json,phys0.1,7,0.9778263568878174,1.16811222168408
worlds/l/grasp_easy.json,phys0.2,1,0.7195541858673096,2.3986816120527426
worlds/l/grasp_easy.json,phys0.2,2,0.9839956760406494,2.1647806293225242
worlds/l/grasp_easy.json,phys0.2,3,1.2016053199768066,2.084758308953784
worlds/l/grasp_easy.json,phys0.2,4,1.3098607063293457,1.9674226601073426
worlds/l/grasp_easy.json,phys0.2,5,1.4455231428146362,1.8404816730118587
worlds/l/grasp_easy.json,phys0.2,6,1.4904041290283203,1.6615972492456477
worlds/l/grasp_easy.json,phys0.2,7,1.53634774684906,1.835322362922436
worlds/l/grasp_easy.json,phys0.3,1,1.0276243686676025,3.425654003039652
worlds/l/grasp_easy.json,phys0.3,2,1.4306660890579224,3.1474510630809536
worlds/l/grasp_easy.json,phys0.3,3,1.5846003293991089,2.74924606954092
worlds/l/grasp_easy.json,phys0.3,4,1.714140772819519,2.5746549864143207
worlds/l/grasp_easy.json,phys0.3,5,1.9855310916900635,2.5280353369751594
worlds/l/grasp_easy.json,phys0.3,6,2.0862913131713867,2.3259301551658513
worlds/l/grasp_easy.json,phys0.3,7,2.1121621131896973,2.523190708877585
worlds/l/catapult.json,hold,1,1.264230489730835,21.747366795376692
worlds/l/catapult.json,hold,2,1.8021812438964844,21.83203127115422
worlds/l/catapult.json,hold,3,2.2843098640441895,21.37597034477311
worlds/l/catapult.json,hold,4,2.416595458984375,17.83235658077006
worlds/l/catapult.json,hold,5,2.912386894226074,23.45988495656163
worlds/l/catapult.json,hold,6,3.1390626430511475,21.721652099564164
worlds/l/catapult.json,hold,7,3.2971668243408203,20.25618449120953
worlds/l/catapult.json,learned,1,0.3810083866119385,6.554128541488237
worlds/l/catapult.json,learned,2,0.6462709903717041,7.829072974330258
worlds/l/catapult.json,learned,3,0.8663901686668396,8.107451114200972
worlds/l/catapult.json,learned,4,0.8625789880752563,6.365076966958428
worlds/l/catapult.json,learned,5,1.1059300899505615,8.908497951174358
worlds/l/catapult.json,learned,6,1.305309772491455,9.03246860109209
worlds/l/catapult.json,learned,7,1.4319202899932861,8.797019719076262
worlds/l/catapult.json,noise,1,0.05813257768750191,1.0
worlds/l/catapult.json,noise,2,0.08254757523536682,1.0
worlds/l/catapult.json,noise,3,0.10686344653367996,1.0
worlds/l/catapult.json,noise,4,0.1355174481868744,1.0
worlds/l/catapult.json,noise,5,0.12414327263832092,1.0
worlds/l/catapult.json,noise,6,0.1445130705833435,1.0
worlds/l/catapult.json,noise,7,0.16277334094047546,1.0
worlds/l/catapult.json,oracle,1,0.0,0.0
worlds/l/catapult.json,oracle,2,0.0,0.0
worlds/l/catapult.json,oracle,3,0.0,0.0
worlds/l/catapult.json,oracle,4,0.0,0.0
worlds/l/catapult.json,oracle,5,0.0,0.0
worlds/l/catapult.json,oracle,6,0.0,0.0
worlds/l/catapult.json,oracle,7,0.0,0.0
worlds/l/catapult.json,phys0.1,1,0.09026646614074707,1.5527690278243713
worlds/l/catapult.json,phys0.1,2,0.14962586760520935,1.8126016079646563
worlds/l/catapult.json,phys0.1,3,0.1289481818675995,1.2066631392705374
worlds/l/catapult.json,phys0.1,4,0.16762593388557434,1.2369324845493204
worlds/l/catapult.json,phys0.1,5,0.2056790292263031,1.656787555661824
worlds/l/catapult.json,phys0.1,6,0.20767554640769958,1.4370710245751026
worlds/l/catapult.json,phys0.1,7,0.21926340460777283,1.3470473932703464
worlds/l/catapult.json,phys0.2,1,0.18412664532661438,3.1673573175510557
worlds/l/catapult.json,phys0.2,2,0.2822594940662384,3.419355362788496
worlds/l/catapult.json,phys0.2,3,0.2742054760456085,2.5659426580368403
worlds/l/catapult.json,phys0.2,4,0.3333836793899536,2.4600793761274766
worlds/l/catapult.json,phys0.2,5,0.3685019314289093,2.968360053649488
worlds/l/catapult.json,phys0.2,6,0.3711163401603699,2.5680468808967687
worlds/l/catapult.json,phys0.2,7,0.3793257474899292,2.330392343723194
worlds/l/catapult.json,phys0.3,1,0.2706592082977295,4.655895524755293
worlds/l/catapult.json,phys0.3,2,0.38541585206985474,4.669014819283589
worlds/l/catapult.json,phys0.3,3,0.3710421025753021,3.472114316080583
worlds/l/catapult.json,phys0.3,4,0.4723586142063141,3.485592597308548
worlds/l/catapult.json,phys0.3,5,0.48514506220817566,3.9079448438708195
worlds/l/catapult.json,phys0.3,6,0.5341882705688477,3.6964702805949368
worlds/l/catapult.json,phys0.3,7,0.5524626970291138,3.394061299209578
worlds/l/cartpole_thrust.json,hold,1,832.0482788085938,75.07508929982791
worlds/l/cartpole_thrust.json,hold,2,14.15751838684082,16.67332437907376
worlds/l/cartpole_thrust.json,hold,3,3.937199831008911,5.895197522946604
worlds/l/cartpole_thrust.json,hold,4,7.388368606567383,7.698769526062948
worlds/l/cartpole_thrust.json,hold,5,3.847332000732422,4.387488210933796
worlds/l/cartpole_thrust.json,hold,6,7.490427017211914,6.9122320398921975
worlds/l/cartpole_thrust.json,hold,7,7.083963394165039,4.362041747576949
worlds/l/cartpole_thrust.json,learned,1,17.746492385864258,1.601252637088821
worlds/l/cartpole_thrust.json,learned,2,22.920671463012695,26.993699025968056
worlds/l/cartpole_thrust.json,learned,3,25.529537200927734,38.22555900860033
worlds/l/cartpole_thrust.json,learned,4,32.44513702392578,33.808225535296785
worlds/l/cartpole_thrust.json,learned,5,39.142234802246094,44.63771094144297
worlds/l/cartpole_thrust.json,learned,6,50.283363342285156,46.401930673567506
worlds/l/cartpole_thrust.json,learned,7,63.080955505371094,38.842911246283336
worlds/l/cartpole_thrust.json,noise,1,11.082880973815918,1.0
worlds/l/cartpole_thrust.json,noise,2,0.8491119146347046,1.0
worlds/l/cartpole_thrust.json,noise,3,0.6678656339645386,1.0
worlds/l/cartpole_thrust.json,noise,4,0.9596817493438721,1.0
worlds/l/cartpole_thrust.json,noise,5,0.8768871426582336,1.0
worlds/l/cartpole_thrust.json,noise,6,1.0836480855941772,1.0
worlds/l/cartpole_thrust.json,noise,7,1.6240017414093018,1.0
worlds/l/cartpole_thrust.json,oracle,1,0.0,0.0
worlds/l/cartpole_thrust.json,oracle,2,0.0,0.0
worlds/l/cartpole_thrust.json,oracle,3,0.0,0.0
worlds/l/cartpole_thrust.json,oracle,4,0.0,0.0
worlds/l/cartpole_thrust.json,oracle,5,0.0,0.0
worlds/l/cartpole_thrust.json,oracle,6,0.0,0.0
worlds/l/cartpole_thrust.json,oracle,7,0.0,0.0
worlds/l/cartpole_thrust.json,phys0.1,1,14.828339576721191,1.3379499077680417
worlds/l/cartpole_thrust.json,phys0.1,2,5.39194393157959,6.350098071464763
worlds/l/cartpole_thrust.json,phys0.1,3,1.5653269290924072,2.3437752288591645
worlds/l/cartpole_thrust.json,phys0.1,4,4.481527805328369,4.6698062231488295
worlds/l/cartpole_thrust.json,phys0.1,5,2.059868097305298,2.3490686510249477
worlds/l/cartpole_thrust.json,phys0.1,6,2.4052085876464844,2.2195476738443918
worlds/l/cartpole_thrust.json,phys0.1,7,3.5089802742004395,2.160699822375413
worlds/l/cartpole_thrust.json,phys0.2,1,29.145959854125977,2.6298179979542637
worlds/l/cartpole_thrust.json,phys0.2,2,13.649566650390625,16.075109081778447
worlds/l/cartpole_thrust.json,phys0.2,3,2.93528151512146,4.395018048311965
worlds/l/cartpole_thrust.json,phys0.2,4,15.056321144104004,15.688868892628113
worlds/l/cartpole_thrust.json,phys0.2,5,3.511629104614258,4.004653431191787
worlds/l/cartpole_thrust.json,phys0.2,6,4.3919901847839355,4.052967234631116
worlds/l/cartpole_thrust.json,phys0.2,7,6.560751914978027,4.0398675368935475
worlds/l/cartpole_thrust.json,phys0.3,1,42.712860107421875,3.8539491859863872
worlds/l/cartpole_thrust.json,phys0.3,2,22.506296157836914,26.505688790763607
worlds/l/cartpole_thrust.json,phys0.3,3,4.886844635009766,7.317107493614862
worlds/l/cartpole_thrust.json,phys0.3,4,24.40106964111328,25.426209946991413
worlds/l/cartpole_thrust.json,phys0.3,5,6.510235786437988,7.424257318567333
worlds/l/cartpole_thrust.json,phys0.3,6,7.198082447052002,6.642453895080899
worlds/l/cartpole_thrust.json,phys0.3,7,36.247684478759766,22.31997882422477
worlds/l/hard_lunar_lander.json,hold,1,0.7571711540222168,10.7108956547144
worlds/l/hard_lunar_lander.json,hold,2,1.536602258682251,15.06223961053046
worlds/l/hard_lunar_lander.json,hold,3,2.1450908184051514,15.341131074605704
worlds/l/hard_lunar_lander.json,hold,4,2.5904645919799805,12.485457189745505
worlds/l/hard_lunar_lander.json,hold,5,3.0602307319641113,13.944333912331187
worlds/l/hard_lunar_lander.json,hold,6,3.4943184852600098,13.287408373444919
worlds/l/hard_lunar_lander.json,hold,7,3.906154155731201,13.471457809853856
worlds/l/hard_lunar_lander.json,learned,1,0.18062353134155273,2.555089145575984
worlds/l/hard_lunar_lander.json,learned,2,0.2805348038673401,2.749886908643948
worlds/l/hard_lunar_lander.json,learned,3,0.42460450530052185,3.0366608792472634
worlds/l/hard_lunar_lander.json,learned,4,0.5392324924468994,2.598979434271904
worlds/l/hard_lunar_lander.json,learned,5,0.8715792894363403,3.9714628429903667
worlds/l/hard_lunar_lander.json,learned,6,1.4074859619140625,5.352071036092607
worlds/l/hard_lunar_lander.json,learned,7,1.9184073209762573,6.6161606163770745
worlds/l/hard_lunar_lander.json,noise,1,0.07069167494773865,1.0
worlds/l/hard_lunar_lander.json,noise,2,0.10201685130596161,1.0
worlds/l/hard_lunar_lander.json,noise,3,0.13982611894607544,1.0
worlds/l/hard_lunar_lander.json,noise,4,0.20747855305671692,1.0
worlds/l/hard_lunar_lander.json,noise,5,0.21946051716804504,1.0
worlds/l/hard_lunar_lander.json,noise,6,0.2629796862602234,1.0
worlds/l/hard_lunar_lander.json,noise,7,0.28995779156684875,1.0
worlds/l/hard_lunar_lander.json,oracle,1,0.0,0.0
worlds/l/hard_lunar_lander.json,oracle,2,0.0,0.0
worlds/l/hard_lunar_lander.json,oracle,3,0.0,0.0
worlds/l/hard_lunar_lander.json,oracle,4,0.0,0.0
worlds/l/hard_lunar_lander.json,oracle,5,0.0,0.0
worlds/l/hard_lunar_lander.json,oracle,6,0.0,0.0
worlds/l/hard_lunar_lander.json,oracle,7,0.0,0.0
worlds/l/hard_lunar_lander.json,phys0.1,1,0.06389878690242767,0.9039082317637422
worlds/l/hard_lunar_lander.json,phys0.1,2,0.13268877565860748,1.3006554697581956
worlds/l/hard_lunar_lander.json,phys0.1,3,0.19943737983703613,1.4263242185385268
worlds/l/hard_lunar_lander.json,phys0.1,4,0.35713785886764526,1.7213242217378346
worlds/l/hard_lunar_lander.json,phys0.1,5,0.33387187123298645,1.5213300120738096
worlds/l/hard_lunar_lander.json,phys0.1,6,0.5222874879837036,1.986037383385157
worlds/l/hard_lunar_lander.json,phys0.1,7,0.5426496267318726,1.8714779961578187
worlds/l/hard_lunar_lander.json,phys0.2,1,0.12950173020362854,1.831923353059145
worlds/l/hard_lunar_lander.json,phys0.2,2,0.2640078663825989,2.587884873948966
worlds/l/hard_lunar_lander.json,phys0.2,3,0.39715099334716797,2.840320509076927
worlds/l/hard_lunar_lander.json,phys0.2,4,0.6129487156867981,2.9542750643688973
worlds/l/hard_lunar_lander.json,phys0.2,5,0.6904311180114746,3.1460379612739113
worlds/l/hard_lunar_lander.json,phys0.2,6,0.9004223346710205,3.4239235260933256
worlds/l/hard_lunar_lander.json,phys0.2,7,0.9964866638183594,3.4366611030992864
worlds/l/hard_lunar_lander.json,phys0.3,1,0.19544170796871185,2.7647061427416895
worlds/l/hard_lunar_lander.json,phys0.3,2,0.3948828876018524,3.870761374682581
worlds/l/hard_lunar_lander.json,phys0.3,3,0.5885776281356812,4.209353964567011
worlds/l/hard_lunar_lander.json,phys0.3,4,0.8772242665290833,4.2280238299583806
worlds/l/hard_lunar_lander.json,phys0.3,5,1.093430519104004,4.982356431187773
worlds/l/hard_lunar_lander.json,phys0.3,6,1.32722806930542,5.04688437414935
worlds/l/hard_lunar_lander.json,phys0.3,7,1.474308967590332,5.084564065768294
worlds/l/mjc_half_cheetah.json,hold,1,4.11610221862793,18.55525143674976
worlds/l/mjc_half_cheetah.json,hold,2,6.515908241271973,18.250049456974935
worlds/l/mjc_half_cheetah.json,hold,3,8.1117582321167,14.217053897530196
worlds/l/mjc_half_cheetah.json,hold,4,9.022151947021484,10.937752331975231
worlds/l/mjc_half_cheetah.json,hold,5,9.436915397644043,10.296686554821108
worlds/l/mjc_half_cheetah.json,hold,6,9.392536163330078,8.47162752250096
worlds/l/mjc_half_cheetah.json,hold,7,8.881999015808105,6.6415674923386865
worlds/l/mjc_half_cheetah.json,learned,1,0.9512224197387695,4.288078923465106
worlds/l/mjc_half_cheetah.json,learned,2,1.1449973583221436,3.2069602032034763
worlds/l/mjc_half_cheetah.json,learned,3,1.4666838645935059,2.5705800095231153
worlds/l/mjc_half_cheetah.json,learned,4,1.7611476182937622,2.135077815365832
worlds/l/mjc_half_cheetah.json,learned,5,1.8473167419433594,2.0156206406187382
worlds/l/mjc_half_cheetah.json,learned,6,2.1041219234466553,1.8978193841788156
worlds/l/mjc_half_cheetah.json,learned,7,2.357189178466797,1.7626022017266847
worlds/l/mjc_half_cheetah.json,noise,1,0.22182950377464294,1.0
worlds/l/mjc_half_cheetah.json,noise,2,0.3570351004600525,1.0
worlds/l/mjc_half_cheetah.json,noise,3,0.5705653429031372,1.0
worlds/l/mjc_half_cheetah.json,noise,4,0.8248634338378906,1.0
worlds/l/mjc_half_cheetah.json,noise,5,0.9165002107620239,1.0
worlds/l/mjc_half_cheetah.json,noise,6,1.1087050437927246,1.0
worlds/l/mjc_half_cheetah.json,noise,7,1.3373347520828247,1.0
worlds/l/mjc_half_cheetah.json,oracle,1,0.0,0.0
worlds/l/mjc_half_cheetah.json,oracle,2,0.0,0.0
worlds/l/mjc_half_cheetah.json,oracle,3,0.0,0.0
worlds/l/mjc_half_cheetah.json,oracle,4,0.0,0.0
worlds/l/mjc_half_cheetah.json,oracle,5,0.0,0.0
worlds/l/mjc_half_cheetah.json,oracle,6,0.0,0.0
worlds/l/mjc_half_cheetah.json,oracle,7,0.0,0.0
worlds/l/mjc_half_cheetah.json,phys0.1,1,0.3731366693973541,1.682087653121311
worlds/l/mjc_half_cheetah.json,phys0.1,2,0.5847839117050171,1.6378891345738895
worlds/l/mjc_half_cheetah.json,phys0.1,3,0.9523918628692627,1.6692073479670615
worlds/l/mjc_half_cheetah.json,phys0.1,4,1.2377889156341553,1.500598601971022
worlds/l/mjc_half_cheetah.json,phys0.1,5,1.4914153814315796,1.6272940954280224
worlds/l/mjc_half_cheetah.json,phys0.1,6,1.559187889099121,1.4063144186350571
worlds/l/mjc_half_cheetah.json,phys0.1,7,1.8621485233306885,1.3924326130241478
worlds/l/mjc_half_cheetah.json,phys0.2,1,0.7038871049880981,3.1730995787791083
worlds/l/mjc_half_cheetah.json,phys0.2,2,1.1698276996612549,3.276506142264136
worlds/l/mjc_half_cheetah.json,phys0.2,3,1.7148969173431396,3.0056100299002413
worlds/l/mjc_half_cheetah.json,phys0.2,4,2.0803537368774414,2.5220583814681383
worlds/l/mjc_half_cheetah.json,phys0.2,5,2.3130369186401367,2.523771289388971
worlds/l/mjc_half_cheetah.json,phys0.2,6,2.4934778213500977,2.2490001604216205
worlds/l/mjc_half_cheetah.json,phys0.2,7,2.867722511291504,2.1443565321436426
worlds/l/mjc_half_cheetah.json,phys0.3,1,1.0470432043075562,4.720035822517322
worlds/l/mjc_half_cheetah.json,phys0.3,2,1.6428823471069336,4.601458918156845
worlds/l/mjc_half_cheetah.json,phys0.3,3,2.2595574855804443,3.960208087794847
worlds/l/mjc_half_cheetah.json,phys0.3,4,2.7990849018096924,3.3933919082656208
worlds/l/mjc_half_cheetah.json,phys0.3,5,3.127887725830078,3.4128608909204683
worlds/l/mjc_half_cheetah.json,phys0.3,6,3.339552402496338,3.0121197889315963
worlds/l/mjc_half_cheetah.json,phys0.3,7,3.6665215492248535,2.7416632548540667
worlds/l/mjc_swimmer.json,hold,1,3.780081272125244,9.982754278374532
worlds/l/mjc_swimmer.json,hold,2,4.776463031768799,5.651572721274257
worlds/l/mjc_swimmer.json,hold,3,5.441886901855469,4.08531050158106
worlds/l/mjc_swimmer.json,hold,4,5.9465436935424805,3.2485422229793848
worlds/l/mjc_swimmer.json,hold,5,6.2535319328308105,2.7304239237690267
worlds/l/mjc_swimmer.json,hold,6,6.417485237121582,2.5549694307890474
worlds/l/mjc_swimmer.json,hold,7,6.423994064331055,2.3201313331407367
worlds/l/mjc_swimmer.json,learned,1,1.074819564819336,2.8384732593721274
worlds/l/mjc_swimmer.json,learned,2,1.5549259185791016,1.8398084202882892
worlds/l/mjc_swimmer.json,learned,3,2.024129629135132,1.5195461022256198
worlds/l/mjc_swimmer.json,learned,4,2.413198471069336,1.3183081685267082
worlds/l/mjc_swimmer.json,learned,5,2.8234763145446777,1.2327893037460187
worlds/l/mjc_swimmer.json,learned,6,2.996452808380127,1.1929665660823665
worlds/l/mjc_swimmer.json,learned,7,3.160585403442383,1.1414975095182514
worlds/l/mjc_swimmer.json,noise,1,0.3786611557006836,1.0
worlds/l/mjc_swimmer.json,noise,2,0.8451564311981201,1.0
worlds/l/mjc_swimmer.json,noise,3,1.332062005996704,1.0
worlds/l/mjc_swimmer.json,noise,4,1.8305268287658691,1.0
worlds/l/mjc_swimmer.json,noise,5,2.2903153896331787,1.0
worlds/l/mjc_swimmer.json,noise,6,2.511765956878662,1.0
worlds/l/mjc_swimmer.json,noise,7,2.768806219100952,1.0
worlds/l/mjc_swimmer.json,oracle,1,0.0,0.0
worlds/l/mjc_swimmer.json,oracle,2,0.0,0.0
worlds/l/mjc_swimmer.json,oracle,3,0.0,0.0
worlds/l/mjc_swimmer.json,oracle,4,0.0,0.0
worlds/l/mjc_swimmer.json,oracle,5,0.0,0.0
worlds/l/mjc_swimmer.json,oracle,6,0.0,0.0
worlds/l/mjc_swimmer.json,oracle,7,0.0,0.0
worlds/l/mjc_swimmer.json,phys0.1,1,0.6583739519119263,1.7386889095969071
worlds/l/mjc_swimmer.json,phys0.1,2,1.1233949661254883,1.3292154264659959
worlds/l/mjc_swimmer.json,phys0.1,3,1.6435866355895996,1.2338664628151448
worlds/l/mjc_swimmer.json,phys0.1,4,1.9060049057006836,1.041232980445144
worlds/l/mjc_swimmer.json,phys0.1,5,2.2767062187194824,0.99405794897275
worlds/l/mjc_swimmer.json,phys0.1,6,2.4987330436706543,0.9948112549370628
worlds/l/mjc_swimmer.json,phys0.1,7,2.8891329765319824,1.0434579916069753
worlds/l/mjc_swimmer.json,phys0.2,1,1.1904480457305908,3.143834607296218
worlds/l/mjc_swimmer.json,phys0.2,2,1.84885573387146,2.1875899722498287
worlds/l/mjc_swimmer.json,phys0.2,3,2.2480344772338867,1.687635010317567
worlds/l/mjc_swimmer.json,phys0.2,4,2.4920926094055176,1.3614073119516485
worlds/l/mjc_swimmer.json,phys0.2,5,2.7859432697296143,1.2164015848384166
worlds/l/mjc_swimmer.json,phys0.2,6,2.9007086753845215,1.1548483119777582
worlds/l/mjc_swimmer.json,phys0.2,7,3.281794548034668,1.1852741897915435
worlds/l/mjc_swimmer.json,phys0.3,1,1.6587090492248535,4.380457367367241
worlds/l/mjc_swimmer.json,phys0.3,2,2.2673559188842773,2.682764793814564
worlds/l/mjc_swimmer.json,phys0.3,3,2.645007371902466,1.985648836161618
worlds/l/mjc_swimmer.json,phys0.3,4,2.9169414043426514,1.5934983079757628
worlds/l/mjc_swimmer.json,phys0.3,5,3.293456792831421,1.4379926920715087
worlds/l/mjc_swimmer.json,phys0.3,6,3.3021650314331055,1.3146786317371153
worlds/l/mjc_swimmer.json,phys0.3,7,3.619382381439209,1.3071995997663006
worlds/l/mjc_walker.json,hold,1,4.209169387817383,17.340266430054943
worlds/l/mjc_walker.json,hold,2,6.050843238830566,10.608105673620425
worlds/l/mjc_walker.json,hold,3,7.1105852127075195,8.8984632643958
worlds/l/mjc_walker.json,hold,4,7.900957107543945,6.915970962076856
worlds/l/mjc_walker.json,hold,5,8.356182098388672,5.550205010841219
worlds/l/mjc_walker.json,hold,6,8.28328800201416,4.765750099621883
worlds/l/mjc_walker.json,hold,7,7.821719169616699,4.102999370792857
worlds/l/mjc_walker.json,learned,1,0.9197396039962769,3.7889969041703493
worlds/l/mjc_walker.json,learned,2,1.4611361026763916,2.56160762540738
worlds/l/mjc_walker.json,learned,3,1.712166428565979,2.1426717508283395
worlds/l/mjc_walker.json,learned,4,2.0194220542907715,1.7676673974495296
worlds/l/mjc_walker.json,learned,5,2.307309865951538,1.5325231820925738
worlds/l/mjc_walker.json,learned,6,2.550938606262207,1.4676703156967736
worlds/l/mjc_walker.json,learned,7,2.777475118637085,1.4569659709118952
worlds/l/mjc_walker.json,noise,1,0.24273960292339325,1.0
worlds/l/mjc_walker.json,noise,2,0.5703980922698975,1.0
worlds/l/mjc_walker.json,noise,3,0.7990801334381104,1.0
worlds/l/mjc_walker.json,noise,4,1.1424219608306885,1.0
worlds/l/mjc_walker.json,noise,5,1.5055627822875977,1.0
worlds/l/mjc_walker.json,noise,6,1.7380869388580322,1.0
worlds/l/mjc_walker.json,noise,7,1.906341791152954,1.0
worlds/l/mjc_walker.json,oracle,1,0.0,0.0
worlds/l/mjc_walker.json,oracle,2,0.0,0.0
worlds/l/mjc_walker.json,oracle,3,0.0,0.0
worlds/l/mjc_walker.json,oracle,4,0.0,0.0
worlds/l/mjc_walker.json,oracle,5,0.0,0.0
worlds/l/mjc_walker.json,oracle,6,0.0,0.0
worlds/l/mjc_walker.json,oracle,7,0.0,0.0
worlds/l/mjc_walker.json,phys0.1,1,0.5274088382720947,2.1727350293085093
worlds/l/mjc_walker.json,phys0.1,2,0.9987900257110596,1.751040263364798
worlds/l/mjc_walker.json,phys0.1,3,1.3184353113174438,1.64994129643139
worlds/l/mjc_walker.json,phys0.1,4,1.7828762531280518,1.5606109776038184
worlds/l/mjc_walker.json,phys0.1,5,2.043344497680664,1.3571964727873682
worlds/l/mjc_walker.json,phys0.1,6,2.335725784301758,1.3438486488117733
worlds/l/mjc_walker.json,phys0.1,7,2.6652801036834717,1.3981124035850425
worlds/l/mjc_walker.json,phys0.2,1,0.9712050557136536,4.001016084796672
worlds/l/mjc_walker.json,phys0.2,2,1.662858247756958,2.91525913268682
worlds/l/mjc_walker.json,phys0.2,3,2.174081802368164,2.7207306393840525
worlds/l/mjc_walker.json,phys0.2,4,2.581942319869995,2.2600601252383044
worlds/l/mjc_walker.json,phys0.2,5,2.8477461338043213,1.8914828177921412
worlds/l/mjc_walker.json,phys0.2,6,3.1092770099639893,1.7889076434846602
worlds/l/mjc_walker.json,phys0.2,7,3.514814853668213,1.8437485187493348
worlds/l/mjc_walker.json,phys0.3,1,1.3766282796859741,5.671214186341186
worlds/l/mjc_walker.json,phys0.3,2,2.2248942852020264,3.9005990997411413
worlds/l/mjc_walker.json,phys0.3,3,2.827967643737793,3.539028847545266
worlds/l/mjc_walker.json,phys0.3,4,3.0122525691986084,2.6367250214695725
worlds/l/mjc_walker.json,phys0.3,5,3.373579502105713,2.240743157173289
worlds/l/mjc_walker.json,phys0.3,6,3.881182909011841,2.2330200073661897
worlds/l/mjc_walker.json,phys0.3,7,4.286642074584961,2.248621991333675
worlds/l/h17_unicycle.json,hold,1,2.956855297088623,15.917829425401358
worlds/l/h17_unicycle.json,hold,2,2.97237491607666,12.910959921097092
worlds/l/h17_unicycle.json,hold,3,3.087739944458008,11.464221169393634
worlds/l/h17_unicycle.json,hold,4,3.3407177925109863,8.80670974911034
worlds/l/h17_unicycle.json,hold,5,3.4239180088043213,7.806531543177794
worlds/l/h17_unicycle.json,hold,6,3.843855142593384,6.879924024369896
worlds/l/h17_unicycle.json,hold,7,4.2736101150512695,8.21207478033911
worlds/l/h17_unicycle.json,learned,1,0.19980084896087646,1.0756007694867893
worlds/l/h17_unicycle.json,learned,2,0.40824243426322937,1.7732627463499055
worlds/l/h17_unicycle.json,learned,3,0.7444385290145874,2.7639659094216036
worlds/l/h17_unicycle.json,learned,4,0.9245549440383911,2.4372866985364454
worlds/l/h17_unicycle.json,learned,5,0.9461097717285156,2.157129860386649
worlds/l/h17_unicycle.json,learned,6,1.4064502716064453,2.517334981093573
worlds/l/h17_unicycle.json,learned,7,1.7080249786376953,3.282103063604246
worlds/l/h17_unicycle.json,noise,1,0.18575744330883026,1.0
worlds/l/h17_unicycle.json,noise,2,0.23022106289863586,1.0
worlds/l/h17_unicycle.json,noise,3,0.26933708786964417,1.0
worlds/l/h17_unicycle.json,noise,4,0.37933778762817383,1.0
worlds/l/h17_unicycle.json,noise,5,0.43859657645225525,1.0
worlds/l/h17_unicycle.json,noise,6,0.5587060451507568,1.0
worlds/l/h17_unicycle.json,noise,7,0.520405650138855,1.0
worlds/l/h17_unicycle.json,oracle,1,0.0,0.0
worlds/l/h17_unicycle.json,oracle,2,0.0,0.0
worlds/l/h17_unicycle.json,oracle,3,0.0,0.0
worlds/l/h17_unicycle.json,oracle,4,0.0,0.0
worlds/l/h17_unicycle.json,oracle,5,0.0,0.0
worlds/l/h17_unicycle.json,oracle,6,0.0,0.0
worlds/l/h17_unicycle.json,oracle,7,0.0,0.0
worlds/l/h17_unicycle.json,phys0.1,1,0.1070421040058136,0.5762466477741686
worlds/l/h17_unicycle.json,phys0.1,2,0.12564818561077118,0.5457718943209504
worlds/l/h17_unicycle.json,phys0.1,3,0.18292337656021118,0.6791614849891888
worlds/l/h17_unicycle.json,phys0.1,4,0.2630790174007416,0.693521779218608
worlds/l/h17_unicycle.json,phys0.1,5,0.24940618872642517,0.5686459998019958
worlds/l/h17_unicycle.json,phys0.1,6,0.2937043309211731,0.5256866888596529
worlds/l/h17_unicycle.json,phys0.1,7,0.31458568572998047,0.604500903566367
worlds/l/h17_unicycle.json,phys0.2,1,0.22262217104434967,1.1984562614496697
worlds/l/h17_unicycle.json,phys0.2,2,0.2602837085723877,1.1305816474619792
worlds/l/h17_unicycle.json,phys0.2,3,0.36675286293029785,1.3616871921768223
worlds/l/h17_unicycle.json,phys0.2,4,0.5771704316139221,1.5215210570576307
worlds/l/h17_unicycle.json,phys0.2,5,0.5411437749862671,1.2338075672261317
worlds/l/h17_unicycle.json,phys0.2,6,0.7441104650497437,1.3318460960073535
worlds/l/h17_unicycle.json,phys0.2,7,0.7325279712677002,1.4076095658689458
worlds/l/h17_unicycle.json,phys0.3,1,0.3196474313735962,1.72077858997105
worlds/l/h17_unicycle.json,phys0.3,2,0.40639251470565796,1.7652273410126194
worlds/l/h17_unicycle.json,phys0.3,3,0.6440280675888062,2.3911599872220637
worlds/l/h17_unicycle.json,phys0.3,4,0.7883889675140381,2.0783296397742888
worlds/l/h17_unicycle.json,phys0.3,5,0.7313249111175537,1.667420473349646
worlds/l/h17_unicycle.json,phys0.3,6,1.0152250528335571,1.8171005337155728
worlds/l/h17_unicycle.json,phys0.3,7,1.0274291038513184,1.9742850669995207
worlds/l/chain_lander.json,hold,1,1.7847635746002197,26.829267451316657
worlds/l/chain_lander.json,hold,2,3.0440750122070312,24.359003019530544
worlds/l/chain_lander.json,hold,3,4.496018409729004,31.228113165815437
worlds/l/chain_lander.json,hold,4,5.5283660888671875,23.566808490095017
worlds/l/chain_lander.json,hold,5,9.622751235961914,25.102697121888266
worlds/l/chain_lander.json,hold,6,9.667451858520508,16.350449566240556
worlds/l/chain_lander.json,hold,7,11.208318710327148,10.455169806369254
worlds/l/chain_lander.json,learned,1,0.755753219127655,11.36077939494658
worlds/l/chain_lander.json,learned,2,1.1596639156341553,9.279750567674842
worlds/l/chain_lander.json,learned,3,1.8312747478485107,12.719533118406506
worlds/l/chain_lander.json,learned,4,2.4157609939575195,10.29811987615753
worlds/l/chain_lander.json,learned,5,6.087035179138184,15.879138587843826
worlds/l/chain_lander.json,learned,6,5.980446815490723,10.11466056115738
worlds/l/chain_lander.json,learned,7,7.300086975097656,6.809553769700285
worlds/l/chain_lander.json,noise,1,0.0665230080485344,1.0
worlds/l/chain_lander.json,noise,2,0.12496714293956757,1.0
worlds/l/chain_lander.json,noise,3,0.1439734250307083,1.0
worlds/l/chain_lander.json,noise,4,0.23458272218704224,1.0
worlds/l/chain_lander.json,noise,5,0.3833353519439697,1.0
worlds/l/chain_lander.json,noise,6,0.5912652015686035,1.0
worlds/l/chain_lander.json,noise,7,1.0720360279083252,1.0
worlds/l/chain_lander.json,oracle,1,0.0,0.0
worlds/l/chain_lander.json,oracle,2,0.0,0.0
worlds/l/chain_lander.json,oracle,3,0.0,0.0
worlds/l/chain_lander.json,oracle,4,0.0,0.0
worlds/l/chain_lander.json,oracle,5,0.0,0.0
worlds/l/chain_lander.json,oracle,6,0.0,0.0
worlds/l/chain_lander.json,oracle,7,0.0,0.0
worlds/l/chain_lander.json,phys0.1,1,0.26088517904281616,3.9217285371773545
worlds/l/chain_lander.json,phys0.1,2,0.43990302085876465,3.520149460978682
worlds/l/chain_lander.json,phys0.1,3,0.5169128775596619,3.590335351467875
worlds/l/chain_lander.json,phys0.1,4,1.2751550674438477,5.435843934094666
worlds/l/chain_lander.json,phys0.1,5,1.6087183952331543,4.196634583987685
worlds/l/chain_lander.json,phys0.1,6,1.978304147720337,3.3458829345477685
worlds/l/chain_lander.json,phys0.1,7,3.4636268615722656,3.230886622654119
worlds/l/chain_lander.json,phys0.2,1,0.4582979381084442,6.889314713100098
worlds/l/chain_lander.json,phys0.2,2,0.7810155749320984,6.2497673913357135
worlds/l/chain_lander.json,phys0.2,3,1.1712582111358643,8.135238922641763
worlds/l/chain_lander.json,phys0.2,4,2.4545342922210693,10.463406125298395
worlds/l/chain_lander.json,phys0.2,5,2.9086556434631348,7.587757374092329
worlds/l/chain_lander.json,phys0.2,6,4.879459857940674,8.252574047983304
worlds/l/chain_lander.json,phys0.2,7,8.342140197753906,7.781585674905397
worlds/l/chain_lander.json,phys0.3,1,0.6176714897155762,9.285080573399965
worlds/l/chain_lander.json,phys0.3,2,1.2197694778442383,9.760721491681236
worlds/l/chain_lander.json,phys0.3,3,1.7653264999389648,12.261474640632017
worlds/l/chain_lander.json,phys0.3,4,3.4900355339050293,14.877632510046002
worlds/l/chain_lander.json,phys0.3,5,4.864706039428711,12.690470666894718
worlds/l/chain_lander.json,phys0.3,6,7.497078895568848,12.67972286493335
worlds/l/chain_lander.json,phys0.3,7,10.673653602600098,9.956431803346867
worlds/l/catcher_v3.json,hold,1,1.8423316478729248,11.958866002276539
worlds/l/catcher_v3.json,hold,2,2.8661763668060303,13.876140342574578
worlds/l/catcher_v3.json,hold,3,3.754396438598633,14.369917410124595
worlds/l/catcher_v3.json,hold,4,4.620960235595703,10.451169431358045
worlds/l/catcher_v3.json,hold,5,5.271317005157471,13.189960253245737
worlds/l/catcher_v3.json,hold,6,5.843032360076904,11.345649572352812
worlds/l/catcher_v3.json,hold,7,6.3189544677734375,12.400656396502978
worlds/l/catcher_v3.json,learned,1,0.5987696647644043,3.8867085605422216
worlds/l/catcher_v3.json,learned,2,0.8215746879577637,3.9775241342572847
worlds/l/catcher_v3.json,learned,3,1.0503926277160645,4.020368001978397
worlds/l/catcher_v3.json,learned,4,1.4729812145233154,3.3314236559765984
worlds/l/catcher_v3.json,learned,5,1.5793211460113525,3.9517985965592586
worlds/l/catcher_v3.json,learned,6,1.8204600811004639,3.5348601321713367
worlds/l/catcher_v3.json,learned,7,2.072082281112671,4.066365808521855
worlds/l/catcher_v3.json,noise,1,0.15405571460723877,1.0
worlds/l/catcher_v3.json,noise,2,0.20655429363250732,1.0
worlds/l/catcher_v3.json,noise,3,0.2612677812576294,1.0
worlds/l/catcher_v3.json,noise,4,0.4421476721763611,1.0
worlds/l/catcher_v3.json,noise,5,0.39964616298675537,1.0
worlds/l/catcher_v3.json,noise,6,0.5150020122528076,1.0
worlds/l/catcher_v3.json,noise,7,0.5095661282539368,1.0
worlds/l/catcher_v3.json,oracle,1,0.0,0.0
worlds/l/catcher_v3.json,oracle,2,0.0,0.0
worlds/l/catcher_v3.json,oracle,3,0.0,0.0
worlds/l/catcher_v3.json,oracle,4,0.0,0.0
worlds/l/catcher_v3.json,oracle,5,0.0,0.0
worlds/l/catcher_v3.json,oracle,6,0.0,0.0
worlds/l/catcher_v3.json,oracle,7,0.0,0.0
worlds/l/catcher_v3.json,phys0.1,1,0.1271112561225891,0.8250992600089916
worlds/l/catcher_v3.json,phys0.1,2,0.20186135172843933,0.9772798627346984
worlds/l/catcher_v3.json,phys0.1,3,0.2996436357498169,1.146883225736686
worlds/l/catcher_v3.json,phys0.1,4,0.4496389627456665,1.0169429605553082
worlds/l/catcher_v3.json,phys0.1,5,0.49566981196403503,1.2402716649639445
worlds/l/catcher_v3.json,phys0.1,6,0.5393832921981812,1.0473421061768688
worlds/l/catcher_v3.json,phys0.1,7,0.6687034368515015,1.3122996207437483
worlds/l/catcher_v3.json,phys0.2,1,0.2591893970966339,1.6824393548621734
worlds/l/catcher_v3.json,phys0.2,2,0.40855884552001953,1.97797314369514
worlds/l/catcher_v3.json,phys0.2,3,0.5909861326217651,2.261993919713388
worlds/l/catcher_v3.json,phys0.2,4,0.7838780283927917,1.7728873806670713
worlds/l/catcher_v3.json,phys0.2,5,0.9116885662078857,2.281239382844018
worlds/l/catcher_v3.json,phys0.2,6,1.0432661771774292,2.025751652141708
worlds/l/catcher_v3.json,phys0.2,7,1.1964383125305176,2.347954948713321
worlds/l/catcher_v3.json,phys0.3,1,0.4090936779975891,2.655491742325582
worlds/l/catcher_v3.json,phys0.3,2,0.6418007612228394,3.1071770522703543
worlds/l/catcher_v3.json,phys0.3,3,0.8977268934249878,3.4360413255079565
worlds/l/catcher_v3.json,phys0.3,4,1.14402174949646,2.5874200442248165
worlds/l/catcher_v3.json,phys0.3,5,1.33482027053833,3.340005220024012
worlds/l/catcher_v3.json,phys0.3,6,1.5068076848983765,2.92582873279863
worlds/l/catcher_v3.json,phys0.3,7,1.7655411958694458,3.464793081752105
worlds/l/trampoline.json,hold,1,1.1821409463882446,11.206681279363684
worlds/l/trampoline.json,hold,2,1.8866983652114868,13.882193509255623
worlds/l/trampoline.json,hold,3,3.1364033222198486,18.33164971332474
worlds/l/trampoline.json,hold,4,2.941502332687378,17.061882584519687
worlds/l/trampoline.json,hold,5,3.3825371265411377,19.296830245561313
worlds/l/trampoline.json,hold,6,3.80263352394104,22.000239666783855
worlds/l/trampoline.json,hold,7,4.3096442222595215,16.71674264135274
worlds/l/trampoline.json,learned,1,0.2641749978065491,2.5043756511774573
worlds/l/trampoline.json,learned,2,0.48897653818130493,3.5978548822020615
worlds/l/trampoline.json,learned,3,1.0772911310195923,6.29655105681536
worlds/l/trampoline.json,learned,4,0.7793611288070679,4.520604292193895
worlds/l/trampoline.json,learned,5,0.7023521661758423,4.006806138786269
worlds/l/trampoline.json,learned,6,0.8017042875289917,4.6382819581431445
worlds/l/trampoline.json,learned,7,0.8825147747993469,3.423199597617193
worlds/l/trampoline.json,noise,1,0.10548537224531174,1.0
worlds/l/trampoline.json,noise,2,0.13590779900550842,1.0
worlds/l/trampoline.json,noise,3,0.17109225690364838,1.0
worlds/l/trampoline.json,noise,4,0.17240197956562042,1.0
worlds/l/trampoline.json,noise,5,0.17528977990150452,1.0
worlds/l/trampoline.json,noise,6,0.17284509539604187,1.0
worlds/l/trampoline.json,noise,7,0.2578040659427643,1.0
worlds/l/trampoline.json,oracle,1,0.0,0.0
worlds/l/trampoline.json,oracle,2,0.0,0.0
worlds/l/trampoline.json,oracle,3,0.0,0.0
worlds/l/trampoline.json,oracle,4,0.0,0.0
worlds/l/trampoline.json,oracle,5,0.0,0.0
worlds/l/trampoline.json,oracle,6,0.0,0.0
worlds/l/trampoline.json,oracle,7,0.0,0.0
worlds/l/trampoline.json,phys0.1,1,0.1254119873046875,1.1889040597310059
worlds/l/trampoline.json,phys0.1,2,0.14321757853031158,1.05378484221135
worlds/l/trampoline.json,phys0.1,3,0.15982437133789062,0.9341414639699135
worlds/l/trampoline.json,phys0.1,4,0.1797042191028595,1.0423558914789588
worlds/l/trampoline.json,phys0.1,5,0.2057843655347824,1.1739667061617216
worlds/l/trampoline.json,phys0.1,6,0.18520766496658325,1.071523982455012
worlds/l/trampoline.json,phys0.1,7,0.20052558183670044,0.7778216418092476
worlds/l/trampoline.json,phys0.2,1,0.24197331070899963,2.2939039371855094
worlds/l/trampoline.json,phys0.2,2,0.2780952453613281,2.0462052023229127
worlds/l/trampoline.json,phys0.2,3,0.3160906136035919,1.847486375620144
worlds/l/trampoline.json,phys0.2,4,0.35756897926330566,2.07404219002721
worlds/l/trampoline.json,phys0.2,5,0.39433753490448,2.249632209738974
worlds/l/trampoline.json,phys0.2,6,0.35574275255203247,2.058159369445313
worlds/l/trampoline.json,phys0.2,7,0.38592901825904846,1.4969857703669014
worlds/l/trampoline.json,phys0.3,1,0.3584486246109009,3.3980884456406892
worlds/l/trampoline.json,phys0.3,2,0.41640836000442505,3.0639033451461293
worlds/l/trampoline.json,phys0.3,3,0.48164263367652893,2.81510480014165
worlds/l/trampoline.json,phys0.3,4,0.5863260626792908,3.4009241898299707
worlds/l/trampoline.json,phys0.3,5,0.5848886966705322,3.336695938572013
worlds/l/trampoline.json,phys0.3,6,0.54459547996521,3.1507719598139152
worlds/l/trampoline.json,phys0.3,7,0.6256921887397766,2.4270066744358023
worlds/l/car_launch.json,hold,1,50.55202865600586,10.929751421126719
worlds/l/car_launch.json,hold,2,174.2357940673828,12.176425518982482
worlds/l/car_launch.json,hold,3,662.447021484375,9.80841364841683
worlds/l/car_launch.json,hold,4,1349.5787353515625,11.069822203339884
worlds/l/car_launch.json,hold,5,2239.224609375,11.516342238949125
worlds/l/car_launch.json,hold,6,3180.9384765625,11.336509451569272
worlds/l/car_launch.json,hold,7,4322.3447265625,9.503730645239646
worlds/l/car_launch.json,learned,1,48.606285095214844,10.509066158554628
worlds/l/car_launch.json,learned,2,171.72222900390625,12.000765644119443
worlds/l/car_launch.json,learned,3,659.2401733398438,9.760931975031477
worlds/l/car_launch.json,learned,4,1346.173828125,11.04189369748128
worlds/l/car_launch.json,learned,5,2235.58056640625,11.49760090956847
worlds/l/car_launch.json,learned,6,3177.112548828125,11.322874272441686
worlds/l/car_launch.json,learned,7,4318.7080078125,9.495734430772972
worlds/l/car_launch.json,noise,1,4.625176429748535,1.0
worlds/l/car_launch.json,noise,2,14.309272766113281,1.0
worlds/l/car_launch.json,noise,3,67.53865051269531,1.0
worlds/l/car_launch.json,noise,4,121.91512298583984,1.0
worlds/l/car_launch.json,noise,5,194.43887329101562,1.0
worlds/l/car_launch.json,noise,6,280.5924072265625,1.0
worlds/l/car_launch.json,noise,7,454.8050537109375,1.0
worlds/l/car_launch.json,oracle,1,0.0,0.0
worlds/l/car_launch.json,oracle,2,0.0,0.0
worlds/l/car_launch.json,oracle,3,0.0,0.0
worlds/l/car_launch.json,oracle,4,0.0,0.0
worlds/l/car_launch.json,oracle,5,0.0,0.0
worlds/l/car_launch.json,oracle,6,0.0,0.0
worlds/l/car_launch.json,oracle,7,0.0,0.0
worlds/l/car_launch.json,phys0.1,1,5.583081245422363,1.2071066542484106
worlds/l/car_launch.json,phys0.1,2,20.18316078186035,1.4104952160571993
worlds/l/car_launch.json,phys0.1,3,113.54264831542969,1.6811506811805035
worlds/l/car_launch.json,phys0.1,4,186.2620849609375,1.5278013129066146
worlds/l/car_launch.json,phys0.1,5,273.4557189941406,1.4063839929007453
worlds/l/car_launch.json,phys0.1,6,353.59930419921875,1.2601884266729546
worlds/l/car_launch.json,phys0.1,7,531.314697265625,1.1682251393875562
worlds/l/car_launch.json,phys0.2,1,13.111753463745117,2.8348655803510585
worlds/l/car_launch.json,phys0.2,2,43.55794143676758,3.044036000202608
worlds/l/car_launch.json,phys0.2,3,162.19512939453125,2.401515697504842
worlds/l/car_launch.json,phys0.2,4,308.3209533691406,2.5289803743621815
worlds/l/car_launch.json,phys0.2,5,422.4608154296875,2.1727178741536557
worlds/l/car_launch.json,phys0.2,6,541.7386474609375,1.9306960327815077
worlds/l/car_launch.json,phys0.2,7,800.2027587890625,1.7594412204963117
worlds/l/car_launch.json,phys0.3,1,31.153881072998047,6.735717338828487
worlds/l/car_launch.json,phys0.3,2,90.15107727050781,6.300185812657121
worlds/l/car_launch.json,phys0.3,3,217.07583618164062,3.214097920728171
worlds/l/car_launch.json,phys0.3,4,399.495849609375,3.276835882417766
worlds/l/car_launch.json,phys0.3,5,527.48876953125,2.712877114555999
worlds/l/car_launch.json,phys0.3,6,696.0765380859375,2.4807390369757765
worlds/l/car_launch.json,phys0.3,7,1043.4083251953125,2.2941880629551585
